tree
version=v4
num_class=1
num_tree_per_iteration=1
label_index=0
max_feature_idx=14
objective=binary sigmoid:1
feature_names=step type amount oldbalanceOrg oldbalanceDest log_amount destination_txn_count_before destination_amount_sum_before destination_amount_mean_before destination_time_since_last destination_txn_count_prev_1 destination_txn_count_prev_5 destination_txn_count_prev_24 destination_amount_sum_prev_5 destination_amount_sum_prev_24
feature_infos=[1:323] -1:1:3:0:4 [0.029999999999999999:63847992.579999998] [0:38563401.409999996] [0:192144001.97] [0.029558802241544401:17.972015715986668] [0:104] [0:182012240.49000001] [0:22162723.024285711] [-1:313] [0:32] [0:43] [0:91] [0:57194917.979999997] [0:156236143.35000002]
tree_sizes=3470 3502 3449 3499 3522 3508 3563 3534 3505 3609 3555 3577 3611 3518 3475 3506 3576 3528 3558 3545 3553 3515 3505 3509 3539 3552 3558 3522 3491 3516 3552 3543 3547 3506 3495 3487 3460 3466 3487 3475 3454 3508 3521 3469 3449 3491 3461 3484 3458 3487 3476 3466 3531 3506 3458 3507 3489 3472 3477 3503 3486 3480 3501 3512 3471 3443 3489 3516 3501 3550 3491 3479 3503 3504 3460 3399 3490 3442 3438 3455 3429 3469 3464 3448 3469 3452 3498 3489 3465 3507 3453 3478 3490 3475 3470 3449 3458 3507 3439 3519 3475 3486 3459 3479 3454 3513 3480 3459 3452 3421 3486 3450 3531 3473 3471 3501 3482 3471 3496 3459 3457 3434 3518 3451 3451 3481 3495 3483 3477 3491 3463 3416 3475 3480 3450 3510 3482 3471 3472 3504 3497 3461 3445 3446 3478 3508 3500 3491 3463 3477 3480 3451 3472 3483 3470 3477 3482 3536 3431 3509 3451 3524 3496 3512 3504 3479 3468 3475 3515 3472 3520 3462 3468 3493 3486 3479 3473 3467 3461 3504 3505 3462 3466 3473 3478 3478 3442 3469 3444 3477 3452 3424 3424 3454 3440 3471 3508 3469 3487 3462 3478 3476 3464 3481 3475 3459 3440 3443 3452 3478 3457 3521 3452 3476 3485 3477 3465 3473 3458 3468 3484 3452 3453 3467 3486 3480 3479 3428 3456 3437 3490 3453 3453 3483 3474 3524 3491 3468 3443 3485 3472 3477 3480 3470 3480 3459 3490 3447 3496 3431 3455 3446 3453 3422 3467 3443 3467 3470 3451

Tree=0
num_leaves=31
num_cat=1
split_feature=1 3 2 3 3 2 2 2 13 2 13 3 2 2 8 0 7 4 3 4 11 13 0 0 7 12 8 7 8 10
split_gain=8.52251e+08 5.88026e+08 1.92791e+08 5.42017e+07 4.12996e+07 1.11888e+08 5.67889e+07 2.01993e+07 4.22182e+06 3.16536e+06 2.16863e+06 2.04181e+06 8.48458e+06 5.57039e+06 1.80375e+06 1.67487e+06 1.11811e+06 1.10086e+06 1.34096e+07 975424 807997 806486 940309 1.05231e+06 803586 691517 649249 569162 544082 418332
threshold=0 31471.275000000005 32183.350000000002 100.26000000000001 125479.34000000001 125469.93000000001 125469.93000000001 31213.930000000004 22135.54500000006 1.0000000180025095e-35 8.2218321040272723e-10 309164.30000000005 313174.37000000005 308411.78000000009 31258.400000000005 1.5000000000000002 469205.93500000006 44603.125000000007 1.0000000180025095e-35 1.0000000180025095e-35 5.5000000000000009 1285323.02 130.50000000000003 139.50000000000003 97983.960000000006 28.500000000000004 129938.46500000001 8819061.0100000035 486400.04218750005 2.5000000000000004
decision_type=9 2 2 2 2 2 2 2 2 2 2 2 2 2 2 2 2 2 2 2 2 2 2 2 2 2 2 2 2 2
left_child=1 2 3 9 5 7 -6 -3 19 -1 -8 13 -13 29 -5 -4 24 18 -17 -9 26 22 -16 -24 -10 -7 -18 -21 -28 -12
right_child=-2 4 15 14 6 25 10 8 16 -11 11 12 -14 -15 21 17 20 -19 -20 27 -22 -23 23 -25 -26 -27 28 -29 -30 -31
leaf_value=38.81678559562954 -7.1597881863592239 -7.1570997070925886 29.868537659614098 50.781242340234897 -5.7767901996591942 -7.1596729807528483 52.701381904339179 51.604424363434816 25.41843269769015 -7.1592143358069666 41.691722612619728 -7.1526431571745235 51.846996239627941 -7.1529805235989308 47.436820890843684 44.081991587183879 -7.1303951085222748 -6.5171379326212193 -7.1596571777688256 44.653730528643109 -7.1340779762166351 -7.1309855308554955 -7.1380985845788469 35.289115204194438 -7.1486875949891315 21.559854317682074 37.772686938155182 -7.1241903769615487 -7.1274757099658519 -7.1219549547027805
leaf_weight=2.9951049685478202 1639.0459816476796 17.194683331181295 2.3074397213058537 183.88060497585684 43.282528882729821 120.81701327394694 2014.4840229388792 329.20609006402083 2.7592231960734344 59.452748094685376 50.374886563280597 6.3567728985799468 145.27064290305134 6.7041731878416604 47.211179475532845 13.335770298494024 0.85137535678222676 760.67207893740851 116.70040139555931 165.57724995212629 1.1131488141836587 0.88888806407339771 1.4988773043733079 55.239713377319276 3.8124327518744394 1.1329247729154293 37.145741819753312 0.53170185117050905 0.6858301485190158 0.4419975511264046
leaf_count=3 2009882 21085 383 11415 51852 148152 59237 15919 937 72904 11619 7795 5660 8221 5293 1674 1044 922989 143104 30561 1365 1090 1838 20031 4675 166 11299 652 841 542
internal_value=23.5408 35.4405 6.70288 38.0323 47.7055 36.741 50.9778 46.194 47.8845 -4.26511 52.0814 45.8535 49.3894 35.7263 47.1395 -5.65375 31.6093 -5.78715 -1.55408 49.3269 34.8536 40.2656 40.6672 34.1871 9.01468 -6.66189 36.0321 44.4889 36.9791 41.275
internal_weight=5830.97 4191.93 1244.18 351.167 2947.74 680.827 2266.92 558.877 541.683 62.4479 2223.63 209.148 151.627 57.5211 288.719 893.016 46.3678 890.708 130.036 495.315 39.7961 104.839 103.95 56.7386 6.57166 121.95 38.6829 166.109 37.8316 50.8169
internal_count=3572228 1562346 1180724 112574 381622 236696 144926 88378 67293 72907 93074 33837 13455 20382 39667 1068150 20161 1067767 144778 47132 14549 28252 27162 21869 5612 148318 13184 31213 12140 12161
cat_boundaries=0 1
cat_threshold=18
is_linear=0
shrinkage=1


Tree=1
num_leaves=31
num_cat=2
split_feature=3 1 2 13 2 1 3 0 13 0 13 7 2 8 3 2 4 3 2 2 7 6 8 8 11 3 8 10 7 3
split_gain=7.91715e+06 3.57522e+07 1.08567e+07 9.36604e+06 1.66086e+06 1.68451e+07 3.75211e+08 3.02276e+08 8.15857e+07 1.30535e+07 2.41388e+07 1.19476e+06 1.01502e+06 908969 782383 2.65119e+06 686854 679554 1.35615e+09 1.24807e+09 5.13623e+08 3.73238e+07 662579 338485 260975 340446 580245 200430 173384 136643
threshold=31471.275000000005 0 31213.930000000004 8.2218321040272723e-10 32183.350000000002 1 100.26000000000001 139.50000000000003 1319970.1850000003 130.50000000000003 1319970.1850000003 469205.93500000006 82029.125000000015 486400.04218750005 125479.34000000001 125469.93000000001 393216.74000000005 125479.34000000001 125469.93000000001 123547.48500000002 9199944.9350000005 27.500000000000004 501255.36000000004 59245.360000000008 5.5000000000000009 134403.82000000004 129938.46500000001 1.5000000000000002 111746.78500000002 125479.34000000001
decision_type=2 9 2 2 2 9 2 2 2 2 2 2 2 2 2 2 2 2 2 2 2 2 2 2 2 2 2 2 2 2
left_child=4 2 -2 17 5 6 -1 9 -9 10 -8 12 16 24 -14 -16 29 18 20 -19 21 -4 27 -11 25 26 -13 -15 -18 -5
right_child=1 -3 3 11 -6 -7 7 8 -10 23 -12 13 14 22 15 -17 28 19 -20 -21 -22 -23 -24 -25 -26 -27 -28 -29 -30 -31
leaf_value=-0.049081043992492496 -0.049128723723084175 -0.049350983075158256 -2175.12225349357 -13.877753730349571 0.14707311971210887 -0.049118449906374567 -383.90849855255624 -1372.2734929411436 -0.00095828257586815999 -37.385641686056758 -0.017286902237227932 -1.8342896862226674 -2.692382656089999 -3.0249816017032862 -0.041661565532971914 -54.094427260778367 20.42986554355431 -0.049444146301291174 -0.049975771615263967 -1126.6678308534804 -0.33336788684075658 -17.354925234191626 -7.7336225758786306 -0.027271389578948219 -8.9082448201118023 -15.118021806866942 -27.116530347546799 29.482343909962751 -0.32347264225883632 -0.041547271583675584
leaf_weight=56.461637691884945 54.591568582399702 796.44949141144753 0.020906315767347215 1.6681893725745389 1654.3259667247278 592.45522437337502 0.028751486912369173 0.0055905669316306241 0.12139516696333885 0.061854053288698085 0.68045185692608356 2.6962139595998478 11.65730899982011 0.39329638491862162 5.4938837476074687 2.8661731240572488 4.8847742670110437 76.597180747892708 78.863576141735649 1.5397656243294466 0.3940036433050409 0.036988097126595822 5.2074153765490561 1.417380459140986 9.2385754491437009 31.227123835822578 21.243188395200431 1.0505475533427668 1.1762513909488914 5.4076568726450205
leaf_count=72720 33410 1026336 44856 2865 1287983 763461 8079 27733 152 878 852 3490 15668 459 1784 7901 96 24873 101616 59678 499 409 5696 1787 9958 26826 38541 84 699 1756
internal_value=-2.3678 -5.82956 -19.7172 -24.5555 -0.695288 -2.83209 -26.0478 -547.354 -1224.46 -136.353 -231.09 -12.7499 -4.72213 -16.378 -11.5855 -22.3732 5.81539 -32.2392 -27.9282 -36.207 -1542.17 -2116.09 1.07491 -16.0408 -18.1694 -19.534 -24.457 23.011 16.9262 -4.61867
internal_weight=3418.26 1112.7 316.255 261.663 2305.56 651.232 58.7771 2.31542 0.126986 2.18844 0.709203 104.211 33.1542 71.0564 20.0174 8.36006 13.1369 157.452 79.3155 78.1369 0.451898 0.0578944 6.65126 1.47923 64.4051 55.1665 23.9394 1.44384 6.06103 7.07585
internal_count=3571145 1407500 381164 347754 2163645 875662 112201 39481 27885 11596 8931 115823 30769 85054 25353 9685 5416 231931 147380 84551 45764 45265 6239 2665 78815 68857 42031 543 795 4621
cat_boundaries=0 1 2
cat_threshold=18 18
is_linear=0
shrinkage=0.05


Tree=2
num_leaves=31
num_cat=2
split_feature=1 4 3 7 6 3 2 2 7 3 2 13 2 3 3 2 3 3 3 1 3 2 3 3 2 4 2 3 3 14
split_gain=5.75514e+09 7.76587e+10 1.0858e+11 7.77856e+10 4.76857e+10 1.93058e+11 2.7672e+11 7.44891e+10 1.80891e+10 5.54048e+09 5.0683e+09 6.1189e+08 1.91969e+11 4.84156e+10 8.27264e+09 2.37069e+09 5.73528e+09 1.74329e+09 1.64871e+09 4.05502e+08 2.62943e+09 4.74759e+09 1.23743e+11 3.33813e+09 1.73285e+10 2.03403e+09 4.25179e+08 2.23814e+09 7.70077e+09 2.63211e+08
threshold=0 1.0000000180025095e-35 1091834.8400000001 171555.40000000005 1.0000000180025095e-35 121858.00000000001 123547.48500000002 121498.39000000001 97983.960000000006 1161.5000000000002 1104257.6900000002 1.4042598195374014e-09 946715.66500000015 45851.000000000007 10362718.740000002 675815.54500000004 638511.03500000015 1781533.2550000001 892689.65000000014 1 55428.500000000007 123547.48500000002 121858.00000000001 125479.34000000001 54538.475000000013 4184626.8900000006 32183.350000000002 100.26000000000001 31471.275000000005 4019877.0850000004
decision_type=9 2 2 2 2 2 2 2 2 2 2 2 2 2 2 2 2 2 2 9 2 2 2 2 2 2 2 2 2 2
left_child=1 2 4 8 5 7 -7 9 -4 -1 -8 12 15 -14 18 19 -17 -18 -15 20 26 23 -23 24 -22 -26 27 -2 -29 -24
right_child=11 -3 3 -5 -6 6 10 -9 -10 -11 -12 -13 13 14 -16 16 17 -19 -20 -21 21 22 29 -25 25 -27 -28 28 -30 -31
leaf_value=620.45702731096299 -0.04826844045627933 -0.12051151301042376 23760.936951094678 -0.048878904929993083 -0.52145248526781363 87.741610731868235 36501.4702931293 8.455258406856375 0 10765.501057119407 0 0.71657592267866699 -0.0064715615086221191 0 0 -0.13584473216063336 4827.9963467559892 -0.0051740603948487486 24986.382591465677 -0.049609937627261846 -0.45236635542246939 -0.05150821152035337 13294.752181630929 -0.049539356318051397 7559.7283483913452 -2.5070697848733006 4.2989227821418181 4069.6057310794104 21.409051434794751 -0.24428271805627222
leaf_weight=0.28186739342461642 30.119278689818021 394.48483483306376 0.092301105149088958 0.60799377665714649 18.294613931130719 1.092254519695415 0.034701253345701732 12.840789144917295 0.086437419056892395 1.0127280884374839 0.0095982190105132759 5123.8818672001089 0.26302952377409283 0.0066456724307499826 0.034718915412668139 3.0213993539205144 0.06500562885776151 0.22678100067423657 0.004432201967574656 1286.6781727576097 5.3255718884770076 29.561291469404697 0.86457944580774404 89.686028036388066 0.0034880553060835087 0.096836078204036308 826.97065108301831 0.57047925093195395 4.7048123712201662 0.0036926517798615546
leaf_count=407 40741 260730 444 12 12658 385 2420 15307 3 2490 584 771960 157 10 47 2597 187 308 417 1704866 12696 40547 45548 30635 15868 759 574985 25999 6559 162
internal_value=20.7751 196.5 2446.05 14526 1750.88 3720.03 17763 1491.9 22018.5 9789.69 36166 10.29 31.8569 19175.3 23998.1 20.8484 1191.99 3980.4 24822.2 18.6195 42.481 255.752 788.662 78.8245 1179.68 6891.92 11.6651 178.924 1037.94 13268.3
internal_weight=7830.93 428.838 34.3533 0.786732 33.5666 15.2719 1.13655 14.1354 0.178739 1.2946 0.0442995 7402.09 2278.21 0.308826 0.0457968 2277.9 3.31319 0.291787 0.0110779 2274.58 987.907 125.541 30.4296 95.1119 5.4259 0.100324 862.365 35.3946 5.27529 0.868272
internal_count=3570488 295440 34710 459 34251 21593 3389 18204 447 2897 3004 3275048 2503088 631 474 2502457 3092 495 427 2499365 794499 146215 86257 59958 29323 16627 648284 73299 32558 45710
cat_boundaries=0 1 2
cat_threshold=16 2
is_linear=0
shrinkage=0.05


Tree=3
num_leaves=31
num_cat=0
split_feature=0 2 2 3 3 5 12 3 7 0 2 3 2 3 3 2 9 4 2 0 0 2 3 13 3 0 7 11 3 2
split_gain=6.41285e+06 1.84351e+07 2.55954e+07 1.34629e+07 1.98262e+07 991254 5.74523e+06 3.9673e+06 1.42132e+06 1.15013e+06 1.48358e+06 1.43694e+06 593466 6.97629e+06 4.55087e+07 3.90382e+08 2.14044e+08 6.11478e+08 1.9802e+08 2.51247e+07 3.03216e+07 5.3582e+06 7.90523e+07 2.98327e+07 8.28175e+06 6.40796e+06 4.80836e+06 4.23662e+06 9.65072e+06 2.79223e+07
threshold=6.5000000000000009 35414.430000000008 10310.120000000001 10461.500000000002 35842.500000000007 6.2372693740843088 3.5000000000000004 494.16500000000002 1827637.4299999999 281.50000000000006 339.10500000000008 494.16500000000002 56181.265000000007 31471.275000000005 49116.785000000011 31213.930000000004 6.5000000000000009 1470291.3550000002 48479.575000000004 119.50000000000001 43.500000000000007 49926.545000000006 55428.500000000007 7.2986949817277504e-11 50374.500000000007 281.50000000000006 232657.74000000002 1.5000000000000002 1161.5000000000002 27602.890000000003
decision_type=2 2 2 2 2 2 2 2 2 2 2 2 2 2 2 2 2 2 2 2 2 2 2 2 2 2 2 2 2 2
left_child=1 2 -1 -4 -5 6 9 8 -8 -2 -11 -12 13 27 15 -15 19 18 -18 20 -17 -16 23 24 -23 -26 -22 -7 -29 -30
right_child=5 -3 3 4 -6 12 7 -9 -10 10 11 -13 -14 14 21 16 17 -19 -20 -21 26 22 -24 -25 25 -27 -28 28 29 -31
leaf_value=-0.082238402478785569 -0.76707343382930859 -2.053941939193169 -0.36922898254180236 427.65042239300988 -0.15712498569831782 -0.24577965975671937 163.36750249181429 -0.30384493602028362 -0.0022219468261140711 -0.91618500449866114 85.562675546603572 -0.48380464175870164 -0.080162730423972164 -4.2470165048169326 -0.44647948304711926 24.219953335740101 1624.5911154508349 -0.63939864342180464 -0.004904498069822745 33.554302398601507 471.21617345725474 -0.27535820022506174 -2.1929935096641522 -5.8076536865164954 527.12302193989228 -0.045287061971339887 -2.1945654646208892 1.8571527628917945 130.75830266054402 -0.0460295732487363
leaf_weight=1.9491560145226197 26.467298263472408 9.735852894354414 0.39598425326424669 0.14424750511744833 0.35380154844187928 5346.3948423545353 0.12370182620361336 0.75335858716118764 0.15092657058266923 2.2846271541433785 0.42934466246515535 0.71743548852327876 55690.419141758808 46.866519081292616 422.88197758869461 0.8876025116037034 0.356419966032263 1.5415889897719142 0.21765308768954128 3.4187132863323475 0.038362552524684457 0.087171747116391085 20.90692581659189 0.41443865139944702 0.16028353502042592 0.060457824612986544 0.046805153593558857 62.398958065110264 5.0833856313049663 12.385607733915093
leaf_count=2668 36519 2030 410 241 386 957449 100 534 110 3156 607 973 1938409 67234 491094 1750 1800 608 777 6204 120 295 19989 445 560 142 103 25612 5782 5052
internal_value=-0.0174174 34.3394 127.07 257.968 326.505 -0.0249851 8.78293 90.2526 144.018 3.15139 26.7293 56.579 -0.0295487 0.446185 6.10445 49.2827 384.031 706.748 1399.95 126.308 270.033 0.820919 24.5252 350.123 467.351 500.974 448.77 -0.0740147 11.2848 43.036
internal_weight=61658.1 12.579 2.84319 0.894033 0.498049 61645.5 30.9267 1.02799 0.274628 29.8987 3.43141 1.14678 61614.6 5924.15 497.885 53.3737 6.50715 2.11566 0.574073 4.39148 0.97277 444.511 21.6293 0.722352 0.307913 0.220741 0.0851677 5426.26 79.868 17.469
internal_count=3571159 5735 3705 1037 627 3565424 41999 744 210 41255 4736 1580 3523425 1585016 591121 78596 11362 3185 2577 8177 1973 512525 21431 1442 997 702 223 993895 36446 10834
is_linear=0
shrinkage=0.05


Tree=4
num_leaves=31
num_cat=1
split_feature=5 3 3 2 3 3 13 2 4 2 14 2 13 3 0 13 3 2 0 13 2 11 0 0 0 2 2 1 3 3
split_gain=3.50782e+06 6.58634e+06 4.50329e+07 620418 1.2236e+07 4.93986e+08 7.65135e+08 1.0353e+09 8.79947e+08 4.67033e+08 8.28921e+06 8.07188e+06 3.26743e+07 8.3525e+07 1.15979e+07 1.19948e+06 1.28317e+07 4.60506e+07 7.29871e+07 3.28254e+07 9.254e+06 3.95587e+06 3.25841e+06 3.39238e+06 4.26723e+06 2.46794e+06 1.40614e+06 1.76628e+07 5.29956e+08 8.13202e+07
threshold=6.2372693740843088 494.16500000000002 142.50000000000003 54538.475000000013 31471.275000000005 49116.785000000011 5.8662408264353884e-11 31213.930000000004 2539241.6750000003 48479.575000000004 763455.43000000005 48479.575000000004 1.0000000180025095e-35 55428.500000000007 281.50000000000006 3354.1400000000008 1877.0800000000002 32183.350000000002 40.500000000000007 1285323.02 1868.4450000000004 5.5000000000000009 158.50000000000003 226.50000000000003 212.50000000000003 31213.930000000004 32183.350000000002 0 53.045000000000009 100.26000000000001
decision_type=2 2 2 2 2 2 2 2 2 2 2 2 2 2 2 2 2 2 2 2 2 2 2 2 2 2 2 9 2 2
left_child=1 2 -1 4 15 6 7 -6 9 10 -9 -7 13 14 -13 26 -17 18 19 20 -18 25 -20 24 -24 -22 27 28 -2 -30
right_child=3 -3 -4 -5 5 11 -8 8 -10 -11 -12 12 -14 -15 -16 16 17 -19 22 -21 21 -23 23 -25 -26 -27 -28 -29 29 -31
leaf_value=-5.6637411053103239 -0.047668856202163455 -2.2177031028148835 323.98359310527354 -0.067488706214706401 -98.068894675378147 -0.88629212725264761 -26.763723661373206 3004.2724086694652 -1.0922219798390467 -26.3262542754461 -0.54404445768687515 562.56445830964765 -2.3440881518052761 -0.76009550030319106 -0.045488179884231421 0.071975463915135693 -5.4339104408147438 -0.047752630512134298 -15.182636434389188 -38.770044413907563 506.27019270652454 -4.1998480417786102 19.096058619878111 -3.6551231055274545 170.75053479597307 0 -0.064888437673532154 -0.12059752675955748 -0.0020660680556954776 -1257.5256513999461
leaf_weight=4.7884909472001018 22.325925318607919 9.4235724764383786 0.31061294676646856 53729.408967878553 0.9274595512224878 268.58753911165411 3.2746871265911062 0.01192816866609514 0.43487325131096877 0.1263022364467461 0.0019341925037044136 0.073595198919056748 12.411309441601876 2.372902993842561 0.099950716481544077 399.99033408105151 0.07635606487747526 22.185580671313801 1.8874752542192252 0.21371285547502339 0.74007029947824776 0.022929419414140284 1.3507416531210767 1.2870444253785533 0.0722012718906625 0.024404661962762475 3598.4850878277571 401.98997240356584 0.14732629182981227 0.0098764132708311081
leaf_count=14765 40263 26541 1026 1955111 63853 487603 5906 6352 270 1524 72 713 9244 10943 211 57600 255 9475 3738 1117 3310 223 3547 2998 137 88 105464 732656 265 25608
internal_value=-0.0128038 23.7527 64.2435 -0.0191131 0.529238 10.493 468.202 1126.59 1910 2639.88 2998 1.16313 35.7131 169.562 514.604 -0.118422 2.39536 34.5935 149.739 396.505 467.222 490.456 31.4008 59.1941 94.0896 499.267 -0.386299 -3.1045 -37.9615 -1097.43
internal_weight=58483.1 14.5227 5.0991 58468.5 4739.13 288.322 4.77718 1.5025 0.575038 0.140165 0.0138624 283.545 14.9578 2.54645 0.173546 4450.81 427.851 27.8605 5.67494 1.07747 0.86376 0.787404 4.59746 2.70999 1.42294 0.764475 4022.96 424.473 22.4831 0.157203
internal_count=3570878 42332 15791 3528546 1573435 586691 77977 72071 8218 7948 6424 508714 21111 11867 924 986744 82488 24888 15413 4993 3876 3621 10420 6682 3684 3398 904256 798792 66136 25873
cat_boundaries=0 1
cat_threshold=2
is_linear=0
shrinkage=0.05


Tree=5
num_leaves=31
num_cat=2
split_feature=2 9 3 3 2 3 9 3 3 0 3 1 3 9 14 3 10 2 2 3 2 3 0 2 11 3 1 2 14 2
split_gain=1.14526e+06 7.58692e+06 9.3786e+06 2.73002e+07 3.21008e+06 2.61699e+06 452859 1.3816e+06 5.80018e+06 2.35001e+06 555486 3.67094e+06 8.89653e+06 8.64143e+06 5.54112e+06 2.26807e+07 1.47066e+06 942700 691958 576656 392068 379553 1.03513e+06 296331 288901 9.71513e+06 2.29985e+07 7.98088e+08 4.04412e+07 842089
threshold=32183.350000000002 5.5000000000000009 100.26000000000001 55428.500000000007 171.64000000000001 163.50000000000003 3.5000000000000004 13077.685000000001 31471.275000000005 137.50000000000003 494.16500000000002 0 31471.275000000005 -1.0000000180025095e-35 88103.065000000017 1877.0800000000002 1.0000000180025095e-35 13973.795000000002 31213.930000000004 5592.5000000000009 510.46000000000004 431.50000000000006 307.50000000000006 677.47000000000014 1.0000000180025095e-35 125479.34000000001 1 121498.39000000001 2476705.5000000005 833148.21000000008
decision_type=2 2 2 2 2 2 2 2 2 2 2 9 2 2 2 2 2 2 2 2 2 2 2 2 2 2 9 2 2 2
left_child=1 4 -3 -4 5 -1 10 -8 9 -9 21 -12 13 -13 16 -16 -15 19 20 -18 -17 23 -23 -6 25 -2 27 -27 -29 -28
right_child=24 2 3 -5 6 -7 7 8 -10 -11 11 12 -14 14 15 18 17 -19 -20 -21 -22 22 -24 -25 -26 26 29 28 -30 -31
leaf_value=118.61561696303987 -0.066108785079030383 -0.18471144298121084 -124.99101429375381 -0.057926886493550392 -13.724618056654064 -13.419044644682106 -1.432128677472881 -9.4042630527871651 -0.44072966801230273 144.06265038124096 -0.17426493797574036 -124.69419915435665 -3.1491533828855491 -4.0156150824875487 -1.2559212278604113 0 -0.58996390155305622 -3.6094422853382855 -0.82045396218421696 87.771908866005489 -268.30735776614364 -2.4855299145215857 57.499372640760555 -0.020152969004806589 0.21171682663260355 -0.048866974615397941 -0.68177482640321507 -1007.5814288963204 47.03059768759946 44.0717033640301
leaf_weight=0.0055148211795302817 46111.766830605025 20.12310144801398 6.2541806307277659 11.01094847381769 2.9888027327926343 0.31235919594018924 15.85823113624773 0.17029375225951129 4.450613220504013 0.18053764911873957 197.81928696037812 2.4995215368187464 21.20857111751538 1.6260621308748127 4.2632200114749148 0.013801859444356412 0.19867429174252837 0.37647318298354582 0.031853112187331861 0.33811228352452938 0.037416987358841608 1.9953613009722624 0.060958860558457562 355.59747783531822 8033.0532320120547 43.199992272607652 148.57792369881972 1.1614662115331742 0.0048198207036292953 0.058606374879530132
leaf_count=4734 1040950 39559 38116 45785 14723 8478 8266 514 8046 1258 675863 14293 50386 853 1587 203 71 307 281 251 10696 3320 134 452009 795809 22670 281167 45123 434 5624
internal_value=-0.0899942 -2.17889 -23.7394 -49.6798 -0.820777 77.135 -0.987663 6.1176 27.0025 117.75 -1.24682 -3.17031 -16.611 -59.7942 -23.4092 -53.4602 28.5967 58.4151 -257.784 75.9614 -264.785 -0.0231634 17.5225 -0.172243 -0.0650657 -0.113086 -11.2786 -38.5208 -983.522 -0.34653
internal_weight=54985.2 647.421 37.3882 17.2651 610.033 0.317874 609.715 20.6597 4.80144 0.350831 589.056 228.413 30.5937 9.38514 6.88561 4.34629 2.53932 0.91326 0.083072 0.536787 0.0512188 360.643 2.05632 358.586 54337.8 46304.8 193.003 44.3663 1.16629 148.637
internal_count=3571510 1379733 123460 83901 1256273 13212 1243061 18084 9818 1772 1224977 754791 78928 28542 14249 12767 1482 629 11180 322 10899 470186 3454 466732 2191777 1395968 355018 68227 45557 286791
cat_boundaries=0 1 2
cat_threshold=8 2
is_linear=0
shrinkage=0.05


Tree=6
num_leaves=31
num_cat=1
split_feature=2 2 8 3 5 0 3 1 3 11 0 2 3 13 3 3 3 13 3 2 3 14 3 2 4 2 3 11 4 3
split_gain=1.26118e+06 8.35215e+06 7.02377e+06 8.44846e+06 3.18472e+06 3.72544e+06 2.23948e+06 2.52145e+07 1.31344e+08 3.86213e+08 3.51347e+06 2.10991e+06 1.84727e+06 733512 1.41597e+06 3.41954e+06 630466 280150 1.61389e+07 2.24693e+07 1.43775e+08 1.362e+07 5.60402e+06 1.04493e+06 933145 716974 900285 549945 731666 525463
threshold=30273.515000000003 171.64000000000001 220863.36166666666 32558.170000000002 6.2372693740843088 226.50000000000003 100.26000000000001 0 55428.500000000007 1.0000000180025095e-35 9.5000000000000018 1341.9300000000003 685.31000000000006 3354.1400000000008 1161.5000000000002 34775.000000000007 1161.5000000000002 1.4042598195374014e-09 125479.34000000001 123547.48500000002 520263.75000000006 4019877.0850000004 981591.0900000002 675815.54500000004 203820.62500000003 32183.350000000002 100.26000000000001 1.0000000180025095e-35 6049651.4350000015 118610.99500000001
decision_type=2 2 2 2 2 2 2 9 2 2 2 2 2 2 2 2 2 2 2 2 2 2 2 2 2 2 2 2 2 2
left_child=1 2 3 -1 5 -3 -6 8 9 -8 -11 -12 -7 -9 -15 -16 -13 18 25 -20 21 -21 24 -24 -22 26 -2 28 -19 -27
right_child=17 4 -4 -5 6 12 7 13 -10 10 11 16 -14 14 15 -17 -18 27 19 20 22 -23 23 -25 -26 29 -28 -29 -30 -31
leaf_value=-229.38726015500058 -0.037905783673880505 -23.381568242439545 55.650476199779007 -0.018504840008985897 0.12898722144321506 143.53386197056332 -1175.8013824598072 -0.31034630183243422 -0.04090587634169239 118.45463420864699 58.675244982960386 -0.1168366029674429 -4.9918647744818587 -0.040992533528997906 -114.61930807240202 -0.029338232105896159 -51.168700892820603 52.825544255127845 -0.25994689525161524 -243.46803329279152 -98.204640350777382 58.951454387070527 -0.81709088896997972 48.911021406182883 -29.444309225151535 -0.070353186634256007 -37.892820679579089 0.17393436611741722 -0.35561687694573196 9.4842857748894254
leaf_weight=0.089859957539414337 3.5407835873328515 0.33701229998008053 0.004614719906924857 0.63592355370382114 338.36313946532789 0.0024284968575825064 0.051829353513357712 183.93875239216277 5.0304191410646126 0.017428817533193919 0.037160517999222153 1.1765778975934602 0.18267807806927294 4.9007354075956719 0.071342141273355586 1.661084638020393 0.25484110474712296 0.15568552158148019 69.255395789935193 7.1893895705204454 0.4741535067732835 0.026373307828870263 36.994934289912628 0.086732167575994334 3.0652442669067739 43885.343485181926 1.826028980097463 9484.3232601184864 1.4381686349013669 13.3945211746759
leaf_count=8771 7603 18245 567 4696 458812 3843 30114 751189 20808 136 361 1791 6131 1708 7298 26741 10593 100 143417 74696 5195 295 121405 1381 13343 1033469 9842 801223 956 6599
internal_value=-0.0904159 -2.49974 -112.184 -144.882 -2.14165 70.1044 -2.34264 -6.56411 -63.756 -441.254 47.026 -1.46126 116.423 -0.895594 -16.1305 -44.9709 -26.5145 -0.0662004 -0.11931 -18.5785 -44.5507 -235.321 -5.82311 0.580407 -58.2615 -0.0696567 -16.8473 0.180249 23.2001 -0.0672218
internal_weight=54043.9 536.756 0.730398 0.725784 536.025 0.522119 535.503 197.14 6.56826 1.53784 1.48601 1.46858 0.185107 190.572 6.63316 1.73243 1.43142 53507.1 44021.2 117.092 47.8368 7.21576 40.6211 37.0817 3.5394 43904.1 5.36681 9485.92 1.59385 43898.7
internal_count=3571328 1351804 14034 13467 1337770 28219 1309551 850739 63803 42995 12881 12745 9974 786936 35747 34039 12384 2219524 1417245 359732 216315 74991 141324 122786 18538 1057513 17445 802279 1056 1040068
cat_boundaries=0 1
cat_threshold=2
is_linear=0
shrinkage=0.05


Tree=7
num_leaves=31
num_cat=2
split_feature=5 3 3 0 2 6 13 3 2 3 2 1 3 3 2 3 3 2 0 4 11 4 14 6 13 8 6 2 3 1
split_gain=4.71008e+06 1.74956e+07 1.94818e+07 6.5645e+06 1.85694e+06 577228 552489 2.20396e+07 1.00505e+08 1.89362e+09 2.00393e+06 1.80916e+07 3.9872e+08 2.02636e+08 1.8289e+06 5.17888e+07 1.01937e+08 5.77503e+07 1.26267e+07 1.42747e+07 9.44774e+06 4.10942e+06 2.22294e+06 1.03339e+06 798560 635817 623164 286668 260508 1.59941e+06
threshold=6.5198402279240666 494.16500000000002 142.50000000000003 250.50000000000003 339.10500000000008 7.5000000000000009 1.4042598195374014e-09 125479.34000000001 123547.48500000002 981591.0900000002 32183.350000000002 0 100.26000000000001 57027.320000000007 32183.350000000002 1161.5000000000002 31471.275000000005 1868.4450000000004 227.50000000000003 1685.8400000000004 4.5000000000000009 4842762.5450000009 3188641.4550000005 23.500000000000004 1285323.02 517971.72000000009 12.500000000000002 510.46000000000004 55428.500000000007 1
decision_type=2 2 2 2 2 2 2 2 2 2 2 9 2 2 2 2 2 2 2 2 2 2 2 2 2 2 2 2 2 9
left_child=1 2 3 4 -1 -4 7 10 -9 -10 11 12 -2 -14 15 -8 17 26 19 -19 21 22 23 24 -21 -20 -17 -5 -12 -30
right_child=6 -3 5 27 -6 -7 14 8 9 -11 28 -13 13 -15 -16 16 -18 18 25 20 -22 -23 -24 -25 -26 -27 -28 -29 29 -31
leaf_value=89.235045203173229 -0.047450290106081372 -11.613651846092681 318.52824667250496 -129.05340562267654 -22.001907622925557 -1.7898463186899769 -0.056851407768613506 -0.30055152896405501 -2234.8372456020129 -2.9863001195107506 -0.058335274189645431 -0.23680571117523985 -1244.4805893136295 -0.012889050730805571 0.15204479237323626 -2.2737088243678265 -2.4481176086145577 -16.781324092366962 -7.9001053522208045 765.97120185357005 -6.4819967548446957 -3.6650241211033769 -3.1408544592321022 -0.89311801263563617 -0.79394375800695061 60.140919568075368 55.708675241783226 0 -5.6572633028281425 -0.052183007587618291
leaf_weight=0.0076805972502152339 20.366759203840051 2.6202498920347153 0.0010730901834914005 0.0076805981807410708 0.097626884565558333 0.0029623157451715149 155.57481433372234 80.213508592617885 0.0092880537272773678 16.333075179443767 41027.55956252804 323.31688233505395 0.018212675726210104 0.48197088785445885 11265.468483431088 0.68353409294641421 3.8837670304162191 0.021620877569613672 0.21311847563208292 0.091793825144867988 0.025275797991030302 0.0082408218526766747 0.0013127253847738099 0.0020757381994004889 0.0013178978262305676 0.010261171591349871 0.074530683620841143 0.044986801705279106 137.85092548565578 890.75481970085684
leaf_count=7171 40092 35017 1294 3858 7223 54 33023 358244 93261 122694 923142 937063 32019 6960 796785 786 38932 1187 2866 8165 1376 674 179 188 233 117 256 1256 63746 53036
internal_value=-0.0769132 55.7178 217.544 -55.5075 59.4998 315.796 -0.0808254 -0.163813 -23.9019 -133.048 -0.109193 -3.90332 -39.7964 -844.677 0.227818 5.50939 149.443 427.147 621.888 698.078 726.61 749.255 758.26 762.045 764.316 41.8262 31.869 -123.54 -0.0780501 -0.863583
internal_weight=53925.7 2.78226 0.16201 0.157975 0.105307 0.00403541 53923 42496.9 96.5559 16.3424 42400.3 344.184 20.8669 0.500184 11426.1 160.592 5.01685 1.13308 0.375017 0.151638 0.130017 0.104741 0.0965002 0.0951875 0.0931117 0.22338 0.758065 0.0526674 42056.2 1028.61
internal_count=3570897 55873 20856 19508 14394 1348 3515024 2630257 574199 215955 2056058 1016134 79071 38979 884767 87982 54959 16027 14985 12002 10815 9439 8765 8586 8398 2983 1042 5114 1039924 116782
cat_boundaries=0 1 2
cat_threshold=2 2
is_linear=0
shrinkage=0.05


Tree=8
num_leaves=31
num_cat=2
split_feature=2 3 1 3 13 11 7 2 13 3 2 0 2 3 0 8 13 3 2 3 0 7 9 3 1 2 8 10 12 3
split_gain=2.37898e+07 9.38126e+07 7.50362e+08 6.92989e+09 2.20621e+09 4.9565e+06 4.2333e+06 2.27843e+06 2.09575e+06 1.4884e+06 8.97293e+06 1.40578e+06 1.10066e+06 981762 490796 319433 225865 4.90007e+07 1.05101e+09 9.10478e+08 1.38664e+06 365516 1.02539e+06 899242 7.85221e+06 1.28476e+08 6.74442e+07 4.64006e+07 5.48784e+07 1.27629e+06
threshold=30273.515000000003 1585.5000000000002 0 30067.500000000004 88393.430000000008 1.0000000180025095e-35 7317277.4800000004 2048.9650000000006 1212048.9800000002 972.50000000000011 1690.1800000000003 234.50000000000003 1003.455 39728.500000000007 238.50000000000003 827104.89500000014 1.4042598195374014e-09 125479.34000000001 123547.48500000002 1091834.8400000001 9.5000000000000018 504272.97500000003 23.500000000000004 31983.000000000004 1 56181.265000000007 129938.46500000001 2.5000000000000004 28.500000000000004 55428.500000000007
decision_type=2 2 9 2 2 2 2 2 2 2 2 2 2 2 2 2 2 2 2 2 2 2 2 2 9 2 2 2 2 2
left_child=1 9 3 4 -3 -4 15 -7 11 -1 12 13 -11 -9 -14 -6 17 -2 -19 -20 -21 -18 23 -23 25 29 -27 28 -28 -25
right_child=16 2 5 -5 6 7 -8 8 -10 10 -12 -13 14 -15 -16 -17 21 18 19 20 -22 22 -24 24 -26 26 27 -29 -30 -31
leaf_value=-0.47778680877497548 -0.072218899007943302 5387.8736377566047 -0.55062401647792303 -4.972855983882897 -92.70024579811971 -6.9745393122889574 57.482250587984765 -166.76431813702126 -1.4005977301419474 -1.0850272791851618 -1.7740251232532811 -4.8339558058969994 163.76478738624451 0 0 -0.31598525121004495 0.25210309326944991 -0.39260959340597329 -2224.5422748535161 54.430240837057283 -19.590573334592023 -0.00078035593292997952 42.336788938795706 -1.6212452238135808 -0.068895112308493461 -19.56196650442288 -790.4579906109102 80.770161852079013 -5.9314007239607509 -43.720939783915391
leaf_weight=369.35612112318279 40295.658560328498 0.040021999966131816 89.079238677304829 2.9293687221970024 0.050077367643288045 1.2761848838551966 0.055188104857299053 0.072119987770070879 0.44270119306857225 0.10633354655404925 6.5536625636102928 0.26365154700659416 0.1194530297016172 0.096234672649018485 0.047670022147940472 0.11037618667326021 9829.2851792638303 39.56103140989147 0.015735152487422854 0.0096783248773140151 0.79856546038719367 1946.8880246502076 0.40037714395020785 38.193355259775814 399.15464245993184 0.93701738163855675 0.22079594290366478 0.022294964145651353 0.291359819388193 0.89500715382813822
leaf_count=535261 1058227 19522 708547 31699 5922 3876 309 4775 3551 972 13640 4839 463 17872 213 64 180034 143398 95911 1795 118220 368957 360 1746 169835 4942 65578 4565 286 4798
internal_value=0.0293016 11.2092 55.489 391.04 4433.08 -2.46914 -30.4684 -64.3677 -99.7144 -0.0218261 21.555 -129.126 143.012 -153.032 157.074 -84.1897 -0.0710243 -0.128069 -54.5065 -1227.99 10.904 0.117323 -0.437551 -0.462457 -2.50194 -20.8375 -375.475 -580.062 -643.222 -3.6519
internal_weight=53022.9 470.598 94.4152 3.18503 0.255664 91.2301 0.215642 2.15089 0.874707 376.183 6.82712 0.432006 0.273457 0.168355 0.167123 0.160454 52552.3 40336 40.385 0.823979 0.808244 12216.3 2387 2386.6 439.714 40.5598 1.47147 0.534451 0.512156 39.0884
internal_count=3570177 1351525 800976 57516 25817 743460 6295 34913 31037 550549 15288 27486 1648 22647 676 5986 2218652 1417551 359324 215926 120015 801101 621067 620707 251750 81915 75371 70429 65864 6544
cat_boundaries=0 1 2
cat_threshold=2 18
is_linear=0
shrinkage=0.05


Tree=9
num_leaves=31
num_cat=1
split_feature=3 11 2 2 7 2 3 2 2 3 2 2 3 9 3 1 14 0 7 13 3 2 11 14 3 2 3 0 7 3
split_gain=5.27523e+06 7.67582e+08 9.79098e+09 1.33091e+08 2.03421e+07 3.62556e+09 5.58306e+08 1.84276e+07 1.06095e+07 9.38985e+06 1.72626e+06 8.37796e+06 6.57771e+06 7.69578e+07 4.97981e+07 3.09865e+06 5.02071e+07 2.05558e+06 1.74827e+06 1.43437e+06 8.90178e+07 1.07941e+09 4.80677e+08 9.57652e+07 1.04101e+06 6.75566e+06 3.49546e+06 1.75393e+06 974780 8.40179e+07
threshold=638511.03500000015 1.0000000180025095e-35 407610.41000000009 552686.07500000007 504272.97500000003 742945.80000000016 10362718.740000002 123547.48500000002 621990.27500000014 1640306.2100000002 31213.930000000004 171.64000000000001 1877.0800000000002 5.5000000000000009 57027.320000000007 0 29588.280000000177 161.50000000000003 6691214.6300000008 1319.7350000000004 125479.34000000001 123547.48500000002 1.0000000180025095e-35 3188641.4550000005 1161.5000000000002 1690.1800000000003 1585.5000000000002 211.50000000000003 495257.77500000008 66098.000000000015
decision_type=2 2 2 2 2 2 2 2 2 2 2 2 2 2 2 9 2 2 2 2 2 2 2 2 2 2 2 2 2 2
left_child=10 2 7 -4 -3 8 -7 -2 -6 -10 11 17 24 15 -15 -14 -17 -1 -18 20 -12 -22 23 -23 -13 26 27 -26 -21 -30
right_child=1 4 3 -5 5 6 -8 -9 9 -11 19 12 13 14 -16 16 18 -19 -20 28 21 22 -24 -25 25 -27 -28 -29 29 -31
leaf_value=-16.517246514205574 -0.45073542843299325 0.17384952536292383 -23.113739868652655 5167.9982786010369 -0.16125904449425577 2965.4940626391435 -0.0035243262043683828 -219.74438409478086 205.7119585044934 -0.12119109097974441 -0.067187316157712326 -1.1097240097639294 -0.20731481893533515 -575.02032107248647 -0.01566431906505987 -369.12547823523869 -16.076824734035693 153.97527146814127 49.415423960981428 0.23874094917396535 -0.80730846495795783 -2081.6373286325174 -0.12093583245443867 56.450709401866973 -10.021672377785443 -3.2461634475867407 -0.66796613739071686 176.84094742310464 0.054919977840386373 64.056569386721776
leaf_weight=0.0016751971481703603 11.464831226652272 6266.3765658746115 0.003523270845376385 0.0010082680404510827 256.24962145312463 0.19553814490683308 0.18300365284085274 0.045748174665054431 0.1850832665598422 1.0382938118418676 38191.919031229554 260.64910209963551 48.404868264042477 0.0063910758719344365 0.60175772840440422 0.058158891929607104 16.315423279808233 0.042275602272598821 0.12341331650802345 4617.3844525322947 17.480897247178397 0.0060327382598625015 0.41447692286768656 0.0010054543381556869 0.027351076046063467 7.2538492976332156 0.46416635712842907 0.029066536583436657 2283.3811916236573 51.455865903197264
leaf_count=5080 137149 37598 9171 3748 150359 458 88 121578 173 507 1051484 542117 623043 30516 18185 26029 31202 8539 1969 144621 51276 80711 127 522 460 10588 401 300 404764 78205
internal_value=0.163625 1.49181 392.692 5126.78 0.741275 14.477 2571.81 -18.8177 0.781687 109.533 -0.0272037 -3.60331 -4.03354 -18.1102 -359.871 -9.49559 -22.3099 137.875 -12.7794 -0.000678762 -0.120879 -108.599 -1433.58 -2023.44 -0.543584 16.3998 112.258 162.512 0.659868 1.49223
internal_weight=52031.8 6535.74 11.5151 0.00453154 6524.23 257.852 0.378542 11.5106 257.473 1.22338 45496 333.977 333.934 65.51 0.608149 64.9019 16.497 0.0439508 16.4388 45162 38209.8 17.9024 0.421515 0.00703819 268.424 7.77443 0.520584 0.0564176 6952.22 2334.84
internal_count=3570968 460829 271646 12919 189183 151585 546 258727 151039 680 3110139 1298429 1284810 730944 48701 682243 59200 13619 33171 1811710 1184120 132636 81360 81233 553866 11749 1161 760 627590 482969
cat_boundaries=0 1
cat_threshold=8
is_linear=0
shrinkage=0.05


Tree=10
num_leaves=31
num_cat=2
split_feature=2 3 9 3 1 8 3 9 2 3 3 2 0 3 1 11 3 2 2 7 3 2 3 13 8 3 0 8 8 8
split_gain=4.97359e+06 7.8667e+06 4.7838e+07 7.41547e+07 2.32136e+06 5.49384e+07 1.07128e+07 2.36606e+06 2.7842e+06 2.69838e+06 2.18047e+06 7.56579e+06 1.82011e+06 1.54079e+06 1.09333e+06 1.05861e+06 2.33695e+08 1.39769e+09 3.27554e+08 1.35754e+06 1.44747e+07 2.63424e+08 1.52014e+08 1.22872e+08 7.38474e+07 4.26788e+07 3.12245e+07 2.40467e+07 1.61841e+07 2.77513e+07
threshold=30273.515000000003 1585.5000000000002 5.5000000000000009 35842.500000000007 0 162684.92166666672 31983.000000000004 3.5000000000000004 1341.9300000000003 20346.500000000004 1161.5000000000002 1690.1800000000003 211.50000000000003 13077.685000000001 1 1.0000000180025095e-35 125479.34000000001 119484.77 121498.39000000001 495257.77500000008 60121.000000000007 54538.475000000013 134403.82000000004 704625.95500000031 129938.46500000001 203917.35500000001 16.500000000000004 134622.89750000002 366523.8269674186 280634.12656250008
decision_type=2 2 2 2 9 2 2 2 2 2 2 2 2 2 9 2 2 2 2 2 2 2 2 2 2 2 2 2 2 2
left_child=1 10 4 -4 5 6 -3 8 -7 13 -1 12 -12 -9 15 16 -2 -18 -19 -17 -21 -22 23 24 -23 -24 -27 -28 29 -29
right_child=14 2 3 -5 -6 7 -8 9 -10 -11 11 -13 -14 -15 -16 19 17 18 -20 20 21 22 25 -25 -26 26 27 28 -30 -31
leaf_value=-2.3342224180237463 -0.058830030367920755 -445.47772636155241 -570.45137843197563 -4.693513596666973 -4.1968054692828671 -1.0955707818829661 -3.110204155305814 -16.224004266662618 -74.395475192219735 -8.0664067206147934 -10.107556207138003 -2.7206890647222961 167.51001621686615 113.18460955924853 -1.4970665462859853 0.16774164562773086 -1.7212042112699732 -0.29528055974457695 -2204.5074765512049 0.010318507082445466 -0.40948925386733326 -64.749048514264246 32.885643525256341 -49.284590758204146 1078.5285105874741 -61.585942905479556 -28.157315489721771 226.99959252599353 467.74535666284328 17.975055718295945
leaf_weight=111.25821236870445 35779.747095426363 0.0046409194511695109 0.0030562964367083492 1.4104553372353419 47.807820238783435 4.1173010553665064 0.1748752089124368 0.013591536225615247 0.91114348122406763 1.2346472328943467 0.043133805554193105 3.2873946038506574 0.0078976481465793391 0.021507780178662523 1196.7208742674993 12200.911165652851 7.3443663075377268 0.20272110607036875 0.0077910349355079225 2142.7750471506838 284.55187153708641 0.040068355782233417 6.4052038720496904 0.28093813029808457 0.011490084554820951 0.67123481603361668 0.71494397405994625 7.5698152172854405 0.29836354614235538 2.1726760920851236
leaf_count=542862 802488 14908 23964 49182 655671 969 27736 772 22925 4875 527 7015 340 294 794874 117572 24062 522 60577 358827 4304 1533 9834 7008 14808 4753 1304 10244 2560 2915
internal_value=-0.0385827 -8.54433 -23.7779 -241.769 -13.8312 -29.6296 -382.533 -9.13212 -24.5157 35.748 -0.998436 33.7945 150.599 95.8067 -0.0103626 0.0252355 -0.121308 -261.419 -1835.62 0.383303 1.45826 11.6737 191.103 720.78 973.386 143.477 197.832 217.883 236.366 186.398
internal_weight=51800.7 170.296 55.699 1.41351 54.2855 6.47771 0.179516 6.29819 5.02844 1.26975 114.597 3.33843 0.0510315 0.0350993 51630.4 50433.7 35787.3 7.55488 0.210512 14646.4 2445.49 302.717 18.1647 0.332497 0.0515584 17.8322 11.427 10.7558 10.0409 9.74249
internal_count=3570225 1352040 801296 73146 728150 72479 42644 29835 23894 5941 550744 7882 867 1066 2218185 1423311 887649 85161 61099 535662 418090 59263 54959 23349 16341 31610 21776 17023 15719 13159
cat_boundaries=0 1 2
cat_threshold=3 18
is_linear=0
shrinkage=0.05


Tree=11
num_leaves=31
num_cat=1
split_feature=2 13 3 3 13 0 8 6 7 2 3 7 1 3 3 7 13 2 14 13 13 3 11 2 14 3 6 14 0 3
split_gain=2.00444e+07 3.23154e+07 7.14128e+07 9.86114e+07 2.91208e+07 4.60688e+06 6.28446e+06 3.9356e+06 3.07218e+06 1.61283e+07 9.88871e+06 2.55249e+06 1.44546e+06 4.39276e+06 5.41509e+07 2.54281e+08 2.13447e+07 2.79938e+06 1.49623e+06 1.24849e+06 704295 6.27102e+06 7.96328e+08 9.02063e+08 8.36297e+07 667081 832763 1.05946e+06 645394 3.23985e+06
threshold=30273.515000000003 28045.490000000016 163.50000000000003 30067.500000000004 5938.3350000000328 211.50000000000003 168218.47950000004 1.0000000180025095e-35 1.0000000180025095e-35 834.44000000000017 1.0000000180025095e-35 1090806.5150000004 0 125479.34000000001 638511.03500000015 495257.77500000008 1.4042598195374014e-09 552686.07500000007 1288.5550000000001 19515.355000000007 8662.8550000000214 125479.34000000001 1.0000000180025095e-35 119484.77 2775442.4700000002 1.0000000180025095e-35 22.500000000000004 208752.05500000002 310.50000000000006 174408.02000000005
decision_type=2 2 2 2 2 2 2 2 2 2 2 2 9 2 2 2 2 2 2 2 2 2 2 2 2 2 2 2 2 2
left_child=1 2 8 4 -4 25 11 -5 9 10 -1 -7 20 -14 15 -15 -17 -16 -18 -19 21 -2 23 -23 -25 -3 -27 -28 -22 -30
right_child=12 5 3 7 -6 6 -8 -9 -10 -11 -12 -13 13 14 17 16 18 19 -20 -21 28 22 -24 24 -26 26 27 -29 29 -31
leaf_value=-271.41127036280881 -0.061292532094884167 13.635367923288166 -622.39262298920335 -116.36442954290021 -18.329589822000894 -8.992274589671581 -8.2791721438054111 -4.0402125434014087 -2.1403197787320236 -1.2318928328408798 45.255261286093386 177.3936651064061 -0.94866510332520437 -0.040214151584338602 -0.12930843906158743 0 -0.24402266393445077 -100.35248318000411 -914.95260527492178 -5.3498095531045919 0.28437589035936278 -6.0941030564475236 0.11858432265910837 -1972.0448111981827 51.746401239966715 -13.092981307400985 54.753475034384934 -3.502584058404036 -0.4496149749242766 80.004838013561482
leaf_weight=0.034395953551474047 34172.599151701725 2.6431239697377711 0.59073494245102243 0.21562733500324593 0.29945325119054222 0.11213990861931766 1.1491621571502282 2.3899620105556143 7.6881900440094766 3.353169130178685 0.0011534511010320636 0.02304331152914485 735.45614622602454 4.6021051108629853 70.83010081308565 0.068730856175534177 0.0050376918880394939 0.019865084788761034 0.0058393044242871705 0.70666809561953414 14340.231649347643 1.3237533167439082 296.54098369217746 0.14898629010959918 0.0011799478670582167 19.972756947133703 0.094948812219363687 2.3491420979184312 6.8520728890071032 0.5278434927422494
leaf_count=21364 810643 20932 337649 420675 819 4403 10518 54133 39542 395725 844 1335 331435 40597 379820 21461 27 2089 18494 1837 525375 24194 854 60421 512 40644 176 2351 1503 83
internal_value=-0.0660776 -34.6273 -91.7282 -260.032 -536.394 -0.841547 67.2742 -43.0323 -21.4792 -54.8684 -227.352 151.056 -0.0368866 -2.11526 -13.485 -162.06 -852.67 -1.66456 -910.641 -64.5695 -0.00185338 -0.124378 -7.33381 -900.679 -1924.97 -6.78028 -9.66716 13.9998 0.292503 14.1648
internal_weight=49670.8 40.917 14.5727 3.49578 0.890188 26.3443 1.28435 2.60559 11.0769 3.38872 0.0355494 0.135183 49629.9 811.694 76.2383 4.68171 0.0796079 71.5566 0.010877 0.726533 48818.2 34470.6 298.015 1.47392 0.150166 25.06 22.4168 2.44409 14347.6 7.37992
internal_count=3570455 1351110 1270751 813276 338468 80359 16256 474808 457475 417933 22208 5738 2219345 795760 464325 80579 39982 383746 18521 3926 1423585 896624 85981 85127 60933 64103 43171 2527 526961 1586
cat_boundaries=0 1
cat_threshold=18
is_linear=0
shrinkage=0.05


Tree=12
num_leaves=31
num_cat=1
split_feature=3 13 2 3 3 7 2 3 8 0 2 3 8 0 13 10 3 1 13 3 2 2 14 2 2 13 3 2 2 3
split_gain=2.12648e+06 1.11141e+08 5.17403e+09 4.4822e+09 7.31997e+08 8.62017e+06 8.3212e+07 2.32786e+08 4.10717e+08 5.25166e+07 2.22476e+07 3.62868e+08 8.72865e+07 8.05479e+06 5.76942e+06 3.00577e+06 1.25491e+06 6.06373e+06 3.99968e+07 2.16774e+08 1.99256e+08 2.45648e+07 1.71008e+07 1.22234e+07 1.14091e+07 1.0697e+07 1.37368e+07 1.04811e+07 2.66154e+07 8.66587e+07
threshold=203917.35500000001 8.2218321040272723e-10 121498.39000000001 638511.03500000015 981591.0900000002 522608.64500000008 323286.61500000005 749171.40000000014 149182.47633333338 21.500000000000004 204502.29500000001 309164.30000000005 126492.46517857144 280.50000000000006 1212048.9800000002 1.5000000000000002 55428.500000000007 0 1.168700691778213e-10 121858.00000000001 125469.93000000001 675815.54500000004 4019877.0850000004 38976.185000000005 54538.475000000013 1.4042598195374014e-09 125479.34000000001 191770.58500000002 127513.48500000002 125479.34000000001
decision_type=2 2 2 2 2 2 2 2 2 2 2 2 2 2 2 2 2 9 2 2 2 2 2 2 2 2 2 2 2 2
left_child=16 2 -2 -4 -5 -3 10 8 -8 -10 -7 12 -12 14 15 -11 -1 18 19 20 23 22 24 -18 -21 -19 -27 28 -20 -30
right_child=1 5 3 4 -6 6 7 -9 9 13 11 -13 -14 -15 -16 -17 17 25 27 21 -22 -23 -24 -25 -26 26 -28 -29 29 -31
leaf_value=-0.085336962527980634 -0.31502775621686024 0.13559737949072495 -1173.1310199085181 4982.0663265143467 -123.54175735111033 -0.45246717264390868 -2.7990154799299081 -3.9206115653487674 -30.084645029939963 1369.2470129937428 -3.853607476834747 -0.77795138875274039 1082.8846411220168 -0.39142300984421474 -0.54156476806179099 -0.59329239233113418 -1.1239906773185286 0.079867889875937764 -1.4785842187111928 -0.47798481392944769 -0.048438790520902934 -0.00039726309922500486 -0.092337774484769874 -741.55508966729076 -875.78367505768972 -111.05339628650714 -3.3002762643863015 -74.426124992964162 -49.796564948286331 476.52804014683102
leaf_weight=36736.004024574344 46.907545167422896 12481.519470461342 0.0023028774112129188 0.001441197093754453 0.024724260761228814 221.8938538716815 1.3986749709333561 6.1164828988975932 0.028645434952032756 0.070911149516177871 0.21746617409714009 18.17726646218382 0.010421388782652308 0.010477247124072164 0.0069886090768704881 0.0031431741372216068 0.062235005047492561 1170.2268381025685 118.94094126130931 0.03981096198192724 20.848313328668652 0.10682128742337227 0.064135609189440279 0.0080780427256221948 0.0022967314035025046 3.9610516525716077 7.4831065628756503 3.633393870726862 1.7359472842337453 0.21862555397969052
leaf_count=2418081 278253 51974 51108 12154 123397 118808 784 20201 2381 4191 162 37284 2925 490 430 147 8510 265696 21460 5318 38725 86 51 19562 24147 23491 11088 19907 6642 3046
internal_value=0.0474196 0.605541 76.5961 3584.76 4738.66 0.319353 9.53228 162.034 566.578 1280.02 4.03521 55.3744 887.274 1341.97 1355.35 1364.68 -0.139931 -1.6497 -10.8895 -73.5695 -34.2087 -724.121 -794.039 -699.556 -842.808 -0.406981 -46.5233 -0.619179 2.19135 150.432
internal_weight=50839.7 12776.4 46.936 0.0284683 0.0261655 12729.5 247.934 7.63532 1.51884 0.120166 240.299 18.4052 0.227888 0.0915202 0.0810429 0.0740543 38063.3 1327.33 145.661 21.1317 20.9186 0.213065 0.106243 0.070313 0.0421077 1181.67 11.4442 124.529 120.896 1.95457
internal_count=3570499 704689 464912 186659 135551 239777 187803 28624 8423 7639 159179 40371 3087 5258 4768 4338 2865810 447729 147454 96399 66797 29602 29516 28072 29465 300275 34579 51055 31148 9688
cat_boundaries=0 1
cat_threshold=2
is_linear=0
shrinkage=0.05


Tree=13
num_leaves=31
num_cat=2
split_feature=3 13 2 3 2 2 9 2 14 2 3 11 2 3 7 0 0 7 3 1 14 4 3 4 6 3 1 13 3 2
split_gain=1.51127e+07 2.61151e+09 1.84871e+11 1.4793e+10 5.60503e+08 1.06587e+06 3.38667e+07 7.75734e+07 1.34888e+06 1.21e+06 4.61128e+06 1.16168e+06 779276 3.50403e+07 3.75913e+07 3.73148e+06 2.73946e+06 2.10857e+06 1.54334e+06 1.24162e+06 2.00336e+07 8.77816e+06 749655 702182 690163 539727 1.18399e+07 1.76729e+07 1.52242e+08 1.94497e+08
threshold=125479.34000000001 8.2218321040272723e-10 119484.77 638511.03500000015 121498.39000000001 30273.515000000003 5.5000000000000009 1690.1800000000003 519777.9100000005 31213.930000000004 30649.500000000004 1.5000000000000002 1522.4100000000001 431.50000000000006 937072.56000000017 9.5000000000000018 5.5000000000000009 7317277.4800000004 121.50000000000001 0 39038.945 1.0000000180025095e-35 13718.500000000002 28773.645000000004 5.5000000000000009 55428.500000000007 1 704625.95500000031 115033.45000000001 56181.265000000007
decision_type=2 2 2 2 2 2 2 2 2 2 2 2 2 2 2 2 2 2 2 9 2 2 2 2 2 2 9 2 2 2
left_child=5 2 -2 4 -4 6 11 8 -8 10 -7 12 15 -14 16 18 -15 -16 -1 20 21 -17 23 24 -13 -11 27 28 29 -27
right_child=1 -3 3 -5 -6 9 7 -9 -10 25 -12 22 13 14 17 19 -18 -19 -20 -21 -22 -23 -24 -25 -26 26 -28 -29 -30 -31
leaf_value=-0.38651405803994621 -0.33447732928179119 0.10977220620528537 -0.14473821306189946 -628.31781842038072 22495.640342393926 -6.925977577574244 -15.452164058854843 -520.56223613194391 48.527112580674697 -0.046504026325012812 118.39816205421553 -3.7485263858587774 -0.63653607757689823 -1.0976455428004115 -42.762102208037682 262.35255166085983 -423.28757423761863 36.875840397198097 113.04163850931525 -0.39505701937458815 2.0375774600514514 -5.2036144035356511 -39.268561142523119 -6.3133803973571911 47.031239622680431 -27.213827184815109 -0.059671855329019585 7.746857150687946 -6.3071643583001062 -815.04804978784477
leaf_weight=0.40631767978015237 71.688239742121596 11965.609634978791 0.0027632811113552638 0.017770547768577671 0.0013418762459878053 2.235236692724262 2.1320036642943276 0.033971850500824963 0.11898806125725236 33481.30476270293 0.025951447240098235 1.1439692084989104 685.9157031488304 0.04530884698049676 0.8184596776721933 0.1236806669000296 0.055777261149612449 0.55851123701718097 0.075408410798507741 124.84133258371406 18.171663895700309 0.36918439272029419 0.7287209841824297 95.832139106076141 0.25917718074646701 1.9027537662307163 1078.3795656268755 16.254722346776397 19.462080330722038 0.42421095595131997
leaf_count=647 361814 265311 788 137514 81728 8224 5728 75087 745 1443104 2195 435 412581 1386 6239 444 477364 569 1440 92561 1102 753 7720 16538 104 7533 74551 6185 7498 72507
internal_value=0.394059 1.92514 300.672 21417.7 22433.6 -0.124677 -1.79266 -162.054 1.81484 -0.0797145 30.375 -1.22486 -0.614495 -1.31551 -188.995 2.71811 -406.916 -8.53386 81.6732 1.88968 11.0145 192.697 -6.34618 -5.70217 21.2966 -0.082583 -1.16357 -25.1854 -60.0667 -372.652
internal_weight=47568.9 12037.3 71.7101 0.0218757 0.00410516 35531.6 931.63 2.28496 2.25099 34600 2.26119 929.345 831.381 687.394 1.47806 143.988 0.101086 1.37697 0.481726 143.506 18.6645 0.492865 97.964 97.2353 1.40315 34597.7 1116.42 38.0438 21.789 2.32696
internal_count=3570395 847155 581844 220030 82516 2723240 1101443 81560 6473 1621797 10419 1019883 995086 898139 485558 96947 478750 6808 2087 94860 2299 1197 24797 17077 539 1611378 168274 93723 87538 80040
cat_boundaries=0 1 2
cat_threshold=18 2
is_linear=0
shrinkage=0.05


Tree=14
num_leaves=31
num_cat=2
split_feature=1 2 2 4 13 2 2 2 0 0 2 0 9 0 0 0 9 6 4 9 1 2 14 7 7 9 9 8 13 2
split_gain=2.2341e+06 1.31935e+06 999203 877478 401950 1.08735e+06 1.84715e+08 2.15354e+07 4.97996e+06 2.0884e+06 1.19939e+06 3.32248e+06 1.62839e+06 650163 793805 437235 275805 403722 250344 126026 107684 137066 353274 1.11837e+06 2.09609e+06 250953 170297 320616 104012 96604.2
threshold=0 552686.07500000007 121498.39000000001 221801.24000000002 2.3317170416703453e-10 31213.930000000004 1690.1800000000003 30273.515000000003 9.5000000000000018 288.50000000000006 171.64000000000001 226.50000000000003 12.500000000000002 36.500000000000007 35.500000000000007 7.5000000000000009 83.500000000000014 22.500000000000004 549078.44000000006 -1.0000000180025095e-35 1 56181.265000000007 752035.08500000008 1219998.2150000001 1090806.5150000004 17.500000000000004 140.50000000000003 79176.437857142868 8.2218321040272723e-10 59366.585000000014
decision_type=9 2 2 2 2 2 2 2 2 2 2 2 2 2 2 2 2 2 2 2 9 2 2 2 2 2 2 2 2 2
left_child=1 2 -1 -3 5 6 8 -8 15 -9 -10 13 -13 14 -12 -2 17 -5 28 -15 21 22 26 24 25 -24 -7 -28 -4 -6
right_child=4 3 18 16 29 20 7 9 10 -11 11 12 -14 19 -16 -17 -18 -19 -20 -21 -22 -23 23 -25 -26 -27 27 -29 -30 -31
leaf_value=-0.78603602450568855 -0.5554802830394171 -3.4010536108373239 -4.5101277445385426 -75.409050691800289 -0.096628168439114911 0.026540573190448908 -597.35562506820258 -56.228707840798975 -0.21193360182224247 41.844416525510887 -3.3718415352447488 99.038812552292825 -19.759267565266207 -3.4069010395639654 53.615268858971639 114.59563086102968 -4.146027378020789 -9.7187867112242685 -7.3768667725590475 -24.390905290248103 -1.7763513243022755 -0.19562984879752732 -0.061794366601617426 0.50254061894976754 36.008783874255123 13.410955797116223 20.281088310529679 -0.12979845565004941 -0.77422609040476198 0.16153075035868292
leaf_weight=246.21147757585823 0.078917748341061425 1.9527667014440795 174.66117870647759 0.37476833499449502 4764.2304340935352 1979.5932240288387 0.45201138390636608 0.0056301074399736075 130.64409547445234 0.18820825211356462 1.0919655160076791 0.53478678043580063 0.0018038208298608574 3.9184245633497148 0.13214733910855248 0.054727262056481304 0.45428761338189838 0.69759709944718917 87.517980143132831 0.028926361568393122 93.282796700845211 26730.838491472055 14.37546736968088 106.02572256125235 5.786984550953739 3.5463738447629618 1.9955719223315869 5.3418502967850729 21.362746613735112 15129.564848449381
leaf_count=337564 1027 1825 143383 4880 109614 70752 1079830 7762 12827 1725 14094 39600 2440 55453 722 1850 214 654 236352 2741 89350 787605 425 3218 176 108 88 237 57110 507058
internal_value=-0.108906 -3.29481 -3.12176 -30.4181 -0.0734613 -0.191958 -4.61761 -531.15 1.71909 -5.713 0.845144 21.4648 86.0369 1.90855 24.1182 106.085 -49.9507 -57.9886 -5.14006 -8.4607 -0.170829 -0.164902 0.222275 2.73992 12.32 3.17179 0.0565897 7.18751 -4.10901 0.099704
internal_weight=49504.9 533.233 529.753 3.47942 48971.7 29077.9 137.132 0.64585 136.486 0.193838 136.352 5.70805 0.536591 5.17146 1.22411 0.133645 1.52665 1.07237 283.542 3.94735 28940.8 28847.5 2116.67 129.735 23.7088 17.9218 1986.93 7.33742 196.024 19893.8
internal_count=3570684 781982 774409 7573 2788702 2172030 1220071 1089317 130754 9487 127877 115050 42040 73010 14816 2877 5748 5534 436845 58194 951959 862609 75004 3927 709 533 71077 325 200493 616672
cat_boundaries=0 1 2
cat_threshold=1 18
is_linear=0
shrinkage=0.05


Tree=15
num_leaves=31
num_cat=0
split_feature=13 3 2 2 2 3 2 3 3 3 9 3 3 3 2 2 3 3 3 2 4 3 2 2 2 6 2 9 2 12
split_gain=591879 1.58176e+08 6.76909e+09 4.63519e+07 6.22688e+06 7.74532e+07 4.99744e+07 2.41543e+08 4.28754e+07 1.66106e+07 6.16553e+06 418797 488110 273539 2.15095e+06 4.70488e+06 5.8021e+06 2.07326e+06 1.78994e+08 2.307e+06 957189 549806 2.18433e+07 2.72642e+07 2.43757e+06 709507 138992 148615 132602 486495
threshold=2.3317170416703453e-10 125479.34000000001 117501.19500000002 119484.77 31213.930000000004 1.0000000180025095e-35 1690.1800000000003 1877.0800000000002 1585.5000000000002 121.50000000000001 16.500000000000004 33683.990000000013 31983.000000000004 55428.500000000007 121498.39000000001 127513.48500000002 118610.99500000001 121858.00000000001 118610.99500000001 49926.545000000006 4184626.8900000006 52787.680000000008 127513.48500000002 61117.840000000004 56181.265000000007 5.5000000000000009 171.64000000000001 17.500000000000004 171.64000000000001 5.5000000000000009
decision_type=2 2 2 2 2 2 2 2 2 2 2 2 2 2 2 2 2 2 2 2 2 2 2 2 2 2 2 2 2 2
left_child=1 4 26 -4 5 10 8 -8 9 -7 -1 12 -10 21 17 16 -16 18 19 -15 -21 -6 23 24 25 -23 -3 -28 29 -2
right_child=28 2 3 -5 13 6 7 -9 11 -11 -12 -13 -14 14 15 -17 -18 -19 -20 20 -22 22 -24 -25 -26 -27 27 -29 -30 -31
leaf_value=-457.58410700183578 -1.7536637522844947 -0.17673697054559115 -0.09469846783510924 -4173.4404382189159 -0.064308263952589484 -22.160230065216822 -3.2671971445336832 -852.19119510979601 -47.565987860118128 378.96478285412985 -15.497133966149628 -0.35914475108433114 -0.2101738524357992 -3.1683278293315853 -10.295064601557581 -0.23670903354221645 143.43824965036694 -0.51149376130078139 -0.48145793863438818 -642.56198220531178 0 363.03049720661807 -0.078972367849153291 -0.34036867002807836 -0.045274122208103944 -0.58945481158620916 -25.873265418187362 -0.55932033478368515 0.070412551206977189 26.019408902019201
leaf_weight=0.050392142018127334 4.7946376394575845 42.324690012723387 0.0067459431582567167 0.0010404115155324689 24524.227278608545 0.20508223205811413 5.0097849701779786 0.008086109297489652 0.033231776846775918 0.039491445026373723 0.16389646255588011 66.791447337052688 1.168860837817191 0.024587066727835505 0.95420857731164577 675.9376181383999 0.26478748223735238 48.436786127672619 49.029836350658741 0.13094388934955015 0.0058264884311808309 0.0013484961602238952 92.00208071473709 1.2826177038969446 0.049368714860520413 0.010288890189949967 0.11895221236571796 1.2990303214321919 20888.114170008139 1.2701182465861274
leaf_count=415815 503 2162 2432 214566 903138 1113 74956 468492 31952 7493 25824 24079 837 12868 1981 71530 131 1273 1227 26292 945 908 4629 1557 163 149 267465 86110 921129 121
internal_value=-0.124576 -0.286182 -94.2067 -4145.6 -0.121133 -14.5582 -7.88436 -146.019 4.23547 295.057 -410.681 -1.07198 -22.5274 -0.078789 -1.00322 0.00155266 72.6884 -7.90178 -15.0235 -628.534 -639.269 -0.049655 3.75995 154.498 342.003 358.745 -0.847154 -12.5071 0.0727326 6.92172
internal_weight=46403.8 25509.6 43.7505 0.00778635 25465.8 73.4703 73.256 5.01787 68.2381 0.244574 0.214289 67.9935 1.20209 25392.4 774.785 677.157 1.219 97.628 49.1912 0.161357 0.13677 24617.6 93.3457 1.34362 0.0610061 0.0116374 43.7427 1.41798 20894.2 6.06476
internal_count=3571840 2650087 572735 216998 2077352 1050561 608922 543448 65474 8606 441639 56868 32789 1026791 116247 73642 2112 42605 41332 40105 27237 910544 7406 2777 1220 1057 355737 353575 921753 624
is_linear=0
shrinkage=0.05


Tree=16
num_leaves=31
num_cat=2
split_feature=1 2 4 11 3 4 3 3 3 13 2 13 0 10 7 1 3 2 7 2 3 2 3 2 0 3 3 13 11 2
split_gain=7.68076e+06 5.67376e+07 1.35526e+08 3.80751e+07 2.95218e+07 2.75019e+07 1.83167e+07 1.65648e+06 3.13176e+07 6.60449e+08 1.8067e+08 1.22663e+07 1.01705e+06 2.37987e+06 1.41834e+06 401194 3.11857e+06 1.00012e+06 3.17837e+06 930457 736484 659183 2.40476e+06 6.07612e+06 521778 485911 234656 4.55315e+08 5.64726e+08 1.18406e+09
threshold=0 121498.39000000001 549078.44000000006 1.0000000180025095e-35 121858.00000000001 15890731.275000002 125479.34000000001 638511.03500000015 749171.40000000014 2.3317170416703453e-10 31213.930000000004 1319.7350000000004 5.5000000000000009 1.0000000180025095e-35 158635.96000000002 1 32558.170000000002 171.64000000000001 1.0000000180025095e-35 48479.575000000004 71969.810000000012 31213.930000000004 55428.500000000007 48479.575000000004 36.500000000000007 1.0000000180025095e-35 125479.34000000001 3354.1400000000008 1.0000000180025095e-35 51419.225000000013
decision_type=9 2 2 2 2 2 2 2 2 2 2 2 2 2 2 9 2 2 2 2 2 2 2 2 2 2 2 2 2 2
left_child=1 -1 3 4 -3 6 -4 12 9 10 -9 -10 13 -2 -15 16 19 18 20 24 -17 -18 23 -23 -14 -26 -19 28 29 -28
right_child=7 2 5 -5 -6 -7 -8 8 11 -11 -12 -13 15 14 -16 17 21 26 -20 -21 -22 22 -24 -25 25 -27 27 -29 -30 -31
leaf_value=-1.3527463168588105 -6.8743373096921836 -0.30026624046040401 -0.96201873659356341 -1.4773593941972982 -268.43284970268337 -6.7988014102273242 -752.34099043383344 -0.53274121982093348 10.273161252216775 -0.63987258353563048 1428.8624836434687 0.089861225974923117 -11.001460988300449 97.271334602603375 -0.56126286680036852 101.16913134302922 -0.30424515933462049 -0.054092412640111588 -7.780126608845098 -0.41325334257854363 -0.50515388803160599 -140.68417125795085 -0.10888802296246575 -4.0795138898682088 -0.045470504975406542 -108.56057699035701 -2.9575979177297533 0.15049209071765604 -0.64926727679846363 -2031.7957662230901
leaf_weight=137.25969042831426 2.1578124226630031 1.5787703958782275 0.090990099638778382 10.556422024517515 1.9470791285857558 0.19256419731854912 0.010440113887497743 0.27773913009846724 307.41612244449152 27.076206849399213 0.069189114633206816 7182.0269389825717 0.53026106521226224 0.25423400975753219 0.50944649866324021 0.17981398198594556 85.170841346478838 32556.112469929376 2.1821535637297966 0.50079358348474845 0.19801545143127441 0.17252709776767128 11.996212347009287 2.8704897841630697 0.11464649458378745 0.12054413111873813 1.5653069284517647 4659.7888418853536 3.6090812704139821 0.33496380194737563
leaf_count=337654 3078 86212 53404 57362 58630 2742 185552 5754 16471 1785 2800 3678 113026 59 249 168 366120 1433998 1089 16419 42 4717 22063 1841 359014 303030 14267 47600 354 72641
internal_value=-0.00842645 -10.8546 -102.646 -53.6358 -174.967 -594.564 -691.147 0.0309026 0.708042 53.093 1133.72 0.509167 -0.105461 25.3567 68.6909 -0.108133 -3.09012 -0.0990642 26.4013 -61.409 86.1867 -2.05901 -11.3578 -44.7069 -78.4744 -98.5294 -0.101623 -0.433223 -418.316 -937.832
internal_weight=44996.9 151.636 14.3763 14.0823 3.52585 0.293994 0.10143 44845.2 7516.87 27.4231 0.346928 7489.44 37328.4 2.92149 0.763681 37325.4 101.476 37224 2.55998 1.26625 0.377829 100.21 15.0392 3.04302 0.765452 0.235191 37221.4 4665.3 5.50935 1.90027
internal_count=3571819 781556 443902 202204 144842 241698 238956 2790263 30488 10339 8554 20149 2759775 3386 308 2756389 1186230 1570159 1299 791489 210 394741 28621 6558 775070 662044 1568860 134862 87262 86908
cat_boundaries=0 1 2
cat_threshold=1 8
is_linear=0
shrinkage=0.05


Tree=17
num_leaves=31
num_cat=2
split_feature=1 2 11 3 3 3 14 2 2 0 8 10 9 11 8 1 2 3 4 2 3 3 3 3 2 11 3 3 2 2
split_gain=1.25536e+07 1.51002e+08 1.59015e+08 4.06585e+08 793491 4.65892e+06 1.71475e+08 7.62984e+08 1.54703e+08 1.18807e+06 2.18638e+06 1.266e+06 820020 756271 694603 450027 1.30366e+06 4.13169e+06 4.70912e+06 1.12539e+06 8.65844e+06 2.27967e+06 322013 580147 314619 281771 5.62584e+07 1.08082e+09 1.76567e+09 4.2931e+07
threshold=0 121498.39000000001 1.0000000180025095e-35 125479.34000000001 749171.40000000014 981591.0900000002 44894.200000000004 742945.80000000016 946715.66500000015 6.5000000000000009 31258.400000000005 2.5000000000000004 4.5000000000000009 1.0000000180025095e-35 122856.39333333336 1 677.47000000000014 163.50000000000003 387060.48500000004 31213.930000000004 55428.500000000007 32558.170000000002 30067.500000000004 100.26000000000001 117501.19500000002 1.0000000180025095e-35 121858.00000000001 125479.34000000001 47012.280000000006 30273.515000000003
decision_type=9 2 2 2 2 2 2 2 2 2 2 2 2 2 2 9 2 2 2 2 2 2 2 2 2 2 2 2 2 2
left_child=1 -1 3 -3 9 6 7 13 -9 10 -2 14 -8 24 -12 19 17 18 -17 22 21 -21 23 -11 -6 26 29 -28 -29 -18
right_child=4 2 -4 -5 5 -7 12 8 -10 15 11 -13 -14 -15 -16 16 25 -19 -20 20 -22 -23 -24 -25 -26 -27 27 28 -30 -31
leaf_value=-2.8090440257983071 -10.07835299438918 -0.88461605104193097 -9.6925089886434179 -1346.4732695579032 -0.59098457683112104 0.093802911195334668 0.03957171692268107 1488.9234324502772 -0.34019867208377863 -0.68966757590532179 107.74247694005142 -0.74044704784900428 3.6548109297595661 -0.11675290167647279 -0.26023527994834411 141.13580282273404 -127.61278604598482 -13.314711329259058 -9.2539688704366085 -11.76088221927786 -1.9892372898136863 -171.77082036226869 -0.379809485830575 -27.25885787336663 -55.588405452419352 0.097459462078664766 0.49893245454390761 -4.2494133911449294 -2603.7630244184875 -0.048014680584877144
leaf_weight=64.166882201429758 1.3689907486216266 1.2707690940204477 2.4114574092473622 0.0075546308600732406 0.37680031465956082 7378.9155317275445 326.56530049912578 0.23307351768016804 0.20256142318248749 5.6728082150987689 0.12643659934899232 0.46798259469700065 300.86245750973433 5.3287086187566786 0.1658955040347263 0.23614270830700701 5.5973412907733282 2.2134598887184249 0.70201407501394875 0.48537789995685621 10.917884865328372 0.052258270747618241 67.482330194441914 2.2703800083996404 0.033429099246859495 12128.238265443648 51.598052460349429 1.6842454106829783 0.070507871132083344 24005.244974857807
leaf_count=337448 4049 115309 170810 157937 7074 8350 1757 130 125 402562 85 197 1168 90 165 957 89839 3351 923 59120 22617 6515 393601 307203 1321 586202 2497 13207 75920 799728
internal_value=-0.038418 -19.9703 -296.758 -596.342 -0.00292618 0.44737 4.55836 247.614 1278.55 -0.102373 30.7046 68.1496 1.77621 -8.75646 93.673 -0.105027 -0.0958125 27.921 81.8864 -3.49106 -17.8181 -128.913 -1.56713 -10.4833 -41.3162 -0.0990502 -0.19809 -51.0096 -1015.97 -0.0830658
internal_weight=44365 67.8567 3.68978 1.27832 44297.1 8012.52 633.602 6.17457 0.435635 36284.6 2.12931 0.760315 627.428 5.73894 0.292332 36282.5 36195.6 3.15162 0.938157 86.881 11.4555 0.537636 75.4255 7.94319 0.410229 36192.4 24064.2 53.3528 1.75475 24010.8
internal_count=3570257 781504 444056 273246 2788753 20015 11665 8740 255 2768738 4496 447 2925 8485 250 2764242 1572624 5231 1880 1191618 88252 65635 1103366 709765 8395 1567393 981191 91624 89127 889567
cat_boundaries=0 1 2
cat_threshold=1 8
is_linear=0
shrinkage=0.05


Tree=18
num_leaves=31
num_cat=2
split_feature=1 2 3 3 2 4 3 3 13 0 13 13 2 14 0 1 2 3 0 2 3 3 13 3 3 2 2 3 3 2
split_gain=4.5108e+07 4.43578e+08 2.59474e+08 1.47415e+06 886109 1.56317e+06 682384 2.40073e+07 3.76242e+08 9.55626e+07 2.77438e+06 7.51365e+07 2.97098e+08 1.27653e+07 632132 449689 3.89992e+06 5.49292e+06 1.41565e+06 430486 320383 2.31291e+06 303322 6.97012e+07 2.019e+09 6.87984e+08 9.31092e+06 1.20674e+08 8.29281e+07 1.10561e+07
threshold=0 121498.39000000001 121858.00000000001 1060.5000000000002 56181.265000000007 2305852.5750000007 638511.03500000015 749171.40000000014 2.3317170416703453e-10 298.50000000000006 24878.410000000007 1.473381416872144e-10 117501.19500000002 68324.865000000005 321.50000000000006 1 32183.350000000002 55428.500000000007 13.500000000000002 171.64000000000001 30067.500000000004 121.50000000000001 2.3317170416703453e-10 121858.00000000001 125479.34000000001 42917.55000000001 31213.930000000004 1877.0800000000002 61211.880000000012 1690.1800000000003
decision_type=9 2 2 2 2 2 2 2 2 2 2 2 2 2 2 9 2 2 2 2 2 2 2 2 2 2 2 2 2 2
left_child=1 3 -3 -1 5 19 15 8 9 -8 11 12 -9 -14 -11 16 20 18 -18 -5 21 -2 23 26 -25 -26 27 29 -29 -17
right_child=6 2 -4 4 -6 -7 7 10 -10 14 -12 -13 13 -15 -16 22 17 -19 -20 -21 -22 -23 -24 24 25 -27 -28 28 -30 -31
leaf_value=-0.68332169585667168 -0.6896565924399759 -0.91230731499607209 -1394.2435560896322 -2.9007227445943928 -0.63897929920372698 -7.0197674764313138 1076.3369642286721 -0.28927708590930201 -0.6837204732981349 85.373210652460145 0.076792873983729359 0.25698777642999909 -13.876360226303426 852.35886050155887 -2.0444543380647033 139.78314641569273 -6.1760047217474892 -0.2784107202905346 -167.47620837200611 -88.180592447367815 -0.67346545139547198 -79.589448156577106 0.078667809987733275 2.3450375246040589 -5.6333240816835932 -2625.732872794837 -0.076610441041454508 -682.63201790555422 -3.9371298032695226 -1.7074046194735975
leaf_weight=7.0313605335222462 6.973991323308657 0.50182773757860843 0.0078550384447443333 0.23836787139842197 1.2838381165002521 1.5440903563071671 0.063745671471186038 5.1021602125377967 23.609629389597028 0.31817827761472195 6275.2076967237945 179.99896419817526 0.011291696690021946 0.33460742770694196 0.19090696424245834 0.55071819138538103 0.24993255164881936 1.6064551540255623 0.0010075557489804534 0.74151872380556694 59.949187655445563 0.074820514661199655 14098.899059563286 36.210894258011038 0.33927556236935386 0.0069361471581257375 22306.015935524279 0.13664723744819218 0.76451290413071982 12.382003844171523
leaf_count=17698 408473 164500 279866 385 172396 22283 7701 12559 1749 658 3611 304 2937 877 93 3539 2199 20341 58674 125442 391340 306998 610902 2486 11986 73309 776951 34568 7835 48339
internal_value=-0.0641826 -71.0802 -931.699 -15.3716 -36.7097 -49.6681 -0.0272584 0.445351 49.1699 797.957 0.255391 6.26599 173.968 834.778 72.9564 -0.111187 -3.85955 -61.6296 -140.19 -79.381 -1.94272 -11.3121 -0.102915 -0.217473 -68.2755 -1969.6 -0.102949 -39.7029 -411.782 13.9177
internal_weight=43020.3 11.3489 0.509683 10.8392 3.80782 2.52398 43009 6484.84 24.1825 0.572831 6460.65 185.447 5.44806 0.345899 0.509085 36524.2 68.8554 1.8574 0.25094 0.979887 66.998 7.04881 36455.3 22356.4 36.5571 0.346212 22319.8 13.8339 0.90116 12.9327
internal_count=3570999 782570 444366 338204 320506 148110 2788429 30489 10201 8452 20288 16677 16373 3814 751 2757940 1188025 81214 60873 125827 1106811 715471 1569915 959013 87781 85295 871232 94281 42403 51878
cat_boundaries=0 1 2
cat_threshold=1 8
is_linear=0
shrinkage=0.05


Tree=19
num_leaves=31
num_cat=2
split_feature=1 2 1 3 2 3 0 3 3 3 4 11 3 2 2 14 11 2 9 3 0 0 3 2 9 2 3 13 9 2
split_gain=4.97541e+07 5.13829e+08 1.85053e+06 1.87316e+07 4.16661e+06 5.28132e+06 3.73493e+06 1.43919e+06 1.00552e+06 1.73449e+06 1.20042e+06 282773 242595 8.72655e+06 4.6329e+08 3.08809e+06 2.05383e+06 318225 2.2956e+06 3.33561e+06 2.16687e+06 1.9037e+06 1.51495e+06 1.73806e+07 2.12819e+08 4.18211e+07 6.5343e+06 8.68431e+06 2.6371e+06 4.16351e+07
threshold=0 121498.39000000001 1 638511.03500000015 32183.350000000002 55428.500000000007 322.50000000000006 118610.99500000001 1161.5000000000002 82611.000000000015 6049651.4350000015 4.5000000000000009 638511.03500000015 742945.80000000016 675815.54500000004 3689.9849999999874 1.0000000180025095e-35 56181.265000000007 138.50000000000003 9060.5000000000018 225.50000000000003 297.50000000000006 1161.5000000000002 13055.540000000003 11.500000000000002 1522.4100000000001 1585.5000000000002 14054.400000000001 5.5000000000000009 33214.085000000006
decision_type=9 2 9 2 2 2 2 2 2 2 2 2 2 2 2 2 2 2 2 2 2 2 2 2 2 2 2 2 2 2
left_child=1 8 3 4 -2 -6 -5 -3 -1 10 11 -10 17 14 15 16 -14 18 22 -20 -21 -22 -4 24 26 -26 -24 -28 -25 -30
right_child=2 7 12 6 5 -7 -8 -9 9 -11 -12 -13 13 -15 -16 -17 -18 -19 19 20 21 -23 23 28 25 -27 27 -29 29 -31
leaf_value=-1.1446747800053523 -2.1625616596395743 -0.84161346463495501 -0.11963571892446684 -221.03505410754758 -156.32038796713871 -0.30048544337626648 -0.34685678575455403 -1138.695388862737 -104.85043049817676 -6.6736809754771471 -0.88269804588032219 -0.17883513168504209 -105.52876015056987 0.11981674451749727 742.06483137538248 -1.1630192284935263 -0.13690047921304044 -0.07698368020642378 -0.6792218257971574 -0.69579945529896658 133.11927790227705 -0.42436405199441207 104.52442322238879 -0.053987597728616034 -25.473797630160821 819.33406191535551 -151.47936825563795 -5.5109206761895901 84.557806864917666 1.3979681139387683
leaf_weight=4.213641840887397 53.013718211982194 0.0042780039251127657 5182.0834205376887 0.23205281835214606 0.012627785172122263 1.1765266620020447 0.23083199560691739 0.19782244702913945 0.21510626145461831 2.5228092442467136 0.43378403785826342 0.071858069885144482 0.19781866618414579 6597.3498298935592 1.1429727748036373 80.473493084369395 0.75717092106398898 28866.334511536857 3.1327536770290978 0.61940738003143792 0.37443224024103189 0.32321117733265153 0.12869973895408904 1054.8825544861975 0.10296361789296291 0.013102751340398205 0.16156738830692319 9.0273299125140536 14.688346395265397 371.62785713829021
leaf_count=18438 1107058 164288 148580 16674 60762 20515 51 280506 77833 237140 2741 2027 4435 1929 147 7003 23 1288318 438 218 144 146 320 50906 2716 12628 12512 13295 18319 21504
internal_value=-0.00229637 -81.6306 0.0337558 -8.35337 -4.99551 -72.6095 -186.453 -1135.35 -18.7248 -35.9102 -74.8928 -99.1489 0.0467997 0.32322 16.3789 -2.68609 -64.7829 -0.00520263 0.306951 32.7449 78.231 107.441 0.280255 1.70788 66.01 718.567 -10.9751 -22.6932 1.2415 4.77
internal_weight=42245.7 7.6593 42238.1 54.6658 54.2029 1.18915 0.462885 0.2021 7.4572 3.24356 0.720748 0.286964 42183.4 6679.92 82.5715 81.4285 0.95499 35503.5 6637.17 4.4498 1.31705 0.697643 6632.72 1450.63 9.43366 0.116066 9.3176 9.1889 1441.2 386.316
internal_count=3571614 782973 2788641 1205060 1188335 81277 16725 444794 338179 319741 82601 79860 1583581 13537 11608 11461 4458 1570044 281726 946 508 290 280780 132200 41471 15344 26127 25807 90729 39823
cat_boundaries=0 1 2
cat_threshold=1 8
is_linear=0
shrinkage=0.05


Tree=20
num_leaves=31
num_cat=2
split_feature=1 2 1 3 2 3 2 2 4 3 3 3 13 3 2 2 2 2 3 2 3 8 2 9 2 3 2 4 3 3
split_gain=4.40074e+07 6.53146e+08 1.54148e+06 2.21804e+07 4.71129e+06 1.67104e+06 1.01591e+06 972262 374752 278215 395277 914109 183341 6.92526e+06 1.69701e+08 1.55526e+09 1.0064e+08 1.7935e+07 2.77808e+08 1.45393e+08 1.78347e+07 4.7066e+06 3.56478e+06 3.36706e+06 870646 350012 6.07631e+07 3.34224e+07 9.24335e+06 665718
threshold=0 121498.39000000001 1 638511.03500000015 32183.350000000002 121858.00000000001 56181.265000000007 30273.515000000003 9540369.8850000035 52787.680000000008 121.50000000000001 431.50000000000006 1.1596057447604836e-10 125479.34000000001 675815.54500000004 113714.07000000002 115597.52500000001 32183.350000000002 13718.500000000002 13666.770000000002 972.50000000000011 308728.81294117658 30273.515000000003 37.500000000000007 339.10500000000008 55428.500000000007 129384.09000000001 1.0000000180025095e-35 111647.50000000001 52787.680000000008
decision_type=9 2 9 2 2 2 2 2 2 2 2 2 2 2 2 2 2 2 2 2 2 2 2 2 2 2 2 2 2 2
left_child=1 7 3 4 9 6 -6 -1 -9 10 -2 -12 13 17 15 22 -17 18 20 -20 -4 -21 24 -22 -15 29 27 28 -27 -19
right_child=2 -3 12 -5 5 -7 -8 8 -10 -11 11 -13 -14 14 -16 16 -18 25 19 21 23 -23 -24 -25 -26 26 -28 -29 -30 -31
leaf_value=-6.8624838240080557 -0.70081409488153767 -1357.5950102522741 -9.6027218431046926 -217.22809242526316 -125.07213884669946 -0.58314195394860502 -0.0036944652200654412 -67.856313783151109 -1.0497118022084522 -0.29278505597606469 -63.004077120735843 -6.0999168795595446 0.073202074334400166 -1.7635352385671379 1.3440007943997252 0 -2132.3675720926731 -0.044592381960010891 -173.1603024259889 1030.9198535655019 -252.58710244583483 -3.4797176741629183 -2.2575919485445755 6.5399699308879136 -112.18753005249671 -102.63557651022103 -0.21329747904323137 -461.79811206613454 73.156375537075959 4.5504725189026614
leaf_weight=9.1157294562147548 5.7723868982664621 0.0018415520029887436 5.1133312708357002 0.24695087969325769 0.24094032696129417 0.49127112305413206 0.18697040901804471 0.044023591396138761 0.30296686436461373 52.8674519838724 0.0061998016317365004 3.2847927138402455 21054.518237079712 0.25636984816152764 214.49697620421648 0.058553091062377605 0.0071647069420459611 18803.316200464684 0.0085735200087951879 0.0043293489143252373 0.086159007285459555 0.0043293489143252373 10.537327844631955 0.086054463984396534 0.01121369543478079 1.5000459168365701 671.90397610349521 0.0619193885625694 0.24999715762017216 78.153728788904118
leaf_count=82894 408817 444752 49127 16761 57217 12412 11647 249717 5023 290381 27082 380372 671218 191 6894 473 51070 652576 15486 13489 10936 1049 21450 2858 9010 7497 49581 15441 927 4767
internal_value=-0.0792726 -73.3825 -0.0425671 -7.24778 -4.16853 -81.3321 -108.702 -13.5376 -53.6131 -1.74897 -9.36939 -20.8662 -0.0294865 -0.138773 -8.83403 -192.86 -2015.21 -0.0381431 84.2925 842.712 -51.8573 1023.03 -12.005 -227.981 -91.2494 -0.0653203 -1.18431 -233.126 -60.0512 -0.0253324
internal_weight=40912.9 9.46456 40903.5 63.097 62.85 0.919182 0.427911 9.46272 0.34699 61.9308 9.06338 3.29099 40840.4 19785.9 225.368 10.8706 0.0657178 19560.5 5.30278 0.0172322 5.28554 0.0086587 10.8049 0.172213 0.267584 19555.2 673.716 1.81196 1.75004 18881.5
internal_count=3571115 782386 2788729 1204689 1187928 81276 68864 337634 254740 1106652 816271 407454 1584040 912822 89088 82194 51543 823734 92945 30024 62921 14538 30651 13794 9201 730789 73446 23865 8424 657343
cat_boundaries=0 1 2
cat_threshold=1 8
is_linear=0
shrinkage=0.05


Tree=21
num_leaves=31
num_cat=2
split_feature=1 2 3 2 8 3 1 2 2 0 2 0 13 2 9 9 3 2 2 3 3 2 3 7 4 0 0 0 14 3
split_gain=4.28958e+07 2.88684e+08 3.2886e+08 810774 449737 385997 369296 7.80668e+06 1.75963e+06 530187 298396 533781 190266 2.17303e+07 8.72523e+07 6.77435e+07 1.70776e+07 6.62638e+08 1.11558e+09 1.02252e+07 3.79904e+06 2.43567e+06 3.90358e+07 4.18621e+06 2.11194e+06 969262 505355 362711 210230 207411
threshold=0 36557.340000000004 638511.03500000015 677.47000000000014 222898.50986111115 121.50000000000001 1 32183.350000000002 56181.265000000007 233.50000000000003 171.64000000000001 6.5000000000000009 1.168700691778213e-10 11618.250000000002 17.500000000000004 12.500000000000002 125479.34000000001 675815.54500000004 113714.07000000002 9426.0000000000018 892689.65000000014 32183.350000000002 1161.5000000000002 16710825.715000002 181271.38500000004 293.50000000000006 124.00000000000001 302.50000000000006 555428.42000000027 55428.500000000007
decision_type=9 2 2 2 2 2 9 2 2 2 2 2 2 2 2 2 2 2 2 2 2 2 2 2 2 2 2 2 2 2
left_child=1 4 -3 5 -1 -2 7 9 -9 -5 -7 -12 13 14 15 -8 21 18 -18 25 -20 22 -15 -24 26 28 -19 -27 -16 -23
right_child=3 2 -4 6 -6 10 12 8 -10 -11 11 -13 -14 16 19 -17 17 24 20 -21 -22 29 23 -25 -26 27 -28 -29 -30 -31
leaf_value=-29.64196482400483 -6.0102368356028215 -1247.659434464777 -0.69713280041770576 -29.688905321576051 -3.0930469882407281 -9.3513994763633121 656.08814867730825 -148.09337964299741 -2.7344633102581515 -0.44908703758159368 -0.33545811812471993 -62.777296279113273 0.069982137266943023 -0.5882172125594225 -27.726759275326209 -25.681390675707309 -14.243757089124314 14.043162956427674 -2104.8605757042892 -180.47241100574183 -27.780306958531952 -0.031474974087566596 -325.97949765446941 -0.034989518004682071 29.376994021893768 52.601230538263884 0.78206819739516065 -3.4740626584544674 -0.49495955058077501 -0.92724142352756356
leaf_weight=1.1338896542116437 8.6135517074232713 0.12433545811641944 1.0002644731912733 0.60079034696790401 7.5119548777452012 2.2935685825898262 0.0063366235563474529 0.13679520648170329 0.30195443607588468 50.405424818193019 0.50682207278510871 0.12938186452292777 20848.738760379729 20.2586892958468 0.14640513363693353 0.45849092016095305 1.8179812094305625 7.227031707763671 0.014483220075504306 0.012041721493088242 0.029379913991000577 19400.158944910381 0.074579677944039413 0.10872038453817368 7.2329349382780483 0.11621399968862522 57.839866584166884 0.23244067592349893 1.9557362252073955 667.49460415494832
leaf_count=69858 19386 310128 371863 734324 30349 8750 17083 68554 14092 339106 180 25812 642122 31009 8815 4035 26635 972 51334 9175 1222 678424 23784 13 3439 783 2670 1334 395 75094
internal_value=-0.0820182 -71.9184 -660.918 -0.0456619 -9.28748 -12.7557 -0.0417897 -3.88403 -119.491 -1.35784 -26.0103 -43.6437 -0.0359198 -0.145428 117.451 425.159 -0.168328 -23.9572 -770.164 -46.63 -2073.02 -0.0793147 -16.9221 -296.066 5.50369 6.13441 2.44533 40.357 -10.7197 -0.0613151
internal_weight=41086.7 9.77044 1.1246 41076.9 8.64584 11.5433 41065.4 51.445 0.43875 51.0062 2.92977 0.636204 41013.9 20165.2 2.92767 0.464828 20162.3 74.1617 1.86184 2.46284 0.0438631 20088.1 20.442 0.1833 72.2998 2.4508 65.0669 0.348655 2.10214 20067.7
internal_count=3570740 782198 681991 2788542 100207 54128 2734414 1156076 82646 1073430 34742 25992 1578338 936216 41620 21118 894596 86272 79191 20502 52556 808324 54806 23797 7081 11327 3642 2117 9210 753518
cat_boundaries=0 1 2
cat_threshold=1 8
is_linear=0
shrinkage=0.05


Tree=22
num_leaves=31
num_cat=2
split_feature=1 2 3 1 2 13 3 2 2 3 2 0 3 0 2 3 3 3 9 3 3 2 2 3 3 2 2 2 3 3
split_gain=4.29127e+07 3.3327e+08 2.32623e+08 428332 1.16157e+07 209544 4.41914e+07 1.68053e+09 2.69998e+07 1.0485e+08 2.15649e+07 2.14843e+06 1.53944e+06 971756 367594 3.10783e+06 1.82743e+06 520727 279910 261136 247063 3.19902e+07 1.88542e+08 2.09774e+07 250599 1.89672e+07 1.56616e+08 1.05841e+08 123214 120553
threshold=0 30273.515000000003 692315.43000000005 1 31213.930000000004 1.168700691778213e-10 125479.34000000001 675815.54500000004 30273.515000000003 1585.5000000000002 11618.250000000002 293.50000000000006 494.16500000000002 155.50000000000003 31213.930000000004 142.50000000000003 866.50000000000011 30649.500000000004 17.500000000000004 1347.3750000000002 55428.500000000007 131497.10000000003 121498.39000000001 118610.99500000001 49116.785000000011 127513.48500000002 56181.265000000007 48479.575000000004 121858.00000000001 596754.24500000011
decision_type=9 2 2 9 2 2 2 2 2 2 2 2 2 2 2 2 2 2 2 2 2 2 2 2 2 2 2 2 2 2
left_child=1 -1 -3 4 29 6 8 10 9 12 -8 13 18 -9 15 -10 -17 -18 -5 -14 24 22 -22 -24 -16 26 27 -26 -23 -2
right_child=3 2 -4 5 -6 -7 7 11 14 -11 -12 -13 19 -15 20 16 17 -19 -20 -21 21 28 23 -25 25 -27 -28 -29 -30 -31
leaf_value=-6.4903804405354819 -1.1596111493835053 -1154.5861996278795 -0.82938823150543284 -36.593459215223412 -156.7924870156711 0.050831200707103244 -31.669542028145834 25.31908173932932 -0.12393422774489876 -554.23665795305931 -2076.3142747636289 41.7331817967452 -3.8233135784231771 -0.45588239572908656 -0.071823241938839974 -2.0771957899201983 -1.7278843961735868 119.76943494727912 -5.7496389045562974 59.882903963813284 -686.18892837863825 -0.074423289000211487 -8.1133518051852871 267.1412652606445 -0.93216506026286783 -0.11176963986976757 -0.5175613340577131 822.75984534925067 -4.596696690271119 -13.086052783849059
leaf_weight=8.226982717094117 71.079600981359988 0.22127000742653091 0.68246685795772866 0.064184782994627265 0.22554599658160057 20177.21065028201 0.044939311469547889 3.3302124231726458 12.956179225029356 0.073240425626911576 0.011959286705479182 3.3274769783020011 0.057186439633369335 23.297774790320545 17925.191827690076 0.48354947920347591 0.065808556123670314 0.013358371332287788 4.2603484231261284 0.0087533018875092239 0.11177633154252276 505.00025416972812 1.6379461297723077 0.1316660091506493 0.62031841156724832 974.73466192120827 13.29403684187146 0.0401190186142375 14.526666373130864 1.2004421579444358
leaf_count=82780 1097850 320974 378433 20831 89015 644143 4697 2284 1305 41228 79368 1432 2826 3374 654472 112 642 451 24790 322 22588 48681 2270 143 1460 17696 5975 717 1451 18641
internal_value=-0.10666 -73.09 -741.416 -0.069637 -3.64701 -0.0620875 -0.179057 -59.8174 -0.0839767 -111.218 -2019.35 9.0181 -2.3796 3.56722 -0.0527532 7.90015 74.5088 110.755 -12.995 52.8736 -0.0586916 -1.13133 -167.272 101.425 -0.0290631 0.745474 56.6285 514.475 -0.20947 -1.53363
internal_weight=39742.1 9.13072 0.903737 39733 72.5056 39660.5 19483.3 30.0124 19453.3 4.46371 0.0568986 29.9555 4.39047 26.628 19448.8 13.5189 0.562716 0.0791669 4.32453 0.0659397 19435.3 521.408 1.88139 1.76961 18913.9 988.689 13.9545 0.660437 519.527 72.28
internal_count=3570951 782187 699407 2788764 1205506 1583258 939115 91155 847960 89997 84065 7090 48769 5658 757963 2510 1205 1093 45621 3148 755453 75133 25001 2413 680320 25848 8152 2177 50132 1116491
cat_boundaries=0 1 2
cat_threshold=1 8
is_linear=0
shrinkage=0.05


Tree=23
num_leaves=31
num_cat=2
split_feature=1 2 2 1 3 3 3 3 2 13 3 3 8 3 2 2 3 13 3 3 4 4 0 12 3 2 2 0 3 2
split_gain=3.53039e+07 3.90509e+08 3.26838e+08 439390 579096 314867 250046 1.10943e+07 189528 1.02344e+08 9.58138e+07 3.27925e+08 9.77123e+06 510152 507327 231475 203327 198354 3.07666e+07 1.36656e+09 2.72176e+06 1.05126e+07 486257 394703 202618 1.2142e+07 1.44336e+07 9.54597e+06 428564 8.7971e+07
threshold=0 32183.350000000002 675815.54500000004 1 555826.50000000012 638511.03500000015 125479.34000000001 31471.275000000005 12757.415000000003 5.8662408264353884e-11 13077.685000000001 1347.3750000000002 216978.45714285717 11507.100000000002 171.64000000000001 11618.250000000002 125479.34000000001 2.3317170416703453e-10 125479.34000000001 555826.50000000012 44603.125000000007 194686.41 212.50000000000003 23.500000000000004 115033.45000000001 148180.10000000003 133614.88000000003 233.50000000000003 55428.500000000007 133614.88000000003
decision_type=9 2 2 9 2 2 2 2 2 2 2 2 2 2 2 2 2 2 2 2 2 2 2 2 2 2 2 2 2 2
left_child=1 -1 -3 4 6 -6 7 -2 9 10 11 14 -13 -11 -5 16 -12 18 23 -20 22 -22 -21 24 28 26 27 -26 -10 -30
right_child=3 2 -4 8 5 -7 -8 -9 17 13 15 12 -14 -15 -16 -17 -18 -19 19 20 21 -23 -24 -25 25 -27 -28 -29 29 -31
leaf_value=-4.4970566350763113 -1.7823652952591127 -1393.3620760410613 -2.4128738646656771 -2.9721482839117481 -0.014672040700200856 -51.226594876365631 -0.081487871532781253 -167.98067312903413 -0.048182725261350805 -0.16983239837382696 -53.759921517897354 1148.0116099087909 -10.034462970997108 -14.490201551424661 -51.895626971639722 -1.3671988529499948 -7.9161098334895303 0.077953246864709683 -1816.661640209194 15.260786034418471 8.0198356483499449 177.22558582051269 -0.61756147835574171 16.072583353805918 276.61353657283138 -0.63419717073036619 -2.0261678486035652 -27.295416153292958 -327.95057355998546 -0.064388964294570347
leaf_weight=12.364955781655645 38.611408331053163 0.0013871875812928583 0.73637293465435505 1.2237542001790243 0.42953171925578348 0.0023091403698815008 29.692795957603778 0.031645943101941465 18901.24769842553 1192.3177642663859 0.039752033444528934 0.013705373509874774 0.0010448704665577688 5.252037491754435 0.15525830545206831 0.70521090924739838 0.8745484403288859 18797.357927170953 0.057563775978766496 5.2370981574059128 5.2370981574396263 0.14197115600424037 20.931295394897461 2.7867879061013801 0.17477557008844916 103.14722939399294 1.425310800167199 0.12114227521702856 1.0556452258746265 421.24590428806243
leaf_count=87872 785167 692217 1538 331 6739 16932 170634 226352 748493 18418 13741 4825 1126 12687 20643 1238 4537 587815 77266 2854 1507 4638 1555 144 1538 3941 300 1092 27936 46601
internal_value=-0.0628738 -60.5574 -805.341 -0.0259647 -3.73316 -35.8775 -3.55386 -6.15249 -0.0184655 0.599853 252.672 454.148 1136.93 -0.244677 -27.981 -27.8974 -36.954 -0.0378882 -0.149767 -48.679 10.2635 39.5688 3.00475 -0.0683329 -0.0714755 2.10996 106.361 227.138 -0.0834229 -1.65684
internal_weight=39542.6 13.1027 0.73776 39529.5 68.7677 0.431841 68.3359 38.6431 39460.8 1200.58 3.01327 1.39376 0.0147502 1197.57 1.37901 1.61951 0.9143 38260.2 19462.8 31.605 31.5475 5.37907 26.1684 19431.2 19428.4 104.868 1.72123 0.295918 19323.5 422.302
internal_count=3570677 781627 693755 2789050 1205824 23671 1182153 1011519 1583226 77546 46441 26925 5951 31105 20974 19516 18278 1505680 917865 87820 10554 6145 4409 830045 829901 6871 2930 2630 823030 74537
cat_boundaries=0 1 2
cat_threshold=1 8
is_linear=0
shrinkage=0.05


Tree=24
num_leaves=31
num_cat=2
split_feature=1 2 3 2 1 3 2 3 0 3 13 3 3 0 2 9 3 2 3 2 3 9 3 0 4 8 2 8 0 3
split_gain=5.66744e+07 5.25363e+08 3.78214e+07 1.18656e+07 317505 537863 209317 5.94042e+06 4.6162e+06 524704 208046 3.34703e+07 3.31929e+07 2.64161e+07 2.41899e+06 7.27847e+06 1.02824e+06 671119 253647 4.30545e+07 7.38475e+07 1.02902e+07 4.99195e+06 2.59656e+06 232233 157533 144156 210029 104599 102966
threshold=0 31213.930000000004 749171.40000000014 742945.80000000016 1 555826.50000000012 510.46000000000004 125479.34000000001 9.5000000000000018 121.50000000000001 1.7553247744217518e-10 125479.34000000001 692315.43000000005 267.50000000000006 12757.415000000003 12.500000000000002 6145.4750000000013 11618.250000000002 55428.500000000007 135684.95500000005 115033.45000000001 8.5000000000000018 107996.56000000001 233.50000000000003 399864.96500000003 216978.45714285717 14310.640000000001 207846.94500000004 226.50000000000003 49116.785000000011
decision_type=9 2 2 2 9 2 2 2 2 2 2 2 2 2 2 2 2 2 2 2 2 2 2 2 2 2 2 2 2 2
left_child=1 -1 3 -3 5 6 28 8 -8 -10 11 14 13 -13 15 17 24 -6 26 20 22 23 -20 -22 25 -17 27 -16 -2 -28
right_child=4 2 -4 -5 10 -7 7 -9 9 -11 -12 12 -14 -15 18 16 -18 -19 19 -21 21 -23 -24 -25 -26 -27 29 -29 -30 -31
leaf_value=-11.940588848884309 -0.40808662944720231 -1360.1885968248844 -0.37664888563624577 -1.4687256688067376 -156.31324853277746 -32.368869883683473 -1.6446400178617382 -0.083361703612416321 -0.044571139111033026 -156.00257564532936 0.055349984631280082 -144.10454838451329 21.385702585535014 -26.396203345733753 -0.71838278700710312 -33.442242470091138 -50.066680766514388 -7.445933148700437 -371.22972421720004 -0.18614169733734409 283.48627689538813 -37.150879104890599 -32.581668346562566 -11.173542946078641 -1.5456087875310716 -2.3544773445646165 -0.078247404816019661 7.0871067574003463 -15.042559645677983 0.45147249869843603
leaf_weight=3.5517538466609819 53.106419284358623 0.018532244488701131 0.056343867734540289 0.018532244488596916 0.011714676632421539 0.56722227605059927 0.97247975736196524 30.327993959188461 0.057171091309533684 0.18398298582721162 20577.809741386558 9.6349655553028839 9.6347059796198398 9.6330424168702535 16.895797437297528 0.067458623316215882 0.39366111675328319 0.19593806937336922 0.84373355752169132 487.9656323588128 0.001839265941769326 0.08070829380322285 0.33714646602311404 0.0019117799788528295 11.868577739921387 0.93082061701769603 16934.679622105792 16.2416009095645 0.25193955263426815 968.90350338264398
leaf_count=85462 23389 323671 372543 265 16416 23583 18461 165917 420706 541000 631199 64887 6707 20410 2882 7164 10461 1296 26472 49977 773 1446 1713 389 7171 1079 704611 963 12707 27278
internal_value=-0.0979149 -98.439 -1268.78 -1337.33 -0.061068 -2.92616 -2.69551 -5.85779 -84.9307 -148.859 -0.0539741 -0.175811 -53.0316 -89.4624 -0.0900914 -20.5267 -9.11082 -138.33 -0.0740402 -1.19614 -218.67 214.534 -333.819 271.788 -4.33725 -20.142 -0.0433693 3.20271 -0.752736 -0.0495562
internal_weight=39135.2 3.64516 0.0934084 0.0370645 39131.6 85.4672 84.9 31.5416 1.21363 0.241154 39046.1 18468.3 28.9027 19.268 18439.4 13.4682 13.2605 0.207653 18426 489.231 1.26534 0.0844593 1.18088 0.00375105 12.8669 0.998279 17936.7 33.1374 53.3584 17903.6
internal_count=3570998 781941 696479 323936 2789057 1205763 1182180 1146084 980167 961706 1583294 952095 92004 85297 860091 43587 25875 17712 816504 80770 30793 2608 28185 1162 15414 8243 735734 3845 36096 731889
cat_boundaries=0 1 2
cat_threshold=1 8
is_linear=0
shrinkage=0.05


Tree=25
num_leaves=31
num_cat=2
split_feature=2 1 11 3 3 3 1 3 2 3 3 11 3 3 3 2 7 2 2 6 2 3 8 2 14 8 0 3 2 8
split_gain=3.60487e+06 3.50695e+06 8.55159e+07 2.33624e+06 1.0745e+06 376821 270349 595752 212590 5.74734e+06 4.27666e+06 205196 5.63253e+07 5.96343e+08 8.23657e+08 2.19168e+08 3.16543e+07 2.06069e+07 5.20098e+06 5.82681e+06 665307 4.09111e+06 2.63408e+06 2.09972e+06 9.83578e+06 1.45044e+06 450644 1.68895e+06 329054 668225
threshold=171.64000000000001 0 1.0000000180025095e-35 163.50000000000003 749171.40000000014 29772.545000000002 1 520263.75000000006 510.46000000000004 125479.34000000001 31191.500000000004 1.0000000180025095e-35 121858.00000000001 125479.34000000001 638511.03500000015 40227.305000000008 8443060.9150000028 113714.07000000002 154728.65500000003 1.0000000180025095e-35 11353.110000000002 5994.0850000000009 225027.25000000003 15015.625000000002 385091.82000000007 262954.27500000008 7.5000000000000009 60121.000000000007 339.10500000000008 169022.17750000002
decision_type=2 9 2 2 2 2 9 2 2 2 2 2 2 2 2 2 2 2 2 2 2 2 2 2 2 2 2 2 2 2
left_child=3 2 4 -1 -2 -4 7 8 -3 10 -10 12 20 18 15 -15 -17 -16 19 -14 21 28 -23 24 -22 -26 27 -13 -8 -30
right_child=1 6 5 -5 -6 -7 11 -9 9 -11 -12 26 13 14 17 16 -18 -19 -20 -21 23 22 -24 -25 25 -27 -28 -29 29 -31
leaf_value=87.961542148339362 -477.99506470033361 -0.52662736419682066 -29.90144538553292 -15.141540337645019 -0.3411131172760723 -0.33506348995974311 5.7476881357998462 -35.737330461428016 -5.3589626015103233 -0.087776619541369644 -160.2709339339801 -0.60450104345678946 160.14513914003751 -14.405754705591832 -8.0604243151392705 -2032.0238651252298 17.371758947285752 380.00675009693208 -3.3201447334582825 -12.688687297122055 -12.595971892174347 -134.67694559740468 -9.2537502476484033 -0.083491162107532491 -2.0875221244577689 180.08042184173723 0.057056193700424862 44.701592024194902 -35.876011718375523 -1.9259963306848378
leaf_weight=0.87508771177199374 0.0043936770457787535 49.655609813067862 0.14185715393413545 0.41512862325071076 0.013381037570070475 19.619946911371912 7.8008834305519263 0.38420024514198203 0.92473576126328794 27.874677360057831 0.013569235160673543 8.7168871016334268 0.080134600399381917 0.17562658881179868 0.44153257917153521 0.02026063824809686 0.0020644310268102392 0.078871137244994283 15.1409770268641 0.64606411340140635 2.4637575785145427 0.0079275248572230339 0.99626506913514024 18805.900162978316 0.097023569304171164 0.014176178617846424 19075.082092451772 1.6819139695393541 0.7211304224288434 10.052242655505641
leaf_count=4988 245447 24030 52147 9110 241674 241724 399 27075 758204 162024 221947 983 381 11410 2456 73449 1743 5831 1299 760 9021 13982 3882 843206 738 526 590553 138 12577 9271
internal_value=-0.0689725 -0.0727485 -16.9433 62.6593 -472.055 -1.97753 -0.0590504 -2.79857 -2.54171 -5.88015 -89.1321 -0.0525453 -0.169591 -89.6115 -974.399 -1730.22 -2010.89 262.005 5.83924 88.1051 -0.086047 -9.07146 -76.95 -0.0762116 38.2393 162.291 0.0629985 10.0017 -1.65775 -7.05311
internal_weight=38030 38028.8 19.7796 1.29022 0.0177747 19.7618 38009 78.8528 78.4686 28.813 0.938305 37930.1 18844.6 16.5855 0.718355 0.197952 0.0223251 0.520404 15.8672 0.726199 18828.1 19.5784 1.00419 18808.5 2.57496 0.1112 19085.5 10.3988 18.5743 10.7734
internal_count=3570975 3556877 780992 14098 487121 293871 2775885 1193280 1166205 1142175 980151 1582605 990931 97329 94889 86602 75192 8287 2440 1141 893602 40111 17864 853491 10285 1264 591674 1121 22247 21848
cat_boundaries=0 1 2
cat_threshold=1 8
is_linear=0
shrinkage=0.05


Tree=26
num_leaves=31
num_cat=2
split_feature=3 13 2 0 1 4 2 3 9 13 2 2 14 14 12 1 2 13 7 13 3 2 2 2 2 13 13 3 13 14
split_gain=6.13091e+06 4.43976e+09 6.77866e+10 5.1257e+06 3.84812e+06 1.30895e+07 3.58472e+06 1.55408e+06 1.07103e+08 2.01648e+07 1.61866e+07 2.20074e+07 5.14358e+07 2.50027e+06 383194 314205 1.01689e+07 295441 1.32401e+06 333694 292108 6.56475e+06 4.12898e+07 3.04327e+07 1.14956e+07 715995 250370 244842 580044 222703
threshold=203917.35500000001 2.0725110516650605e-10 204502.29500000001 293.50000000000006 0 1622882.6950000001 12757.415000000003 125479.34000000001 5.5000000000000009 1.4042598195374014e-09 196805.11000000002 123547.48500000002 441782.28999999998 493373.24000000005 2.5000000000000004 1 30273.515000000003 5938.3350000000328 2608234.7350000008 3354.1400000000008 111647.50000000001 123547.48500000002 61117.840000000004 94753.440000000017 111694.895 6.2755134422332059e-10 8.2218321040272723e-10 121858.00000000001 1.473381416872144e-10 1122450.2400000005
decision_type=2 2 2 2 9 2 2 2 2 2 2 2 2 2 2 9 2 2 2 2 2 2 2 2 2 2 2 2 2 2
left_child=4 2 3 -2 5 6 -1 15 10 -10 11 -9 -13 14 -12 16 -6 18 -3 -20 -17 22 -22 -24 -25 27 -27 -23 -29 -19
right_child=1 17 -4 -5 7 -7 -8 8 9 -11 13 12 -14 -15 -16 20 -18 29 19 -21 21 25 23 24 -26 26 -28 28 -30 -31
leaf_value=-9.953707814011473 -112.02214947617267 -0.80550101891954595 13374.176083144783 -1.0936366147125303 -0.98355324393471344 -8.9569161782482034 -307.916360816664 -0.4605237011472505 -565.69254325383565 -0.1116073464769138 -213.19704053924835 -123.65452866439273 404.22029029638179 -24.647154743338394 -2.9417185691266305 -0.044429808425426993 -162.06088410975497 0.070300168096355142 -69.279660826100837 -0.37703945184517063 -3.0986754753870329 -0.17662196062464267 -44.275394515828175 -28.828582811069023 469.82522238133635 -0.088995645045123625 -43.226598777914802 -35.825055997754269 -0.39754530265580773 -3.0242583583286105
leaf_weight=0.18894856151039979 0.12122504134561474 6.8963303172289212 0.0095863861681316775 14.92159977566976 40.881692900709268 0.92222872256678345 0.017794732507954547 92.696136057742024 0.0065455768275758377 0.18734058737754822 0.016411080302994388 0.20784524551787875 0.01363525476919214 0.61934996821787447 0.051191144305483924 27594.784773731786 0.0042226594413524712 10104.451118619116 0.014662506996182212 0.22601699829101562 6.6063291989409985 61.853351297134594 0.24060213121820448 0.0074940424025474297 0.0037675962634418801 0.44955338211730406 0.38956367719893209 0.66582790411027204 3.8462062987796344 57.475853228281267
leaf_count=10193 303362 2713 103048 45228 930764 48455 240422 77592 24065 19 8073 3923 1903 4372 550 1421348 79902 166640 14391 215 2935 4414 1481 761 538 14 3072 1477 49 68794
internal_value=0.306988 1.35647 832.234 -8.91486 -0.0774447 -28.2347 -269.515 -0.0651076 -6.45608 -477.041 -0.449116 2.31285 213.161 -153.953 -205.876 -0.0432651 -3.93061 0.0448798 -9.47869 -57.0355 -0.0359452 3.07891 46.3259 309.628 437.617 -1.94886 -32.7332 -1.07943 -11.1774 0.052501
internal_weight=37988.8 10184.1 15.0524 15.0428 27804.7 1.12897 0.206743 27803.5 93.7985 0.193886 93.6046 92.9176 0.221481 0.686952 0.0676022 27709.7 40.8859 10169.1 7.13701 0.24068 27668.8 74.0627 6.85819 0.251864 0.0112616 67.2045 0.839117 66.3654 4.51203 10161.9
internal_count=3570713 704391 451638 348590 2866322 299070 250615 2567252 120497 24084 96413 83418 5826 12995 8623 2446755 1010666 252753 17319 14606 1436089 14741 5715 2780 1299 9026 3086 5940 1526 235434
cat_boundaries=0 1 2
cat_threshold=1 8
is_linear=0
shrinkage=0.05


Tree=27
num_leaves=31
num_cat=2
split_feature=1 2 1 3 2 3 3 3 2 9 3 3 2 0 2 4 13 4 7 3 13 3 13 7 0 13 4 2 2 3
split_gain=2.10532e+08 6.13983e+09 559328 726194 404141 9.05956e+06 1.3285e+06 368433 6.54107e+06 2.05711e+07 1.31316e+09 3.26134e+09 1.87419e+07 2.72114e+07 1.82367e+07 4.73379e+07 7.20999e+06 1.73793e+06 1.46588e+06 1.12598e+07 1.39782e+08 9.75224e+06 3.69586e+06 3.65812e+06 3.51847e+06 1.86775e+06 1.1335e+06 2.8377e+06 771234 720054
threshold=0 31213.930000000004 1 500122.64000000007 510.46000000000004 125479.34000000001 100.26000000000001 49116.785000000011 204502.29500000001 6.5000000000000009 125479.34000000001 203917.35500000001 56181.265000000007 155.50000000000003 115597.52500000001 5374620.540000001 1.4779288903810087e-11 5190943.3150000004 477888.12000000005 125479.34000000001 28045.490000000016 309164.30000000005 8662.8550000000214 652023.28500000003 214.50000000000003 326347.69000000006 74208.785000000018 308411.78000000009 1522.4100000000001 2782312.6150000007
decision_type=9 2 9 2 2 2 2 2 2 2 2 2 2 2 2 2 2 2 2 2 2 2 2 2 2 2 2 2 2 2
left_child=1 -1 3 4 -2 6 -6 -4 9 -9 12 -12 13 16 15 17 -11 -14 -10 -20 22 23 -21 -22 26 -26 -23 -28 -13 -29
right_child=2 -3 7 -5 5 -7 -8 8 18 10 11 28 14 -15 -16 -17 -18 -19 19 20 21 24 -24 -25 25 -27 27 29 -30 -31
leaf_value=-1.310321414719152 -1.2310929898664043 -3923.7148073222816 -0.056379781353058017 -47.130700471058667 -0.26459908092243084 -0.10594821147609251 -161.1342816981132 0.6945225392874983 -0.0037005873353252589 361.70556921970814 3099.2075381725267 -0.59105534318797448 -407.646153955508 -5.4613020307790636 -0.13606972663407013 23.201258943159534 -0.9990434182162895 0 -0.66431534442807116 -622.01469780170851 -10.143938453717015 39.586919151742151 -7.1461026338799316 -173.93011749107771 -8.2364895076326263 113.07421688390293 -0.60087835109439625 -91.367526641461566 -48.855426635640988 -0.94553382363687521
leaf_weight=21.435842998829632 23.349540657968152 0.046417202167559846 25250.296355023842 0.098013974726199105 0.14944651341752618 13.63179239630699 0.0804597584206867 836.14776356099901 9888.0245759887348 0.0095770079644132144 0.19763588905333573 2.5247644302996508 0.0087067796525038821 1.5005461724369284 185.15745508559732 1.6155839003656443 0.15214323967440976 0.026848778659555039 218.78782017714681 0.0055152691436026252 0.67524197550855813 0.45421074521900706 0.049171536514351182 0.1455779173608035 0.27578022014004133 0.040626062080264091 17.12037230284956 0.15361750237481686 0.25001181805673267 0.29837370291352272
leaf_count=85541 35919 696829 1264235 30690 423536 159027 556651 107603 62122 1724 13356 438 12042 11078 16311 583 515 23 36501 19386 878 264 342 9343 663 366 2197 3636 20918 53
internal_value=-0.0712145 -127.308 0.0422059 -5.33439 -5.38964 -11.8401 -141.806 0.049326 0.288658 4.08762 18.8267 918.474 -0.134506 131.599 -2.0012 -132.21 313.34 -397.078 -0.0972266 -3.96649 -39.6668 -8.38385 -600.129 -118.765 2.43984 81.3997 -3.15118 -6.32816 -16.7316 -73.4411
internal_weight=36462.7 21.4823 36441.2 37.3093 37.2112 13.8617 0.229906 36403.9 11153.6 1027.59 191.443 2.97241 188.471 1.66227 186.809 1.65114 0.16172 0.0355556 10126 238.006 19.2185 19.1638 0.0546868 0.82082 18.343 0.316406 18.0266 17.5724 2.77478 0.451991
internal_count=3572770 782370 2790400 1205823 1175133 1139214 980187 1584577 320342 184591 76988 34712 42276 13317 28959 12648 2239 12065 135751 73629 37128 17400 19728 10221 7179 1029 6150 5886 21356 3689
cat_boundaries=0 1 2
cat_threshold=1 8
is_linear=0
shrinkage=0.05


Tree=28
num_leaves=31
num_cat=1
split_feature=1 9 6 2 0 2 4 13 2 2 0 0 0 2 8 9 0 4 2 9 6 0 2 2 4 7 4 13 0 0
split_gain=6.51659e+06 6.27657e+07 3.62079e+06 1.41416e+06 1.64701e+07 303465 4.70585e+06 189128 1.57447e+06 1.9389e+06 1.8205e+06 1.06716e+06 2.29963e+06 692087 5.07801e+06 491413 180857 806534 162601 153930 76356.9 81662.3 70445.9 187342 130030 772760 1.81752e+06 2.58904e+06 130721 503441
threshold=0 5.5000000000000009 46.500000000000007 30273.515000000003 297.50000000000006 510.46000000000004 1.0000000180025095e-35 1.1596057447604836e-10 12757.415000000003 13973.795000000002 139.50000000000003 230.50000000000003 250.50000000000003 1868.4450000000004 222898.50986111115 158.50000000000003 7.5000000000000009 8984212.0800000001 339.10500000000008 11.500000000000002 6.5000000000000009 225.50000000000003 59366.585000000014 104039.41000000002 5018886.8550000014 2346013.7200000002 7560428.8550000014 207941.74000000002 140.50000000000003 139.50000000000003
decision_type=9 2 2 2 2 2 2 2 2 2 2 2 2 2 2 2 2 2 2 2 2 2 2 2 2 2 2 2 2 2
left_child=1 3 -3 20 -5 6 -2 8 10 11 -7 -10 -13 19 15 -15 17 -9 -8 -12 21 -1 -18 24 -24 26 27 -26 29 -27
right_child=5 2 -4 4 -6 7 18 16 9 -11 13 12 -14 14 -16 -17 22 -19 -20 -21 -22 -23 23 -25 25 28 -28 -29 -30 -31
leaf_value=-4.4986434902963071 96.112432364692324 -365.91821899514298 -0.83539593593961081 -186.43154997345385 -4.1950248178044909 -78.498544582013039 -34.152895254001379 -1.3316187609836154 -3.9693697136757282 -0.18472141417781196 -1.7402441998464977 107.78759524796656 -0.59676842942926578 -130.10768334538463 -2.2195597186556295 -0.49720887210856662 -0.13221931895288946 40.67659594683569 -6.1817079986107757 -18.202914718702313 -0.8553934609613445 -20.435101170982492 0.50564756994300986 0.037548873758926335 73.495891451942782 1.8004118993508069 -0.10841044258996407 -0.097359932152735168 -0.091864421138434627 25.923368217648058
leaf_weight=10.307243239257808 0.20749565956515637 0.36268836706409402 0.076331838965415955 0.39014236629011279 11.943884141743181 0.064329626333068712 0.42736114182492513 4.6679190147294554 0.7457404090091575 14845.131829108315 13.465223527072878 0.13568959740223363 0.84062502207962098 0.031402410971046346 5.035539196491591 0.087087038904428482 4855.4159972163579 0.48812307049254133 1.7368962374848036 0.63102890710209081 15.091588205647891 0.037280286213575375 1022.3951113281142 14912.828611036375 1.4954536687200879 29.649046730384196 8.6674740999799536 2.2881181353905191 89.549018309326101 1.352583141415997
leaf_count=735836 279 376567 911 412145 46283 9309 2478 939 1983 862697 1808 253 1284 23159 7037 84 115866 128 1224 3399 12835 403301 78957 465814 107 2604 683 191 4304 85
internal_value=-0.0832901 -18.266 -347.137 -10.2996 -23.5091 -0.0582537 14.9412 -0.0596813 -0.196042 -0.176996 -14.1064 42.018 61.3818 -10.0252 -24.0721 -120.465 0.0371831 8.60606 -20.7544 -3.63451 -3.24703 -6.35277 0.0346601 0.0850923 0.698172 2.16327 13.5326 38.2728 0.887281 3.63021
internal_weight=35835.5 38.2092 0.43902 37.7701 12.334 35797.3 2.37175 35795 14866.2 14846.9 19.3146 1.72206 0.976315 19.2503 5.15403 0.118489 20928.8 5.15604 2.16426 14.0963 25.4361 10.3445 20923.6 16068.2 1155.4 133.002 12.451 3.78357 120.551 31.0016
internal_count=3572550 1987878 377478 1610400 458428 1584672 3981 1580691 911013 866217 44796 3520 1537 35487 30280 23243 669678 1067 3702 5207 1151972 1139137 668611 552745 86931 7974 981 298 6993 2689
cat_boundaries=0 1
cat_threshold=9
is_linear=0
shrinkage=0.05


Tree=29
num_leaves=31
num_cat=1
split_feature=1 2 8 3 13 3 2 2 3 9 0 3 9 2 2 4 0 3 2 4 3 2 2 2 3 8 3 2 12 2
split_gain=1.24629e+07 1.89755e+08 569604 387780 202103 1.83217e+08 3.05333e+08 1.6517e+06 1.48229e+07 1.3026e+06 1.23776e+06 853016 9.59249e+06 2.06039e+06 686405 670016 1.26185e+06 579274 1.41997e+07 1.5611e+07 673009 8.55604e+07 1.26744e+08 937586 552523 462292 426758 455544 374632 464508
threshold=0 30273.515000000003 91934.200000000026 121.50000000000001 1.1596057447604836e-10 200540.16500000001 196805.11000000002 12757.415000000003 5994.0850000000009 161.50000000000003 36.500000000000007 125479.34000000001 6.5000000000000009 242443.20000000004 1690.1800000000003 1674816.4800000002 227.50000000000003 118610.99500000001 154728.65500000003 1.0000000180025095e-35 55428.500000000007 137752.24000000002 135684.95500000005 125469.93000000001 1.0000000180025095e-35 225984.28960317463 188459.50000000003 189306.45500000005 20.500000000000004 135684.95500000005
decision_type=9 2 2 2 2 2 2 2 2 2 2 2 2 2 2 2 2 2 2 2 2 2 2 2 2 2 2 2 2 2
left_child=1 2 3 -1 5 7 14 8 10 -10 -2 17 15 -14 -7 16 26 20 19 -19 28 22 23 -22 -12 -26 -13 -28 -9 -30
right_child=4 -3 -4 -5 -6 6 -8 11 9 -11 24 12 13 -15 -16 -17 -18 18 -20 -21 21 -23 -24 -25 25 -27 27 -29 29 -31
leaf_value=-2.3901818738268839 49.298587159447806 -654.55184712609844 -1.8230657940264292 -50.954003662566798 0.041458729861079832 -1.7657119334405822 -1074.3873771078422 -0.047528787417100482 -205.72743069682261 -0.45061514284934784 -1.9406648939319808 -4.3763022228591355 -171.95907527210127 -4.2503662779750888 -49.951477539417468 22.507608860376454 -54.815238459701611 260.95232001161924 -2.0526079142486759 -21.629691753033811 -730.72928633198467 -0.059245288097859811 -0.03765702364267759 -1.7295172092393276 -53.860990698518961 -2.2698301972295996 -2.6177921760009788 32.854742249951407 34.643542425034781 -1.795865938357033
leaf_weight=0.83003355155886416 0.092580590163396148 0.22703246911984898 13.098927167148203 0.087241813334899887 20298.983315175603 1.7482117745094858 0.056926071644329723 12907.303055220036 0.049652898226713926 0.088225492580778719 12.626215500694801 14.903690861479541 0.056926071643828347 0.28463035821914673 0.38687067981605205 1.6314383197459417 0.1664032961128602 0.1023163359984719 25.842889050306152 0.62906003776112196 0.001732242643585292 314.17440778200773 1.4858323679961816 0.0092211752538532421 0.029433416831853298 0.91311112555721607 1.5845159154850983 0.76217027689563099 0.73682940768594507 1.5747099990330751
leaf_count=404135 2051 795197 59407 729404 670790 669 26411 702817 20465 60 16278 6142 11773 6597 31219 392 3485 611 2435 1267 26063 45059 445 2204 4130 993 481 450 69 226
internal_value=-0.0841968 -35.2034 -5.69296 -31.1788 -0.0577573 -0.209366 -378.974 -0.11835 -16.8129 -190.212 -2.20819 -0.0997258 -10.3187 -139.549 -23.6465 -1.15615 -4.47478 -0.0839957 7.15551 145.786 -0.0990827 -2.37635 -293.916 -725.796 -5.9197 -30.7811 -1.012 15.2763 -0.0432179 16.772
internal_weight=33600.5 14.2432 14.0162 0.917275 33586.2 13287.2 2.19201 13285 13.7992 0.137878 13.6613 13271.2 19.3898 0.341556 2.13508 19.0482 17.4168 13251.9 26.5743 0.731376 13225.3 315.671 1.49679 0.0109534 13.5688 0.942545 17.2504 2.34669 12909.6 2.31154
internal_count=3571725 1988143 1192946 1133539 1583582 912792 58299 854493 43977 20525 23452 810516 29320 18370 31888 10950 10558 781196 4313 1878 776883 73771 28712 28267 21401 5123 7073 931 703112 295
cat_boundaries=0 1
cat_threshold=9
is_linear=0
shrinkage=0.05


Tree=30
num_leaves=31
num_cat=2
split_feature=1 13 1 4 3 3 7 13 3 2 2 2 3 2 9 13 9 2 14 0 3 3 2 2 3 4 9 2 13 4
split_gain=9.24329e+06 1.29703e+08 338584 1.14962e+07 1.00575e+07 295810 165257 137965 1.70169e+08 2.8058e+08 5.83383e+06 819734 1.17248e+07 1.05875e+06 1.03915e+06 1.1746e+06 190341 171737 571944 123052 103564 98200.1 3.19659e+07 1.31387e+08 1.06316e+07 3.73132e+06 2.15888e+06 4.8807e+06 1.46634e+06 163873
threshold=0 28045.490000000016 1 1.0000000180025095e-35 121.50000000000001 1.0000000180025095e-35 5713477.3100000015 2.3317170416703453e-10 196097.88500000004 201885.82500000004 186749.90500000003 12757.415000000003 685.31000000000006 12179.810000000003 161.50000000000003 1.1596057447604836e-10 -1.0000000180025095e-35 339.10500000000008 1342640.2950000002 4.5000000000000009 749171.40000000014 55428.500000000007 127513.48500000002 121498.39000000001 129818.50000000001 18188.925000000003 6.5000000000000009 204502.29500000001 1.1596057447604836e-10 226541.50000000003
decision_type=9 2 9 2 2 2 2 2 2 2 2 2 2 2 2 2 2 2 2 2 2 2 2 2 2 2 2 2 2 2
left_child=1 -1 7 4 -4 -5 -7 8 11 10 20 12 16 14 15 -14 -2 18 -9 -6 -10 -13 23 -23 25 -25 29 28 -28 -24
right_child=2 -3 3 5 19 6 -8 17 9 -11 -12 21 13 -15 -16 -17 -18 -19 -20 -21 -22 22 26 24 -26 -27 27 -29 -30 -31
leaf_value=-612.30705020114385 2.7411539401277025 -3.3238173844432986 -2.4428596629449753 -0.25390907090456083 -0.58918037706234616 -13.433344009083299 -1.3344415084270089 -2.7404388813221536 -40.519729243027605 -1060.2787804250918 104.90126919542388 -0.048172350171570857 -171.17101329984749 -5.7256824067464267 -0.65226355383114321 -8.1283270108433854 -15.263280508260019 0.026587159662411371 31.084427924091326 -234.18011447042792 -1.7722142492180013 -594.76038882599528 -0.016182241804405799 225.73858016161077 -5.3530509123546386 -15.790787098289059 -121.87974944825933 -5.2646451530166249 -7.3280629211601109 8.4317438703534986
leaf_weight=0.0063501842241285847 19.704565831090477 6.7504421605681735 0.93800403750953121 135.86239345054804 0.010798928327859404 5.9777532494948815 5.1497724295423222 3.2605681039573815 1.304266800468439 0.0026090780709137054 0.0082857453470116527 13529.235608781095 0.34509339441981712 0.25432132647961514 0.13132963702082634 0.23424439283780762 0.58788539620657942 19507.671555301389 0.89375557866816269 0.0030522262609866012 0.2890984592669833 0.10519439297368816 1275.2564084889816 0.04610971244983364 1.3305038144829637 0.044448815286159515 0.41176899018531332 7.7565732254617492 0.51850395426911544 4.7664009631100717
leaf_count=501686 3932 280466 440058 3516 1657 17323 1313 418 29655 27845 2077 747865 14671 717 53 530 14584 606706 112 764583 2242 37050 22988 604 471 939 13080 30191 814 3564
internal_value=-0.0876547 -36.153 -0.0690458 -2.37157 -123.08 -0.923723 -8.40617 -0.0583742 -0.173271 -404.312 3.88508 -0.102345 -9.69069 -126.315 -140.893 -152.139 1.52698 0.0289999 9.15454 -232.278 -36.8856 -0.0879379 -0.504549 -178.189 85.5696 201.41 -0.156109 -23.6717 -94.9082 0.0218287
internal_weight=34508.9 6.75679 34502.1 147.942 0.951855 146.99 11.1275 34354.2 14842.3 1.60426 1.60165 14840.7 21.2574 0.964989 0.710667 0.579338 20.2925 19511.8 4.15432 0.0138512 1.59337 14819.5 1290.24 1.52626 1.42106 0.0905585 1288.71 8.68685 0.930273 1280.02
internal_count=3571710 782152 2789558 1228450 1206298 22152 18636 1561108 953872 61819 33974 892053 34487 15971 15254 15201 18516 607236 530 766240 31897 857566 109701 39064 2014 1543 70637 44085 13894 26552
cat_boundaries=0 1 2
cat_threshold=1 18
is_linear=0
shrinkage=0.05


Tree=31
num_leaves=31
num_cat=1
split_feature=1 2 13 3 9 2 4 3 13 3 13 2 3 0 3 2 7 7 2 2 2 3 7 0 14 13 12 4 13 3
split_gain=1.66242e+07 1.20916e+08 8.10934e+07 471561 1.73957e+07 6.40906e+08 1.46027e+09 3.61453e+09 5.11201e+08 1.82064e+08 1.65521e+08 1.78094e+06 1.25459e+06 1.06023e+06 603031 853574 254590 1.99658e+06 2.4853e+06 929044 4.4839e+06 1.09966e+08 5.12196e+07 7.37504e+06 3.0006e+06 8.23132e+06 3.46286e+06 1.84237e+06 1.49673e+06 5.82189e+06
threshold=0 29343.235000000004 41172.855000000032 53994.500000000007 7.5000000000000009 109786.07500000001 1.0000000180025095e-35 111647.50000000001 2.9162094961066037e-10 121858.00000000001 2.3317170416703453e-10 2396346.4800000004 300659.00000000006 90.500000000000014 55428.500000000007 154728.65500000003 469205.93500000006 504272.97500000003 104039.41000000002 59366.585000000014 109786.07500000001 111647.50000000001 2866443.850000001 21.500000000000004 375734.22500000003 314067.36500000005 3.5000000000000004 541602.44000000006 11223.760000000075 107996.56000000001
decision_type=9 2 2 2 2 2 2 2 2 2 2 2 2 2 2 2 2 2 2 2 2 2 2 2 2 2 2 2 2 2
left_child=1 -1 -3 -2 16 6 13 8 -8 14 -11 -12 -9 -6 -7 -16 -5 18 -18 -19 21 22 23 -21 25 26 28 -27 29 -22
right_child=3 2 -4 4 5 9 7 12 -10 10 11 -13 -14 -15 15 -17 17 19 -20 20 24 -23 -24 -25 -26 27 -28 -29 -30 -31
leaf_value=-6.2881173987895176 -0.069815041755926011 -771.07672577075391 -0.26049632046690036 0.0034741564171432912 37.572422273395901 -0.098521869911423268 3947.789074122089 -72.494924234072712 -4.3202299883471635 -930.70815465095768 -27.874303700916098 53.042722958792979 -2.4376148188622673 -9.6786559691903964 -59.396211362501802 -0.14744965600125134 95.455252007917736 -0.39543742149625943 -9.5879278136566253 -4.6601277409175434 -0.36144223745005305 -1.5151952480363615 30.67572724501148 657.8262358748849 -4.9879653962904547 -2.1188705502000551 81.868544630571364 168.4357606260736 -16.554625704703462 104.72388477664445
leaf_weight=5.0174879154707943 23157.299338844878 0.025249842199177253 0.51244730725619125 9442.9386827328581 0.44200513974557321 168.86549806681455 0.0011321677945372579 0.21471386491647138 0.08672429528289452 0.0098176173872059902 0.71801921725701512 0.1377483457326889 1.5034686383798659 5.7482225201936581 0.04204167698774508 1.4714287483304431 0.23641303267732816 335.79748993406474 0.73543231681616283 0.029253102660048942 10.998167756210805 29.646711680556855 0.69700448211020116 0.0019861854362208031 78.577240985719953 0.15780010426683588 0.46997511239355816 0.039449681956412519 6.1092981915284286 0.4964080755772099
leaf_count=1183177 1301773 556654 248169 90834 450 1044 13528 12575 280 38975 1178 30 6165 4731 6173 27338 576 13976 1136 673 1017 6556 1319 2383 38652 248 195 615 9002 1488
internal_value=0.0295321 -50.0622 -514.37 0.054451 0.339792 15.7337 427.094 1373.25 3628.75 -5.84281 -497.101 6.71188 -34.6438 -1.54781 -0.460985 -24.7716 0.0597181 1.20189 51.4127 0.985915 4.60659 21.0344 408.735 634.51 -0.707986 17.0021 8.12741 144.182 1.86366 12.1947
internal_weight=33249 5.55519 0.537697 33243.5 10086.2 179.241 7.99627 1.80604 0.0878565 171.245 0.865585 0.855768 1.71818 6.19023 170.379 1.51347 9906.93 463.993 0.971845 463.021 127.223 30.375 0.728244 0.0312393 96.8483 18.2711 18.0738 0.19725 17.6039 11.4946
internal_count=3570910 1988000 804823 1582910 281137 112467 37729 32548 13808 74738 40183 1208 18740 5181 34555 33511 168670 77836 1712 76124 62148 10931 4375 3056 51217 12565 11702 863 11507 2505
cat_boundaries=0 1
cat_threshold=9
is_linear=0
shrinkage=0.05


Tree=32
num_leaves=31
num_cat=2
split_feature=1 13 2 3 2 9 3 9 3 3 6 0 4 3 7 3 11 2 3 2 3 9 14 2 3 3 0 4 1 4
split_gain=9.81409e+06 7.51475e+07 335910 326150 84486.6 1.25315e+07 5.34288e+06 3.24637e+06 2.27818e+06 1.99315e+06 3.76506e+06 835358 480654 270444 80070.2 1.10479e+07 4.66749e+07 2.60452e+06 7.32742e+06 104547 1.07145e+07 1.4439e+07 9.26121e+06 288949 1.9389e+06 1.83853e+06 844681 527643 188945 594611
threshold=0 58946.235000000081 510.46000000000004 1.0000000180025095e-35 11353.110000000002 6.5000000000000009 163.50000000000003 161.50000000000003 257253.50000000003 1347.3750000000002 4.5000000000000009 7.5000000000000009 4704807.2950000009 31983.000000000004 7167.3950000000013 196097.88500000004 1.0000000180025095e-35 32183.350000000002 972.50000000000011 121498.39000000001 49735.500000000007 1.5000000000000002 1288.5550000000001 123547.48500000002 25994.150000000005 30363.500000000004 201.50000000000003 1.0000000180025095e-35 1 1.0000000180025095e-35
decision_type=9 2 2 2 2 2 2 2 2 2 2 2 2 2 2 2 2 2 2 2 2 2 2 2 2 2 2 2 9 2
left_child=1 -1 3 -2 5 9 -7 8 -8 -4 11 -11 -13 -12 15 17 -17 18 -6 20 28 22 -22 24 -21 -26 27 -27 -19 -30
right_child=2 -3 4 -5 14 6 7 -9 -10 10 13 12 -14 -15 -16 16 -18 19 -20 23 21 -23 -24 -25 25 26 -28 -29 29 -31
leaf_value=-541.66784781125557 -4.3615536054805117 -7.6816586115839876 -0.078702431699131103 -29.431927346030335 -1.2157731577513049 -4.6720053772287953 -235.32474314073366 -0.99828405710912527 -3.7266518109473377 -1.6237376448910912 -22.159907809216826 -124.90187592164575 -0.90643885753700359 -1.4236433611511849 -0.0061863138159013939 -357.24444867198429 -0.13204520311380971 -0.047992983959944911 -157.47695185167777 -0.075643982718556296 -288.88802480535833 -1.5794880735551373 -0.48698721974575759 -0.068900822025575542 -0.03227659786320982 113.2213788237803 -3.4096046562441318 -2.0046529293289206 -71.547660295055877 -2.0392568316056532
leaf_weight=0.0019887680801090593 7.0908163903262684 2.0104848552345818 1180.5248869576801 0.74414141565250513 3.0431182526339859 0.74538404230893973 0.05873313663293464 0.23358036577701569 0.15444131129604413 0.21983110904692871 1.3298927034409072 0.10679007613685726 0.10002815940241999 5.3141081438074877 29092.260402971249 0.13182554002849745 4.7798839859559079 501.13005056887323 0.0026538180905378841 15.498616184710047 0.034460562982396969 1.9973925405977009 0.38552463940458503 5394.1409456048168 1.0514516895782424 0.058255079202353843 0.14450694900006056 0.071826181942014955 0.0083546869750548147 0.5305703324829073
leaf_count=517312 14325 264546 297944 26578 172606 13078 15835 113 1387 3575 3433 409496 178 3997 1274269 76550 177 47433 201939 890 27666 287 27 135283 44 144 189 106 60118 1983
internal_value=-0.072389 -43.4872 -0.0567508 -9.80502 -0.054386 -0.468744 -119.905 -176.042 -208.917 -0.248067 -25.0113 -98.9928 -115.38 -7.93096 -0.0403052 -0.207858 -68.5261 -0.139589 -40.2433 -0.112139 -0.800106 -89.0339 -210.934 -0.047911 6.30766 48.8749 89.2493 104.119 -0.19865 -6.52328
internal_weight=36213.9 2.01247 36211.9 7.83496 36204.1 1188.79 1.19214 0.446755 0.213174 1187.6 7.07065 0.426649 0.206818 6.644 35015.3 5923.01 4.91171 5918.1 3.04577 5915.05 504.086 2.41738 0.419985 5410.97 16.8247 1.32604 0.274588 0.130081 501.669 0.538925
internal_count=3571508 781858 2789650 40903 2748747 749036 30413 17335 17222 718623 420679 413249 409674 7430 1999711 725442 76727 648715 374545 274170 137514 27980 27693 136656 1373 483 439 250 109534 62101
cat_boundaries=0 1 2
cat_threshold=1 2
is_linear=0
shrinkage=0.05


Tree=33
num_leaves=31
num_cat=2
split_feature=1 3 0 3 5 3 1 9 3 9 5 3 4 3 9 3 7 13 5 13 5 3 3 5 3 5 3 13 9 14
split_gain=9.9532e+06 6.57903e+07 167952 1.96639e+06 2.81335e+06 980548 111977 852574 9.612e+06 1.15453e+06 659394 667540 226234 206142 769132 6.21254e+06 177233 214896 1.65423e+06 2.2273e+06 56036.3 55109.4 53264.4 2.37441e+06 9.93858e+06 1.80915e+07 1.10807e+07 8.75124e+06 1.00885e+07 2.20714e+06
threshold=0 31191.500000000004 7.5000000000000009 60121.000000000007 11.379153929220827 88821.310000000012 1 6.5000000000000009 129818.50000000001 107.50000000000001 10.31806154843339 1.0000000180025095e-35 18188.925000000003 115033.45000000001 -1.0000000180025095e-35 121858.00000000001 469205.93500000006 760027.45000000019 11.690952563764482 5.8662408264353884e-11 6.7279585275865044 30067.500000000004 6145.4750000000013 9.5688284710925426 14405.890000000001 8.9265135252457508 7492.7100000000009 1.168700691778213e-10 29.500000000000004 932336.80000000016
decision_type=9 2 2 2 2 2 9 2 2 2 2 2 2 2 2 2 2 2 2 2 2 2 2 2 2 2 2 2 2 2
left_child=1 21 3 -2 5 -5 22 13 10 -10 11 -9 -13 -8 15 -15 -16 18 -18 -20 -17 -1 -4 24 25 -24 -27 28 29 -28
right_child=2 -3 6 4 -6 -7 7 8 9 -11 -12 12 -14 14 16 20 17 -19 19 -21 -22 -23 23 -25 -26 26 27 -29 -30 -31
leaf_value=-15.864564378301138 -2.1768030712736475 -535.85793826568727 -0.059561394855356768 120.67330423417702 -1.9240543684634202 -1.2414753577424253 -0.12363701343031991 -2.4124851042515458 -161.07426208832271 -4.0202327530397381 -0.6818579055838796 -1.5487494808019446 -62.9892091119046 -0.53764609845330391 -0.12323436695985271 -0.19234558777530075 -0.68750420581753069 -1.3121747225620393 -2.0063168508285076 -102.09785101483965 -133.48714618492269 -0.58481207415517922 0.30745819399948149 0.056610219070534318 -34.768701104222231 -2.2134960336105443 361.97676474678394 29.155019768241317 -6.5857879012457747 -0.23713303088082882
leaf_weight=0.2918536750482742 14.053103444267451 0.0017488750439508252 13257.522903474146 0.011983809582203603 1.3757631351657211 0.17288162190381415 3983.1361862600747 1.568064579953151 0.11339307069852722 0.18955616652965546 31.560177838458927 0.23587261140349053 0.037373693779517214 7.2918537095542266 108.22256943122187 0.010935377957142263 10.108290045321386 23.637788744292692 1.2868934909929535 0.037209544756840462 0.010917169973255552 1.2359599577183988 5.3772903776395786 19173.669804761907 4.1408167830448095 0.78295891309066723 0.13425688808760802 0.72969837694604323 0.19674944878615647 0.042289034144927656
leaf_count=175703 7406 599495 718337 357 268 1252 1146161 4543 11774 333 118995 724 8120 8360 2649 9779 1550 3361 361 4754 193639 7019 2159 521162 20310 225 906 583 300 33
internal_value=-0.0268456 -44.5832 -0.0115921 5.0145 45.3335 101.833 -0.0138758 -0.257498 -8.06238 -141.315 -2.78096 -25.8553 -52.8275 -0.192548 -2.00218 -16.7924 -1.1361 -4.17148 -9.50196 -47.541 -132.254 -8.62695 0.0174996 0.0707611 21.9396 54.5651 155.553 215.346 293.044 348.752
internal_weight=36627.2 1.52956 36625.7 15.6137 1.56063 0.184865 36610 4167.45 33.7044 0.302949 33.4015 1.84131 0.273246 4133.74 150.606 7.31371 143.293 35.0702 11.4324 1.3241 0.0218525 1.52781 32442.6 19185.1 11.4041 7.26324 1.88595 1.10299 0.373295 0.176546
internal_count=3570618 782217 2788401 9283 1877 1609 2779118 1515103 144489 12107 132382 13387 8844 1370614 224453 211778 12675 10026 6665 5115 203418 182722 1264015 545678 24516 4206 2047 1822 1239 939
cat_boundaries=0 1 2
cat_threshold=1 2
is_linear=0
shrinkage=0.05


Tree=34
num_leaves=31
num_cat=2
split_feature=1 13 0 3 2 0 1 9 3 3 4 6 3 13 8 6 3 8 13 3 2 0 2 13 0 2 0 0 8 2
split_gain=8.79199e+06 7.19578e+07 550790 2.15456e+06 2.81869e+06 102542 91382.6 1.42536e+06 1.08109e+06 197861 394669 65600.1 943346 3.23548e+07 6.44285e+06 2.67382e+06 1.58556e+06 611849 377356 453920 294085 211652 1.62881e+06 3.05823e+06 698836 345368 5.12466e+06 1.27065e+06 327442 196971
threshold=0 163556.67000000001 7.5000000000000009 60121.000000000007 87477.99000000002 6.5000000000000009 1 5.5000000000000009 57027.320000000007 431.50000000000006 2179619.9500000007 8.5000000000000018 118610.99500000001 2.3317170416703453e-10 473245.44450000004 41.500000000000007 121858.00000000001 384888.48645833338 1319.7350000000004 134403.82000000004 621990.27500000014 214.50000000000003 53004.80000000001 338520.25000000006 255.50000000000003 113714.07000000002 15.500000000000002 16.500000000000004 253282.73666666669 48479.575000000004
decision_type=9 2 2 2 2 2 9 2 2 2 2 2 2 2 2 2 2 2 2 2 2 2 2 2 2 2 2 2 2 2
left_child=1 -1 3 5 -5 -2 11 9 -9 -8 -11 -4 -13 14 15 16 -14 -18 20 29 -15 25 -23 -24 28 -21 -27 -28 -25 -20
right_child=2 -3 6 4 -6 -7 7 8 -10 10 -12 12 13 18 -16 -17 17 -19 19 21 -22 22 23 24 -26 26 27 -29 -30 -31
leaf_value=-498.64831732143006 -18.223846927164139 -5.0375020293161068 0.0042723163869347368 112.55860673848775 -2.4587322021825768 -1.2364283796360833 -0.28978855056557573 -4.6164257389016798 -78.179844763057432 -31.947515394788894 -1.7362647940759282 -0.085273328289138209 -3.2320267115851546 -38.078111624027514 -7.2551507126281223 -4.0225792719270341 -326.55769758822106 -15.691988812086406 -1.5973559247558491 -0.31742096913819573 -3.4204883922120239 -0.21152645664698869 -11.974123840484449 -2.9725973492618425 -3.3851454763867084 -1.140475347396652 -2.2255033714105461 -128.02891101010374 119.28179207937352 -37.651168907749252
leaf_weight=0.060550639536532169 0.43894576689818432 2.4988055366441677 28222.552946664233 0.070697676211925575 0.97738840880160072 2.7540219232667318 127.48646579297018 1.2167616014822942 0.048832562325168305 0.49004422162670458 4.4141513835049988 6933.7664209064114 0.066981448490038065 0.23760267900826182 0.34731364321327496 0.11578204347016344 0.040695184335029111 0.12400690423962149 0.68792361786633827 84.462725586713461 1.6630709618333117 24.796895928158342 0.82380233414615323 0.0076662948704325079 0.077954378211871414 20.566877119662575 0.29313659778033563 0.045836730646360069 0.0032534857008599261 0.20940880242697069
leaf_count=572480 3644 208409 1056289 1606 283 3736 469421 8308 3162 739367 1505 461386 394 1584 472 177 17754 840 214 4238 268 500 2038 186 496 1788 275 8255 208 1422
internal_value=-0.0480202 -40.3022 -0.0325903 16.1751 56.467 -7.36226 -0.0349965 -1.28918 -40.7117 -0.706553 -9.65561 -0.0298363 -0.16605 -4.2967 -221.396 -271.203 -293.049 -306.937 -1.53686 -1.13586 -19.3885 -0.77832 3.20897 47.6672 103.791 -1.77228 -7.36706 -102.153 115.409 -25.4235
internal_weight=35431.3 2.55936 35428.8 4.24105 1.04809 3.19297 35424.5 133.656 1.26559 132.391 4.9042 35290.9 7068.34 134.571 0.694779 0.347466 0.231684 0.164702 133.876 131.975 1.90067 131.078 25.7096 0.912676 0.0888742 105.369 20.9059 0.338973 0.0109198 0.897332
internal_count=3570705 780889 2789816 9269 1889 7380 2780547 1221763 11470 1210293 740872 1558784 502495 41109 19637 19165 18988 18594 21472 19620 1852 17984 3428 2928 890 14556 10318 8530 394 1636
cat_boundaries=0 1 2
cat_threshold=1 18
is_linear=0
shrinkage=0.05


Tree=35
num_leaves=31
num_cat=2
split_feature=1 3 0 13 2 2 2 1 9 3 13 12 3 13 13 7 2 10 12 2 0 9 3 0 2 3 8 3 14 14
split_gain=7.89021e+06 7.32574e+07 5.70231e+06 3.13456e+06 476727 486293 149280 75633.1 1.44995e+06 1.27263e+07 931232 1.51647e+06 182956 4.17288e+06 2.33526e+06 186549 553305 2.46868e+06 164798 96431.2 42389.6 246443 459380 163829 1.0366e+06 6.11476e+06 4.25171e+06 730336 5.28006e+06 2.83063e+06
threshold=0 30920.500000000004 6.5000000000000009 226907.19500000009 59366.585000000014 133614.88000000003 407610.41000000009 1 6.5000000000000009 57027.320000000007 2.3317170416703453e-10 4.5000000000000009 125479.34000000001 3354.1400000000008 1319.7350000000004 469205.93500000006 89263.535000000018 2.5000000000000004 1.5000000000000002 102230.30500000001 130.50000000000003 95.500000000000014 37028.000000000007 48.500000000000007 37735.145000000004 20519.500000000004 301908.94066666672 188459.50000000003 8.7766238721087588e-11 74038.090000000011
decision_type=9 2 2 2 2 2 2 9 2 2 2 2 2 2 2 2 2 2 2 2 2 2 2 2 2 2 2 2 2 2
left_child=1 -1 4 -3 -2 -6 -7 20 12 -10 11 -11 -9 14 18 -15 -17 19 -14 -18 21 23 -23 -4 25 -25 -27 -26 -29 -30
right_child=2 3 7 -5 5 6 -8 8 9 10 -12 -13 13 15 -16 16 17 -19 -20 -21 -22 22 -24 24 27 26 -28 28 29 -31
leaf_value=-5.4859673098775623 -3.8534132354751542 -485.91192546058255 -0.0055420769716697195 -0.19013331298488145 84.68440291645679 -2.4005695145417327 27.250464072624762 -0.10651726950150112 -1.420300344887784 -192.76327653958265 -13.310226845696235 -6.8836467044747254 -126.63685588632984 -0.10250704717116402 -0.11228277144575174 -0.40118392231481403 -0.42809485001140185 -1.834395026479358 -4.0945102348645142 -85.570999517411266 -0.039034386841142223 -0.16025877147837653 29.786072322256462 2.8343221441957445 0.31898648897381809 -4.8154718215430856 156.35571459459368 -1.8283890904042168 124.4585420978908 -1.3065734514909639
leaf_weight=3.8140110331715116 0.15561781514250439 0.06232901800083511 7029.6841789546443 0.035117323977454165 1.1429609157949918 0.33818273915069585 1.196218668423437 4147.3086870128682 17.388500607162129 0.11251115538769904 0.30433017041783766 0.20713961922634036 0.064448784376306731 111.41893942142171 0.63161042119281774 16.950489242991576 0.044782674871384542 4.8392571520209868 0.099174656357834193 0.14165411328457056 21571.081505244943 3.527704023768742 1.0007434407726434 15.941149644669983 1186.5420043105712 0.54081279025305029 0.16864005512810998 10.361087871715423 0.43182888568844713 0.62074756063520908
leaf_count=959377 515 881317 294348 147162 273 436 208 154870 121582 20979 795 635 6464 2337 45 1698 107 649 394 6406 948100 294 149 1770 18375 613 82 1051 206 148
internal_value=-0.0395315 -36.4025 -0.0236214 -470.547 60.9585 64.7505 22.3448 -0.0304784 -0.226243 -14.0042 -147.866 -168.807 -0.165549 -1.97569 -77.7014 -0.949413 -5.05165 -18.0662 -119.716 -82.7223 -0.00216907 0.0942254 10.6474 0.0871375 0.623099 12.6523 102.547 0.445486 12.5107 85.7852
internal_weight=34126.2 3.91146 34122.2 0.0974463 2.83298 2.67736 1.5344 34119.4 4299.51 18.0125 0.623981 0.319651 4281.5 134.19 0.795234 133.395 21.9762 5.02569 0.163623 0.186437 29819.9 8248.82 4.52845 8244.29 1214.61 16.6506 0.709453 1197.96 11.4137 1.05258
internal_count=3571385 1987856 1583529 1028479 1432 917 644 1582097 316961 143991 22409 21614 172970 18100 6903 11197 8860 7162 6858 6513 1265136 317036 443 316593 22245 2465 695 19780 1405 354
cat_boundaries=0 1 2
cat_threshold=9 2
is_linear=0
shrinkage=0.05


Tree=36
num_leaves=31
num_cat=2
split_feature=1 2 13 0 4 1 9 12 2 13 4 2 14 0 8 2 6 2 2 8 9 7 4 0 2 14 2 9 2 2
split_gain=7.52309e+06 8.09575e+07 2.62569e+06 142655 962343 96498.4 3.25669e+06 494954 629547 219192 81158.8 378787 3.73126e+06 1.4737e+06 67819.8 63858.1 982512 6.12524e+06 512194 597520 205934 143413 984225 85124 83651.4 1.12998e+06 56988.3 126513 205908 521049
threshold=0 26764.265000000003 745807.49000000022 6.5000000000000009 7170104.330000001 1 6.5000000000000009 11.500000000000002 677.47000000000014 2.0725110516650605e-10 621203.80500000005 675815.54500000004 44894.200000000004 130.50000000000003 171663.81933333338 30273.515000000003 1.0000000180025095e-35 1690.1800000000003 31213.930000000004 62363.242500000008 37.500000000000007 30928.460000000003 274325.98500000004 297.50000000000006 834.44000000000017 1059630.2850000004 104039.41000000002 -1.0000000180025095e-35 71381.690000000017 48479.575000000004
decision_type=9 2 2 2 2 9 2 2 2 2 2 2 2 2 2 2 2 2 2 2 2 2 2 2 2 2 2 2 2 2
left_child=1 -1 -3 4 14 10 -7 8 -8 -10 15 -12 13 -13 -2 16 17 -5 19 20 -17 22 -18 24 25 -23 27 28 29 -20
right_child=3 2 -4 5 -6 6 7 -9 9 -11 11 12 -14 -15 -16 18 21 -19 26 -21 -22 23 -24 -25 -26 -27 -28 -29 -30 -31
leaf_value=-4.4230588519448224 -16.721886515233656 -503.81932072317244 -0.28842342762635348 -1.6486545897712279 44.959411165493201 -0.21029989041876182 -6.1365617634517289 -2.0185516550513287 -52.312885638297601 -11.059444931480556 -0.14809142489364499 113.97201933358696 -0.33576908856708559 -0.85655354915720627 -1.0241094277239582 27.500130372042271 -5.947027786486772 -109.21882079632377 -0.70040415156208757 -1.8754424521190236 -0.14215982476917016 -8.1308985146884591 44.354923057192231 -5.3258548307366134 -0.16281279354143996 45.818363656225117 0.01116583920492498 0.13716393380635541 -0.28867361617223086 4.453984246527912
leaf_weight=4.5941547031287984 0.17235123851687451 0.028536315155051162 0.027754746966024878 11.94514654219453 0.28547889533580795 3709.6481452550702 1.6431566015373844 1.2996918093421301 3.117443420232668 1.0480823003988433 9105.171690122068 0.071898282927076784 13.341076988410833 0.35780562264336924 2.0201655110601977 3.3436229459959792 2.7727730569279281 0.49288343231735865 87.455280524643058 4.142007916579268 0.78493545132334919 2.870938415046302 0.3589806781073891 6.9674473464629036 1618.5508351700328 0.31908334751214207 15089.531658711931 5015.5097640603626 147.18801067001186 109.90000579520711
leaf_count=1151520 1099 774698 60704 1259 108 173019 1193 1230 132228 9245 563090 147 2236 517 215 807 2209 20955 12358 1568 62 1282 137 6064 48577 45 423727 143051 21923 15832
internal_value=-0.0528868 -34.7112 -490.866 -0.0373356 10.0884 -0.0383533 -0.278794 -31.9328 -37.3458 -46.0846 -0.00962915 -0.135128 7.8654 84.6318 -7.11097 0.0421488 -0.257537 -13.7221 0.0662474 11.8162 23.2407 -0.146565 9.1573 -0.170066 -0.144644 6.91143 0.0609174 0.200948 1.12636 2.17785
internal_weight=34945 4.65045 0.0562911 34940.3 2.478 34937.8 3716.76 7.10837 5.80868 4.16553 31221.1 9118.94 13.7708 0.429704 2.19252 22102.1 1644.28 12.438 20457.9 8.27057 4.12856 1631.84 3.13175 1628.71 1621.74 3.19002 20449.6 5360.05 344.543 197.355
internal_count=3571105 1986922 835402 1584183 1422 1582761 316915 143896 142666 141473 1265846 565990 2900 664 1314 699856 80528 22214 619328 2437 869 58314 2346 55968 49904 1327 616891 193164 50113 28190
cat_boundaries=0 1 2
cat_threshold=9 2
is_linear=0
shrinkage=0.05


Tree=37
num_leaves=31
num_cat=1
split_feature=1 3 2 13 2 3 13 0 9 3 2 12 4 4 3 9 3 0 6 0 13 3 3 4 3 2 13 13 0 3
split_gain=9.32809e+06 6.17982e+07 1.27383e+06 338647 77933.6 3.16008e+06 3.06019e+06 567545 470776 267424 191196 126859 73155.6 68633.8 578053 4.31863e+07 3.30062e+07 8.49447e+06 1.11337e+07 999239 336698 577032 281360 906387 238840 1.5388e+07 2.46595e+06 473177 651755 144637
threshold=0 1347.3750000000002 2048.9650000000006 590871.51000000013 6325.3700000000008 972.50000000000011 46370.130000000041 315.00000000000006 161.50000000000003 30649.500000000004 5775.4400000000014 27.500000000000004 3124559.1950000003 621203.80500000005 99704.085000000006 8.5000000000000018 692315.43000000005 321.50000000000006 41.500000000000007 130.50000000000003 1.4324541552923621e-11 121858.00000000001 98083.380000000019 5374620.540000001 309164.30000000005 131497.10000000003 2.3317170416703453e-10 11223.760000000075 129.50000000000003 321264.32500000007
decision_type=9 2 2 2 2 2 2 2 2 2 2 2 2 2 2 2 2 2 2 2 2 2 2 2 2 2 2 2 2 2
left_child=1 -1 -3 -4 5 -2 7 8 10 12 11 -7 -8 -6 22 20 17 18 -17 -18 21 -16 -15 -24 25 27 -27 28 -22 -26
right_child=4 2 3 -5 13 6 9 -9 -10 -11 -12 -13 -14 14 15 16 19 -19 -20 -21 24 -23 23 -25 29 26 -28 -29 -30 -31
leaf_value=-3.7307606823059971 -0.14686287169103907 -0.34104735975994671 -520.43011787333705 -5.6043034003117427 0.01051178914575321 -89.265317603010644 -28.247239977917303 -4.0544026122055312 -0.56149074027242152 -1.0938833815927547 -9.8670340686090316 0 -2.6937958257428445 -0.05383911205529035 -1.7819897470991615 -487.68711707910211 47.36134448052443 -12.693517684433788 -5.1745060478812288 -16.274678358843783 45.368570454825942 -43.121742556746966 -3.6568031623341235 48.575715239475663 6.3797296586914491 -8.315427983491114 -170.47991053759426 -0.81873178124922763 -2.1720095692835639 -0.28168507868686471
leaf_weight=1.4929535523873587 640.04867381971303 0.013613480779709912 0.010691907740829076 0.025304416933441095 27110.209215397601 1.3324560992864007 0.54900372302892064 0.43997769066675529 0.21086761355400097 5.3342006136522038 0.36999497891489364 0.04054051637649525 0.62768161174783121 7961.2464196277706 2.7832379565087142 0.0088342005443780847 0.22291622341786865 0.21004529418968629 0.16026240998523572 0.50717912538823728 0.32999491148146853 0.273213586383945 2.1488343497844657 0.23847899984457299 7.3244785614822367 0.40246190033562557 0.56160211685819361 111.80192932112728 1.387092777707289 385.79752995324753
leaf_count=548827 19160 92457 1267851 77820 802296 16458 3150 455 46 4561 1123 3 591 661646 810 28149 173 795 322 1189 64 3557 1103 161 681 587 16077 8339 507 11342
internal_value=-0.0531647 -43.1652 -506.947 -513.27 -0.0382151 -0.580804 -28.607 -67.2574 -75.2972 -7.33317 -80.836 -87.7412 -22.1184 -0.0283148 -0.152496 -1.7797 -227.56 -372.238 -425.974 19.2967 -0.845472 -15.198 -0.0477153 14.3596 -0.729329 -2.72848 -141.487 -0.324831 20.2975 -0.141688
internal_weight=36236.1 1.54256 0.0496098 0.0359963 36234.6 648.953 8.90472 2.39384 1.95386 6.51089 1.74299 1.373 1.17669 35585.6 8475.4 511.771 1.10924 0.379142 0.169097 0.730095 510.662 3.05645 7963.63 2.38731 507.605 114.483 0.964064 113.519 1.71709 393.122
internal_count=3570300 1986955 1438128 1345671 1583345 45547 26387 18085 17630 8302 17584 16461 3741 1537798 735502 72592 30628 29266 28471 1362 41964 4367 662910 1264 37597 25574 16664 8910 571 12023
cat_boundaries=0 1
cat_threshold=9
is_linear=0
shrinkage=0.05


Tree=38
num_leaves=31
num_cat=2
split_feature=1 2 9 3 13 3 4 1 9 3 2 2 3 13 13 10 3 12 7 2 10 2 8 0 13 4 3 0 3 2
split_gain=1.35475e+06 1.04836e+08 958283 1.13957e+06 650947 222076 151126 53674.7 2.13114e+06 4.56317e+06 236145 390647 229746 4.80374e+06 1.8478e+06 935702 829966 369013 301435 856169 1.28698e+06 140850 489592 1.04946e+06 1.94978e+06 1.52003e+06 78634 374719 1.17333e+06 2.04435e+06
threshold=0 51419.225000000013 6.5000000000000009 60121.000000000007 178058.07500000004 1.0000000180025095e-35 3508755.8800000004 1 12.500000000000002 88821.310000000012 834.44000000000017 510.46000000000004 125479.34000000001 5938.3350000000328 3354.1400000000008 1.0000000180025095e-35 1091834.8400000001 3.5000000000000004 469205.93500000006 177200.28000000003 2.5000000000000004 1341.9300000000003 107376.75750000001 212.50000000000003 54073.340000000004 74208.785000000018 30649.500000000004 8.5000000000000018 91389.24500000001 94753.440000000017
decision_type=9 2 2 2 2 2 2 9 2 2 2 2 2 2 2 2 2 2 2 2 2 2 2 2 2 2 2 2 2 2
left_child=7 2 5 -4 -3 -2 -7 10 12 -10 11 -1 -9 14 15 16 17 -14 -15 -20 -21 22 23 24 25 -12 -23 28 29 -28
right_child=1 4 3 -5 -6 6 -8 8 9 -11 21 -13 13 18 -16 -17 -18 -19 19 20 -22 26 -24 -25 -26 -27 27 -29 -30 -31
leaf_value=-30.95855530075751 -0.17392418760681994 -516.57053071839118 -3.5028969936196361 -73.066996472728007 -0.094708415111451394 -14.88499188574478 -1.053084533860434 -0.070785565590382071 -3.4334795539350944 -123.90004251373863 -2.6738883341352366 -2.6309247568295064 -149.70589321156248 -0.095467257501560446 -0.21357008073836023 -0.089104922241612039 -2.4136843687437426 -3.8995117705466882 -0.78616504476651516 -71.687096235008937 -3.0484539035424358 -0.05409081521244348 -0.81050737730927824 -0.73415634695852461 -0.37138906735315191 106.2835249849996 74.513727923450475 0.092087380373291727 -1.4377895398737799 -0.66901804714550284
leaf_weight=0.579311063416453 121.2631609162502 0.0011121906262556245 1.6804214341951784 0.0079052490114032148 0.006526742144503596 3.4708373470317895 3.8329167157195903 3409.0679630926115 3.0356354317556593 0.090314244095983542 0.37884596878858667 6.3298368061098964 0.0022659110984565292 102.54991206859204 0.54010886651303736 0.17488586902618408 0.1622002124786377 0.10291336859527167 9.2709798736623199 0.20432376099212302 1.7981425994422218 18073.410633080177 18.151028005057114 4.7754288365421518 1.7088067026670613 0.13771985169830092 0.61754189674633808 15745.647905812195 8.0144127757249812 2.0101374369827756
leaf_count=2043 425384 491055 24256 52013 168384 840297 8039 163227 100843 13266 260 1290 7059 1952 41 17 561 261 1438 5757 594 937788 1334 285 60 139 191 322197 871 378
internal_value=-0.0199303 -4.90721 -1.34057 -30.8887 -513.324 -0.717099 -8.62777 -0.0014592 -0.186771 -36.1011 0.0178969 -8.62071 -0.145208 -2.33537 -79.503 -109.044 -124.005 -139.661 -0.982725 -8.38796 -31.5972 0.0199198 3.68792 13.9952 36.0324 77.299 0.0170837 0.0987236 9.06576 32.6683
internal_weight=37519 130.263 130.255 1.68833 0.00763893 128.567 7.30375 37388.8 3527 3.12595 33861.8 6.90915 3523.87 114.806 0.982374 0.442265 0.267379 0.105179 113.823 11.2734 2.00247 33854.9 25.1518 7.0008 2.22537 0.516566 33829.7 15756.3 10.6421 2.62768
internal_count=3571280 2009428 1349989 76269 659439 1273720 848336 1561852 295016 114109 1266836 3333 180907 17680 7939 7898 7881 7320 9741 7789 6351 1263503 2078 744 459 399 1261425 323637 1440 569
cat_boundaries=0 1 2
cat_threshold=18 2
is_linear=0
shrinkage=0.05


Tree=39
num_leaves=31
num_cat=2
split_feature=1 3 2 3 4 1 9 3 3 3 13 13 7 2 14 3 14 9 2 0 2 6 6 6 2 13 4 7 0 4
split_gain=8.32379e+06 6.57544e+07 92106.2 1.1931e+06 481942 74667.7 4.80267e+06 7.528e+06 1.48717e+06 231724 4.98542e+06 4.53955e+06 304273 790984 535171 62835.8 284500 1.09515e+06 1.15622e+07 6.71616e+06 421650 845846 437406 1.21898e+06 2.00122e+06 1.25155e+06 587811 253875 1.16061e+06 3.67766e+06
threshold=0 21564.500000000004 1341.9300000000003 375.50000000000006 4430545.5750000011 1 12.500000000000002 59101.805000000008 60121.000000000007 125479.34000000001 5938.3350000000328 1319.7350000000004 469205.93500000006 308411.78000000009 2670859.6200000015 30920.500000000004 787878.90000000026 16.500000000000004 113714.07000000002 155.50000000000003 31213.930000000004 4.5000000000000009 28.500000000000004 30.500000000000004 98470.200000000012 6.2755134422332059e-10 6049651.4350000015 1448150.6650000003 129.50000000000003 2991435.2500000005
decision_type=9 2 2 2 2 9 2 2 2 2 2 2 2 2 2 2 2 2 2 2 2 2 2 2 2 2 2 2 2 2
left_child=1 -1 3 -2 -5 15 9 -8 -9 -7 11 -11 -12 -14 -15 -4 27 20 19 -19 21 -18 -22 24 -24 -26 -27 -17 29 -29
right_child=2 -3 5 4 -6 6 7 8 -10 10 12 -13 13 14 -16 16 17 18 -20 -21 22 -23 23 -25 25 26 -28 28 -30 -31
leaf_value=-3.9574961004307831 -0.77798002325124582 -472.8829830051983 -0.054274270587974474 -62.030530616979469 -2.7385356987164071 -0.10440103212142338 -3.5845667346871526 -0.22358099929399408 -185.85804918301704 -153.93484086071979 -0.09302982815504314 -0.23466581812610252 -1.4705536397177417 -53.12324215831066 -4.85261309647505 0.088553333437482673 54.016400771641443 201.34821802787175 -2.0011172141185973 -4.5728445429274203 0.33356471584782788 -4.0437275513897069 -0.61236703366559531 -2.4660727377995686 -0.668170860462314 -0.90350156024820216 113.6046683547618 -1.8078830002716963 -2.2525637816422619 63.635904945963802
leaf_weight=2.4176309416508643 71.903186674871023 0.093483588256699668 17437.072083231724 0.13474871687381729 0.63108891268376233 3311.2365716441068 2.1006062462518491 0.12368357670572168 0.0012752452333460304 0.027684107617446552 99.965325036123375 0.90796166155763436 9.675668194474202 0.45729278431373477 1.3230516200859008 12934.545299713873 0.10361644626103683 0.20628513954594407 11.724335152129171 0.52493727944077118 226.95259454948851 1.1636568133907637 1.7497109906258219 5.3805674176546923 0.37575866989227158 0.10760394459723836 0.070083835909173733 8.7774148782693295 240.05249278028026 1.8196216457894188
leaf_count=874896 3950 1111328 941196 6229 468 172117 102026 292 18218 8444 2253 105 3294 4307 1068 216400 549 228 1954 670 37322 3027 116 1367 63 143 117 1529 56004 439
internal_value=-0.0355101 -39.2729 -0.0200683 -1.78614 -42.394 -0.01628 -0.237351 -61.2205 -165.652 -0.180534 -2.40347 -81.9619 -1.01223 -8.38134 -31.9004 0.00833391 0.0896054 1.76274 15.6394 136.265 0.967119 22.4319 0.756461 11.77 35.7076 77.0136 102.371 0.0579581 -1.51494 13.9473
internal_weight=34371.6 2.51111 34369.1 72.669 0.765838 34296.4 3425.82 2.22557 0.124959 3423.59 112.357 0.935646 111.421 11.456 1.78034 30870.6 13433.6 248.359 12.4556 0.731222 235.904 1.26727 234.636 7.68372 2.30316 0.553446 0.177688 13185.2 250.65 10.597
internal_count=3570119 1986224 1583895 10647 6697 1573248 312124 120536 18510 191588 19471 8549 10922 8669 5375 1261124 319928 45556 2852 898 42704 3576 39128 1806 439 323 260 274372 57972 1968
cat_boundaries=0 1 2
cat_threshold=9 2
is_linear=0
shrinkage=0.05


Tree=40
num_leaves=31
num_cat=2
split_feature=1 5 1 9 3 3 13 13 7 5 3 0 3 3 7 6 3 13 3 6 6 14 9 4 3 5 8 11 0 5
split_gain=8.10037e+06 7.34943e+07 110396 9.06051e+06 6.79274e+06 241200 5.16994e+06 3.07366e+06 437334 2.1983e+06 50986.7 495252 2.4907e+06 2.08307e+06 500795 207501 406191 2.57159e+06 927529 292516 114818 114673 1.50139e+06 3.47968e+06 603497 462216 877244 264203 1.1915e+06 9.43155e+06
threshold=0 9.3373350697754827 1 12.500000000000002 61211.880000000012 121858.00000000001 5938.3350000000328 1319.7350000000004 504272.97500000003 12.639194359466979 30649.500000000004 8.5000000000000018 91389.24500000001 52108.500000000007 46560.370000000003 19.500000000000004 118610.99500000001 3354.1400000000008 111647.50000000001 28.500000000000004 37.500000000000007 787878.90000000026 17.500000000000004 517764.03000000009 50374.500000000007 10.34865178486349 473245.44450000004 1.5000000000000002 19.500000000000004 11.175810681935761
decision_type=9 2 9 2 2 2 2 2 2 2 2 2 2 2 2 2 2 2 2 2 2 2 2 2 2 2 2 2 2 2
left_child=1 -1 10 5 -5 -4 7 -7 -8 -10 -2 12 13 -12 -15 21 18 20 -17 -20 -18 -13 25 24 -24 26 -23 -27 -29 -30
right_child=2 -3 3 4 -6 6 8 -9 9 -11 11 15 -14 14 -16 16 17 -19 19 -21 -22 22 23 -25 -26 27 -28 28 29 -31
leaf_value=-2.534539164537561 -0.049153714183132101 -503.51714761321739 -0.15279252266546037 -8.8753765821387365 -198.83878205271176 -130.87499272357121 -0.10272447793104554 -0.31203098397990897 -1.7908666593494815 -77.482389496102314 -2.2110016706630211 0.067311349841075646 -1.7169125647346775 114.1732403449143 -1.1525693640700705 -1.9058178210575631 -83.590240515118467 -2.7962847760567247 -2.7315000544054042 48.421906619538404 -8.0526651269460139 -3.7831304720696659 114.69614667762906 -7.1161592233976112 -1.9787485782263901 -1.1278037045797702 56.535804962807816 -2.0907523451496313 -0.79081684466759439 70.291437898067528
leaf_weight=2.5931156323834408 17126.034248619988 0.025677717449891335 2965.2455955339447 1.0769685552437986 0.0012882469430429691 0.23755056456353274 96.7265663831908 0.7166918329070745 7.3433968675146772 0.11248436110830695 0.68205563738822506 12878.896645602392 6.7231490885291043 0.066945540328106234 0.08144813021827596 35.764872878764386 0.14948845113134401 12.28095171585114 0.22991011946329043 0.24201982444418457 0.30108333051705083 1.1356445489553992 0.066876941629746001 1.4978027788375208 0.086383325804490596 111.3859371540901 0.058708795648539147 57.112774473604233 32.843084660276979 4.4353423294347669
leaf_count=749168 941256 1237977 174818 104158 18466 8830 2498 108 3524 5436 332 262492 889 169 71 11912 4353 4059 265 133 444 2902 63 1532 166 12891 415 11594 1461 8039
internal_value=-0.0370997 -38.5907 -0.0213337 -0.306399 -104.671 -0.236676 -2.57874 -83.155 -1.0571 -11.9615 0.00769207 0.0817637 12.1091 63.832 104.986 0.0739263 -3.14201 -10.4657 -0.356789 38.5728 -73.4663 0.0861986 1.24626 38.6382 104.237 0.763596 23.5926 0.517614 2.4508 9.28171
internal_weight=33344.2 2.61879 33341.5 3071.46 1.07826 3070.38 105.137 0.954242 104.182 7.45588 30270.1 13144 7.5536 0.830449 0.148394 13136.5 48.9683 12.7315 36.2368 0.47193 0.450572 13087.5 208.623 1.65106 0.15326 206.971 1.19435 205.777 94.3912 37.2784
internal_count=3570421 1987145 1583276 317838 122624 195214 20396 8938 11458 8960 1265438 324182 1461 572 240 322721 21166 8856 12310 398 4797 301555 39063 1761 229 37302 3317 33985 21094 9500
cat_boundaries=0 1 2
cat_threshold=9 2
is_linear=0
shrinkage=0.05


Tree=41
num_leaves=31
num_cat=2
split_feature=1 5 5 9 3 3 7 1 9 3 3 13 13 10 7 5 13 3 0 0 3 5 9 8 3 5 6 6 9 3
split_gain=1.29155e+06 1.02114e+08 2.34363e+06 1.24026e+06 500193 212599 56621 56583.2 3.39186e+06 3.08309e+06 213712 4.50111e+06 3.68866e+06 558578 299474 433860 551339 136195 502632 393831 62859 1.32334e+06 6.74984e+06 621584 599539 6.84841e+06 2.62752e+06 236115 2.07014e+06 2.38539e+06
threshold=0 10.758185393972486 11.336623513939061 5.5000000000000009 1.0000000180025095e-35 1.0000000180025095e-35 4465882.7550000018 1 11.500000000000002 102884.74500000001 125479.34000000001 8662.8550000000214 3354.1400000000008 1.0000000180025095e-35 504272.97500000003 12.624320620153364 991290.78000000014 118610.99500000001 182.50000000000003 35.500000000000007 49116.785000000011 10.379235584808896 6.5000000000000009 40967.956000000013 49735.500000000007 10.878156619369959 7.5000000000000009 19.500000000000004 8.5000000000000018 55428.500000000007
decision_type=9 2 2 2 2 2 2 9 2 2 2 2 2 2 2 2 2 2 2 2 2 2 2 2 2 2 2 2 2 2
left_child=7 3 -3 5 -5 -2 -7 20 10 -10 17 12 13 -12 -13 -16 -17 -9 19 -19 -1 22 -22 -24 25 26 -23 -26 -29 -30
right_child=1 2 -4 4 -6 6 -8 8 9 -11 11 14 -14 -15 15 16 -18 18 -20 -21 21 24 23 -25 27 -27 -28 28 29 -31
leaf_value=-0.059443394567433472 -0.15169608152601538 -0.28742807341518123 -514.00460932142414 -2.2982352538441724 -62.832076450364255 -12.737073121248503 -1.6389631786985175 -0.11243949314567735 -5.7447070605099473 -119.01968990279816 -148.50787640451961 -0.09837489648172501 -0.40980674395301275 -0.045456607210948047 -1.6401744574325972 -51.985204723980729 -4.7640387378451932 42.751533467506789 -0.49171671967093444 -1.7785702503784617 -2.2746291510763395 138.22954551040507 -6.7685174810854454 -144.57102900052837 0.097612298705744061 -0.21869334679948454 -0.77362906948929633 -0.1953935318044345 -1.9593819970443054 -105.00020663071878
leaf_weight=16784.91053456872 119.98308146551125 0.023869970029682462 0.0010514365971047495 0.60182567964699096 0.13480510327416162 3.3874519714174642 2.0086683339894451 2584.6703088868035 1.4998696355433967 0.14129422949861936 0.014732149460029542 92.074170427846425 0.86892334545109406 0.068300887942314148 5.9799188572233959 0.19144337659206079 1.7749522905678816 0.40266499371163444 6.5682387964515163 0.65000484369768396 8.5888941569837964 0.31992170090852423 0.20130634959645843 0.03336924442057454 12759.736164583277 18.688242999725926 0.44290846034993125 23.289004298278776 1.2769947993576942 0.060932956183005316
leaf_count=1009071 422347 130134 548839 2414 71935 826743 6756 160728 104818 11632 7709 2082 91 21 2371 3524 1777 184 276 266 15386 177 589 10225 212591 2882 62 8085 800 6462
internal_value=-0.0363706 -4.87835 -502.326 -1.21284 -43.1805 -0.626504 -9.50879 -0.0157907 -0.23465 -56.8698 -0.179913 -2.42518 -77.6248 -139.192 -0.948093 -9.68172 -25.338 -0.0915541 6.18264 27.7816 0.00421636 0.0876142 -18.2569 -127.589 0.101681 8.65579 102.864 0.08799 -4.7066 -49.5587
internal_weight=32418.6 126.141 0.0249214 126.116 0.736631 125.379 5.39612 32292.5 2694.9 1.64116 2693.26 100.972 0.951956 0.083033 100.02 7.94631 1.9664 2592.29 7.62091 1.05267 29597.5 12812.6 8.82357 0.234676 12803.8 19.4511 0.76283 12784.4 24.6269 1.33793
internal_count=3570977 2009168 678973 1330195 74349 1255846 833499 1561809 295479 116450 179029 17575 7821 7730 9754 7672 5301 161454 726 450 1266330 257259 26200 10814 231059 3121 239 227938 15347 7262
cat_boundaries=0 1 2
cat_threshold=18 2
is_linear=0
shrinkage=0.05


Tree=42
num_leaves=31
num_cat=1
split_feature=2 2 0 1 9 3 3 13 7 2 14 3 0 3 0 0 3 13 2 2 2 7 3 2 13 9 9 7 3 2
split_gain=421211 271897 1.07907e+06 225993 4.84737e+06 1.17002e+08 523349 2.79691e+07 596980 555763 303833 89596.7 97146.2 84332.1 645418 720346 59829.1 2.96121e+06 2.777e+06 102110 92578.1 56724.6 56418.2 661879 2.06584e+06 428307 410856 500891 302944 3.03992e+06
threshold=510.46000000000004 677.47000000000014 129.50000000000003 0 6.5000000000000009 106760.50000000001 125479.34000000001 1319.7350000000004 1030542.0850000002 303858.47500000003 16696.865000000002 31983.000000000004 302.50000000000006 118610.99500000001 232.50000000000003 234.50000000000003 52787.680000000008 4.4019543565809732e-10 107905.28000000001 137752.24000000002 129384.09000000001 450780.09500000003 49116.785000000011 32183.350000000002 4.6748027671128522e-10 6.5000000000000009 154.50000000000003 22786.870000000006 49735.500000000007 54538.475000000013
decision_type=2 2 2 9 2 2 2 2 2 2 2 2 2 2 2 2 2 2 2 2 2 2 2 2 2 2 2 2 2 2
left_child=-1 2 -2 22 6 11 13 -8 -9 -10 -11 -6 -13 16 -15 -16 -5 19 -19 20 -18 -20 -3 24 25 -24 27 -27 29 -25
right_child=1 3 -4 4 5 -7 7 8 9 10 -12 12 -14 14 15 -17 17 18 21 -21 -22 -23 23 28 -26 26 -28 -29 -30 -31
leaf_value=-14.549848278662152 56.944854754635173 -0.051398785489470092 -4.249888020040558 -0.069432697354525078 -0.23605461419459092 -550.56215278686693 -263.19821926168868 -0.26163489875853696 -3.1860289195156577 -0.28915623992760114 -58.086320250960938 -15.399503444150646 -1.1327538311526146 -0.51313963204599788 59.006923527130688 -1.256572736171033 -21.842183643445424 -5.0263275119033377 -0.24206109194104575 -0.10367603386492218 -0.074197485992375536 -119.74186295444629 -0.71184408475052396 70.325361612174035 -2.3390863911713082 -2.5034151576453745 -0.41262330761319588 -100.22750228465017 0.088328879268027891 -0.25594080027135785
leaf_weight=3.9936044499809205 0.023908012000850021 16255.886367156618 2.0255087428850462 2362.7146438580849 23.3821542047584 0.0061449103326925983 0.028678987174983628 91.012674026280038 2.0382625128523637 0.29965874634217449 0.098320341593100324 1.2361784775079412 2.9379073615548839 11.842588439058888 0.035630475729703459 0.87346616438355384 0.03669477300681423 1.3350797182628327 0.014212670022351499 160.94390022526437 0.93742353978268467 0.018402500462464493 0.24797195576799846 0.69385625423909658 8.1794841215311305 0.21153615783811669 0.17273598909378052 0.004166726583225199 13330.208552757282 15.278848098728313
leaf_count=42089 3495 1006609 10311 1110205 190155 258468 245714 85059 109874 154 26188 46135 5565 6990 93 2946 128824 7291 4266 11771 451 11861 6541 244 8575 242 66 10220 227831 2890
internal_value=-0.0294218 -0.027174 14.9023 -0.0285841 -0.469078 -20.9581 -0.248437 -3.90244 -1.03698 -21.4953 -45.9078 -1.56401 -7.51857 -0.11241 3.79264 30.7738 -0.133619 -1.05627 -56.5689 -0.242988 -11.5456 -118.336 0.0111522 0.087297 -12.8915 -64.2048 -75.0281 -85.2865 0.0968358 6.77262
internal_weight=32276.7 32272.7 2.04942 32270.7 2659.79 27.5624 2632.23 93.4776 93.4489 2.43624 0.397979 27.5562 4.17409 2538.75 12.7517 0.909097 2526 163.286 1.36769 161.918 0.974118 0.0326152 29610.9 13355 8.81589 0.636411 0.388439 0.215703 13346.2 15.9727
internal_count=3571123 3529034 13806 3515228 2252010 500323 1751687 466989 221275 136216 26342 241855 51700 1284698 10029 3039 1274669 164464 23418 141046 129275 16127 1263218 256609 25644 17069 10528 10462 230965 3134
cat_boundaries=0 1
cat_threshold=2
is_linear=0
shrinkage=0.05


Tree=43
num_leaves=31
num_cat=2
split_feature=1 2 3 11 2 9 12 14 14 9 6 1 3 13 13 2 7 2 3 3 13 13 3 2 13 2 2 2 7 3
split_gain=1.28441e+06 1.04566e+08 613612 480539 119959 329275 1.77122e+06 597027 440346 106869 61927 55969.3 560548 2.25057e+07 6.60915e+06 1.64178e+06 337161 126559 55815.1 45321.9 2.22548e+06 610046 347884 82732.5 45968 43117.9 42779.4 111747 42531 56604.5
threshold=0 30273.515000000003 1.0000000180025095e-35 1.5000000000000002 1690.1800000000003 4.5000000000000009 3.5000000000000004 519777.9100000005 595173.62500000012 11.500000000000002 19.500000000000004 1 125479.34000000001 5938.3350000000328 1319.7350000000004 5964.2150000000011 2054951.1500000001 242443.20000000004 118610.99500000001 52787.680000000008 1.473381416872144e-10 4.4019543565809732e-10 55428.500000000007 139770.095 1473074.4050000003 127513.48500000002 137752.24000000002 135684.95500000005 469205.93500000006 321264.32500000007
decision_type=9 2 2 2 2 2 2 2 2 2 2 9 2 2 2 2 2 2 2 2 2 2 2 2 2 2 2 2 2 2
left_child=4 2 -2 -3 5 -1 7 9 -9 -7 -4 12 18 14 15 -14 28 -18 19 -6 23 -22 -23 26 -24 -20 27 -21 -15 -30
right_child=1 3 10 -5 11 6 -8 8 -10 -11 -12 -13 13 16 -16 -17 17 -19 25 20 21 22 24 -25 -26 -27 -28 -29 29 -31
leaf_value=0.50220596874781664 -0.17783241813458306 -515.46614712890494 -17.126191270876806 -0.14451512235667349 -0.074531712732044841 -0.95021728408602368 45.003369339258391 38.945026159719077 -2.1110309046211784 -10.966465496728762 -3.1527376488234156 -0.0063583846155367612 -0.13450361982636191 -0.082130156449051139 -0.35162120826668214 -277.47033200875205 -2.1250001074283253 -30.649425411892175 3.7433620202590521 -23.968271720505889 -0.47187859965278589 -0.29169111282973936 -78.552495062471209 -0.10634529285476807 -0.045113650959212818 -1.0894497480838747 -0.049231123714188668 -0.023918426077153724 -1.6245037011408674 -11.888148576241306
leaf_weight=561.61189123628617 112.64449853347149 0.0010260696800070829 5.1676177884148897 0.0051275091554295734 2162.9741346731162 8.2075636676431163 1.6627462226497467 0.5495822854422503 0.96112129288109815 3.1051836279023783 1.5109530540223621 28303.025584376817 0.057379115838535721 76.948566112470246 0.31230565822286782 0.017571325976412422 0.78894448131234984 0.29210742364670295 15.128151901806548 0.049120649108657544 0.43279494955909026 0.17264590115472722 0.32955984927593851 147.13996113166485 0.020206265849992966 5.933678492403117 0.99448579449381214 0.91437421810041997 8.3401521360204107 0.71911848893319863
leaf_count=3672 398780 676485 807858 118370 245382 603 172 68 244 2658 7474 1259169 77 1956 89 17088 862 3362 190 2305 435 438 6101 11626 673 991 39 33 2316 1361
internal_value=-0.0333724 -4.98671 -1.11171 -512.989 -0.0127325 0.701466 7.89494 0.175426 22.3856 -4.36731 -14.7878 -0.0261507 -0.256297 -4.16384 -203.971 -262.796 -0.969884 -20.8591 -0.109226 -0.133046 -0.970407 -53.9684 -68.8633 -0.273545 -77.4144 2.39394 -8.55299 -12.8324 -0.48297 -3.54054
internal_weight=31420 119.329 119.323 0.00615358 31300.7 576.098 14.4862 12.8235 1.5107 11.3127 6.67857 30724.6 2421.57 87.4761 0.387256 0.0749504 87.0889 1.08105 2334.09 2313.03 150.053 0.955207 0.522412 149.098 0.349766 21.0618 1.95798 0.963495 86.0078 9.05927
internal_count=3570877 2008967 1214112 794855 1561910 7417 3745 3573 312 3261 815332 1554493 295324 27111 17254 17165 9857 4224 268213 267032 21650 7647 7212 14003 6774 1181 2377 2338 5633 3677
cat_boundaries=0 1 2
cat_threshold=18 16
is_linear=0
shrinkage=0.05


Tree=44
num_leaves=31
num_cat=3
split_feature=1 3 2 3 3 4 2 1 4 6 7 2 9 1 3 13 3 2 10 7 3 2 3 2 0 3 2 13 7 3
split_gain=530726 3.17442e+07 1.06198e+06 528569 317495 552378 55563 269286 740762 131762 663175 107943 92481 50236.5 551023 2.24751e+07 2.03004e+06 2.15965e+06 1.07409e+06 347774 608697 122077 98121.9 619304 347375 70557.3 567672 1.4284e+06 613023 408923
threshold=0 196097.88500000004 339.10500000000008 1.0000000180025095e-35 129818.50000000001 2753438.2550000004 1341.9300000000003 1 1685.8400000000004 13.500000000000002 2866443.850000001 1.0000000180025095e-35 6.5000000000000009 2 125479.34000000001 3354.1400000000008 892689.65000000014 9344.1000000000004 1.0000000180025095e-35 469205.93500000006 309164.30000000005 262861.71500000003 118610.99500000001 194290.97000000003 206.50000000000003 49116.785000000011 32183.350000000002 3.5106495488435035e-10 22786.870000000006 49735.500000000007
decision_type=9 2 2 2 2 2 2 9 2 2 2 2 2 9 2 2 2 2 2 2 2 2 2 2 2 2 2 2 2 2
left_child=6 3 -3 -2 5 -5 7 8 -1 11 -11 -9 -13 25 22 16 17 -16 -19 -17 -21 -22 -15 24 -24 -8 27 28 -27 -28
right_child=1 2 -4 4 -6 -7 13 9 -10 10 -12 12 -14 14 15 19 -18 18 -20 20 21 -23 23 -25 -26 26 29 -29 -30 -31
leaf_value=30.339396664543003 -0.17560883421231566 -0.2867192755057752 -288.41749286179049 -44.094824434582108 -3.1479340649818597 -3.5468036263129452 -0.071536351683806287 0.41361813307159612 -0.77983804083270458 33.30764665757119 -1.4871133148499935 -1.7138346903418418 -10.631311559996501 -0.11512268665398202 -0.17673621426621672 -0.079963498810683958 -7.7260222741222861 -261.88820760922118 -0.045249344231538612 -3.5835598914517415 -1.9120451471086437 -51.480559687520923 -0.79404881804207839 -0.58914385997858065 44.010385102578866 -2.3069311800125933 9.1224740524873713 -2.4297016815242185 -72.343199794401997 0.088632928728012941
leaf_weight=2.9855944514274597 110.7349322352071 0.035128091113213682 0.0018288346866984833 0.8206535144355217 4.0941687512527665 1.9215668652376483 15496.039404295823 259.3326110839987 3.5818495655449381 0.79593832042566948 5.4407783452249765 22.190090347774696 2.466465198974837 2252.0546810291276 0.094141683191813041 80.877724880823493 0.18897265825121556 0.030758177696869171 0.041110859252505572 4.7415408016091094 0.23338122888416946 0.016775432386348377 0.58187446846090807 9.8104353432554312 0.36624523782235763 0.51040474481956977 11.539560703919049 7.3811697142165329 0.2313090380882441 12345.294992748006
leaf_count=58 441848 3349 620260 843994 72368 27562 1004310 3 380 121 681 2631 2054 266535 134 1982 908 16181 18 4745 816 2359 158 888 128 6205 3105 8499 10420 227493
internal_value=-0.0260528 -3.23127 -278.938 -1.06532 -13.6147 -24.2232 -0.0125273 0.667104 6.67954 0.269935 6.94173 0.109026 -2.98567 -0.0192304 -0.240722 -4.14138 -206.191 -231.725 -251.892 -0.942102 -12.5653 -43.7605 -0.0913851 4.46432 30.2178 -0.000461091 0.0886098 -12.3793 -53.1466 0.0978072
internal_weight=30624.4 117.608 0.0369569 117.571 6.83639 2.74222 30506.8 296.793 6.56744 290.226 6.23672 283.989 24.6566 30210 2349.04 86.2244 0.354983 0.166011 0.071869 85.8694 4.9917 0.250157 2262.81 10.7586 0.94812 27861 12365 8.12288 0.741714 12356.8
internal_count=3570193 2009381 623609 1385772 943924 871556 1560812 5928 438 5490 802 4688 4685 1554884 294852 27143 17241 16333 16199 9902 7920 3175 267709 1174 286 1260032 255722 25124 16625 230598
cat_boundaries=0 1 2 3
cat_threshold=18 16 2
is_linear=0
shrinkage=0.05


Tree=45
num_leaves=31
num_cat=1
split_feature=1 3 4 7 3 13 2 6 0 14 8 0 2 0 13 2 2 3 8 11 2 2 2 2 3 13 2 8 3 14
split_gain=694982 1.81826e+06 2.43073e+06 65045.4 948706 4.00502e+07 4.64047e+07 3.73866e+07 1.8564e+06 1.32845e+06 1.80217e+06 1.18877e+06 813681 6.43445e+06 1.08136e+06 555645 2.14892e+06 1.4164e+06 1.18896e+06 921042 563464 437097 310400 246400 221286 211412 121234 96269.4 90450.9 75076.4
threshold=0 121.50000000000001 566814.72500000009 569953.04000000015 118610.99500000001 2.0725110516650605e-10 8646.9050000000007 37.500000000000007 130.50000000000003 13289.910000000002 184204.83083333334 229.50000000000003 242443.20000000004 20.500000000000004 691565.96500000008 159029.94000000003 172587.78000000003 174408.02000000005 194766.04655844157 4.5000000000000009 109786.07500000001 45644.885000000002 441427.84500000003 239130.98500000002 309164.30000000005 775920.89000000013 510.46000000000004 987154.09375000012 813873.76500000013 469589.16000000009
decision_type=9 2 2 2 2 2 2 2 2 2 2 2 2 2 2 2 2 2 2 2 2 2 2 2 2 2 2 2 2 2
left_child=1 -1 -3 29 26 6 -6 8 -8 10 -7 21 15 14 22 20 17 18 -17 27 -11 -12 -14 -21 -22 -15 -5 28 -18 -2
right_child=3 2 -4 4 5 9 7 -9 -10 12 11 -13 13 25 -16 16 19 -19 -20 23 24 -23 -24 -25 -26 -27 -28 -29 -30 -31
leaf_value=-0.079091061309067942 0.015798616889769228 -136.00084115117815 -6.2059287407860433 -10.630350247052112 -7.4296015646536411 -1.2663202380104583 0.99680399150439103 -5.3063416495197702 -560.56342876867495 -0.47268798618092345 -0.59474919245895919 -13.177530872852495 -2.6352931245784355 -115.44905821032026 -2.8693097039334248 109.92498649135109 -42.266721597135707 -5.0909051764253972 -5.912635907790138 -5.0740698149080128 -39.596822602840888 106.26981558311309 58.377621057471458 15.778712278060318 -3.6499192221822856 -13.275637096862287 -0.05777557476932639 -0.73644648367918542 -0.54213260865158563 0.90107015820806091
leaf_weight=0.96419504305046222 20126.206196586634 0.015024877667784153 0.7175960615359287 1.7122682798180893 1.9360527456750372 1.4606522718564237 0.011320839891130439 0.47637131881870232 0.0071914984978653567 170.90067963681994 0.093239866197109278 0.04323128657867259 0.15770385710239798 0.38590276951186725 7.6166856818742108 0.08232266797977994 0.33294532170996427 0.41775891794250031 0.15684683428588897 1.6333962413924461 0.28130424491374362 0.02398603492914636 0.033029562726411665 2.8320985572059469 0.9879649487230574 0.35707425422475753 9518.5962088488159 0.24397003681579121 0.17332689044452176 241.37689662077173
leaf_count=453484 616376 1155549 377823 1881 1665 173 3229 339 33758 12776 63 551 369 9031 4088 120 4756 1019 261 1128 3364 538 212 50 1847 1726 864097 65 169 20637
internal_value=-0.0293846 -11.7249 -85.8286 -0.0244288 -0.130915 -3.61396 -172.909 -382.251 -553.338 -0.525087 34.8289 81.3571 -1.01629 -15.2346 3.69245 -0.252164 13.6925 63.3139 90.4875 -1.73719 -0.804163 96.8144 48.0795 8.61743 -25.5573 -102.137 -0.0607939 -33.082 -37.8287 0.026334
internal_weight=30080.2 1.69682 0.732621 30078.5 9710.95 190.645 2.43094 0.494884 0.0185123 188.214 1.62111 0.160457 186.593 8.5504 7.80742 178.043 5.87267 0.656928 0.23917 5.21574 172.17 0.117226 0.190733 4.46549 1.26927 0.742977 9520.31 0.750242 0.506272 20367.6
internal_count=3571144 1986856 1533372 1584288 947275 81297 38991 37326 36987 42306 1325 1152 40981 15426 4669 25555 7568 1400 381 6168 17987 601 581 1178 5211 10757 865978 4990 4925 637013
cat_boundaries=0 1
cat_threshold=9
is_linear=0
shrinkage=0.05


Tree=46
num_leaves=31
num_cat=2
split_feature=1 4 1 9 13 2 9 2 12 2 4 14 2 2 0 9 2 0 11 7 7 7 0 10 13 0 2 13 2 8
split_gain=349556 3.35485e+06 60466.8 496964 669907 1.7609e+06 2.90008e+06 249313 140535 43276.3 2.78036e+06 1.01744e+06 2.0306e+06 244034 315450 35921.3 176542 101540 32116.7 199695 28585.1 402310 123598 27458.3 31767.7 111902 818521 58401.2 389134 524215
threshold=0 630510.03000000014 1 6.5000000000000009 1.4042598195374014e-09 621990.27500000014 11.500000000000002 6325.3700000000008 25.500000000000004 121498.39000000001 1.0000000180025095e-35 6632.4800000000005 339.10500000000008 123547.48500000002 232.50000000000003 4.5000000000000009 1321881.0250000001 43.500000000000007 4.5000000000000009 541798.83500000008 4035107.3750000005 4104468.5200000005 129.50000000000003 2.5000000000000004 289454.86500000017 307.50000000000006 381828.95000000007 342491.41000000009 150427.12000000002 156113.49333333338
decision_type=9 2 9 2 2 2 2 2 2 2 2 2 2 2 2 2 2 2 2 2 2 2 2 2 2 2 2 2 2 2
left_child=1 -1 23 9 5 7 -7 -5 -8 10 11 12 -4 14 -11 18 -17 -18 20 -20 -15 22 -22 24 -2 27 -27 28 -26 -30
right_child=2 -3 3 4 -6 6 8 -9 -10 13 -12 -13 -14 15 -16 16 17 -19 19 -21 21 -23 -24 -25 25 26 -28 -29 29 -31
leaf_value=-98.962915275521624 -0.0075269714498062343 -1.4684152191250184 -2.0357992886487724 -20.51038565061107 -0.13496998975390773 -4.577247226484511 -120.24424663544238 -2.0176625484645738 -0.093841576553238257 -0.12597169790531768 -0.32224107580157868 -0.99157109445511959 -121.04258902078227 -0.17948224213428088 22.838878183491971 -0.65624568124391114 12.57371841784957 -0.78102152099180333 8.9015632392245205 -1.235121603893812 22.293675161179927 -0.59632428614681166 -0.27620154262631924 -0.46574194177759926 -0.20761622551611505 -0.27371222294433195 38.250914543938876 0.069112649402468279 9.6907961325594343 1.3210407727320084
leaf_weight=0.10193561020739306 22586.965652397266 4.5871258372317509 0.61251235037496099 1.3259695172890733 17.902495315309999 1.4715221607002049 0.0066621752341937497 9.7423550637773051 0.026627840749065563 3.3887472146207105 358.04065840172831 0.63792990787379533 0.0024994011429942944 1849.7402827089693 1.6604347656700569 19.247947251481399 3.8291171010061271 1.8590828867820066 5.8356012851546408 16.13504440921534 1.73712358704458 28.88006281598172 0.74760523663993939 296.62496550598007 301.0333783623102 9.8944609871923372 0.59936933126302605 4304.9211869557621 23.805646370911774 77.818708692634374
leaf_count=417509 1024085 364082 24379 9326 256 5994 47086 81871 16 326 31541 574 1183588 91062 99 12261 123 1666 133 14346 109 17830 292 21514 13833 1628 137 190322 2842 11408
internal_value=-0.0126651 -7.474 -0.00874562 -0.253129 -6.49428 -14.8717 -52.884 -5.74943 -117.244 -0.168462 -0.671576 -56.0432 -77.1715 -0.074648 9.95234 -0.106056 1.74233 8.74405 -0.13118 1.72736 -0.153796 1.31963 17.3709 0.011913 0.0171234 0.13511 5.06275 0.123052 0.698122 3.35704
internal_weight=29929.2 4.68906 29924.5 2322.83 30.4756 12.5731 1.50481 11.0683 0.03329 2292.35 359.294 1.25294 0.615012 1933.06 5.04918 1928.01 24.9361 5.6882 1903.08 21.9706 1881.11 31.3648 2.48473 27601.7 27305 4718.07 10.4938 4707.58 402.658 101.624
internal_count=3570238 781591 2788647 1522878 144549 144293 53096 91197 47102 1378329 1240082 1208541 1207967 138247 425 137822 14050 1789 123772 14479 109293 18231 401 1265769 1244255 220170 1765 218405 28083 14250
cat_boundaries=0 1 2
cat_threshold=1 2
is_linear=0
shrinkage=0.05


Tree=47
num_leaves=31
num_cat=2
split_feature=1 4 1 3 8 13 7 9 2 13 6 3 11 3 2 4 7 3 3 3 2 4 9 8 13 3 2 13 3 7
split_gain=460866 2.02949e+06 97282.7 416491 5.80025e+06 652997 182366 482956 193314 192207 145014 240644 103353 110283 66875.1 4.51065e+06 941716 616176 544383 122434 212300 148183 62236.1 65143.4 49518.2 45361.2 883378 1.90933e+06 190524 168193
threshold=0 630510.03000000014 1 125479.34000000001 6778.9650000000011 3354.1400000000008 469205.93500000006 12.500000000000002 56181.265000000007 11223.760000000075 8.5000000000000018 167538.55500000002 1.0000000180025095e-35 174408.02000000005 121498.39000000001 1.0000000180025095e-35 15070.120000000001 100.26000000000001 53994.500000000007 1.0000000180025095e-35 31213.930000000004 3866115.3000000003 85.500000000000014 726671.25833333342 8.7766238721087588e-11 49116.785000000011 32183.350000000002 3.5106495488435035e-10 638511.03500000015 22786.870000000006
decision_type=9 2 9 2 2 2 2 2 2 2 2 2 2 2 2 2 2 2 2 2 2 2 2 2 2 2 2 2 2 2
left_child=1 -1 25 14 5 -5 9 8 -8 12 11 -9 13 -6 15 16 17 -4 19 -17 21 -21 23 -20 -12 -2 27 28 29 -27
right_child=2 -3 3 4 6 -7 7 10 -10 -11 24 -13 -14 -15 -16 18 -18 -19 22 20 -22 -23 -24 -25 -26 26 -28 -29 -30 -31
leaf_value=-109.50473176306335 -0.065565297465531608 -4.1366671974313025 -1.5325127657906832 -127.79188143624427 -2.0178789723227477 -0.00062987474180560858 -2.3232884766479849 -0.97851576091561587 -30.200913581442201 -0.087909442126577489 -1.2956338419476099 -30.329925023307791 -0.027094315971963209 -30.921098370436582 -0.076360647618867739 -0.13421816483202254 -1.7863879429474594 -123.71290440945089 -37.440680670983753 -28.175734599061673 -1.5137908604697987 -1.5003204099536551 -2.1953909797503428 -0.60315952510611959 -9.6585515406188787 -2.9755632585933967 0.0701475948270424 -3.2877274996040491 -1.1794346449373243 -79.988914358069891
leaf_weight=0.0017367410259611074 14921.182895238408 0.99342978491542466 0.14347572975336481 0.033686322615110176 0.6944457822190383 0.11076521933136951 1.0643957127324648 1.7446045573785518 1.5185999074226655 64.617189434889681 28.322471723355768 0.24867315076125773 0.9132949973554787 0.081769124393228032 1728.0977892771455 314.45173883042787 0.28622181017535986 0.001876841087095348 0.22046952272486586 0.52166265102635512 8.304090140853404 0.97404754111871061 0.35161657445384631 0.17031323931207831 0.93925803414015518 0.16058732477517557 13471.118865338451 5.4068536444162882 0.13426421303374325 0.21616199883711196
leaf_count=418875 1009351 363544 436965 199978 935 25 1779 815 9006 2273 2909 2690 68 2664 229070 27405 1564 576978 5057 12924 6843 1327 175 59 1092 6182 230911 8838 566 10589
internal_value=-0.0340099 -9.8328 -0.0301406 -0.353238 -3.48488 -115.429 -2.18374 -5.11409 -22.5692 -0.634467 -3.01641 -13.5513 -13.7313 -20.7597 -0.200391 -0.856759 -89.4157 -109.75 -0.465217 -0.314447 -5.54919 -18.3678 -28.3393 -33.3669 -1.87453 -0.00550843 0.0609794 -17.8017 -67.5577 -73.1708
internal_weight=30553 0.995167 30552 2153.81 100.289 0.144452 100.145 33.838 2.583 66.3067 31.255 1.99328 1.68951 0.776215 2053.52 325.426 0.431574 0.145353 324.994 324.252 9.7998 1.49571 0.742399 0.390783 29.2617 28398.2 13477 5.91787 0.511014 0.376749
internal_count=3571457 782419 2789038 1522601 224234 200003 24231 18291 10785 5940 7506 3505 3667 3599 1298367 1069297 1015507 1013943 53790 48499 21094 14251 5291 5116 4001 1266437 257086 26175 17337 16771
cat_boundaries=0 1 2
cat_threshold=1 2
is_linear=0
shrinkage=0.05


Tree=48
num_leaves=31
num_cat=2
split_feature=2 1 7 3 13 9 14 0 0 0 1 3 7 8 0 13 2 3 3 2 2 3 4 9 14 3 2 6 6 8
split_gain=168270 2.01157e+06 1.18825e+07 1.21197e+06 1.00565e+06 285779 627037 1.29468e+06 1.41633e+06 225183 101725 376617 9.11182e+06 130428 109451 73555.4 123763 67134.7 65496 518492 579764 769371 419840 1.36668e+06 2.72439e+06 1.11139e+06 708153 592159 3.65421e+06 428369
threshold=1690.1800000000003 0 212641.99000000002 1585.5000000000002 98278.330000000002 4.5000000000000009 249447.63000000003 211.50000000000003 260.50000000000006 7.5000000000000009 1 125479.34000000001 1.0000000180025095e-35 435831.80444444454 293.50000000000006 24878.410000000007 3599.6750000000006 134403.82000000004 50374.500000000007 31213.930000000004 13055.540000000003 196097.88500000004 4304302.8450000007 23.500000000000004 1.764419721439481e-10 196097.88500000004 526820.03500000003 29.500000000000004 30.500000000000004 301908.94066666672
decision_type=2 9 2 2 2 2 2 2 2 2 9 2 2 2 2 2 2 2 2 2 2 2 2 2 2 2 2 2 2 2
left_child=1 2 -1 5 9 -3 -7 -8 -9 -5 18 -12 -13 14 -14 16 -16 -18 -2 20 21 -20 -21 26 -25 29 27 -24 -29 -26
right_child=10 3 -4 4 -6 6 7 8 -10 -11 11 12 13 -15 15 -17 17 -19 19 22 -22 -23 23 24 25 -27 -28 28 -30 -31
leaf_value=141.76180475302337 -0.068630460853071215 0.26022065508463194 -0.49767239798516105 -0.080162224526691458 -0.34201084180896418 -1.6773332644751631 -0.90688377513357177 75.414465330952282 -0.48160335002435473 -76.725036113213733 -0.19436046487159886 -151.89278438862996 -1.329929383379719 -16.798342232166537 -0.57907718483983139 -0.54614384883183908 -0.21381826741904186 -31.866792785325533 -66.891585677924198 0.075473809637794723 -3.6859813969111088 -3.16537139636982 0.53435370775895341 -9.2446064224641571 119.35524790746689 -8.2969625162831928 35.401277912555649 89.568007986231905 -4.6892459901435073 -3.5390918121930905
leaf_weight=1.1422265501952189 14362.521414535029 465.14543081214185 4.6406321311564707 0.10814809799194965 0.99794319585339297 7.4117340585873581 3.1911621135650465 0.60084357808630096 0.97721106699883686 0.026995825683622285 1878.4643303388989 0.02010115992726369 116.18561971490304 0.44206661699888528 0.81287919178762691 1.2370223316088922 0.21731420280411848 0.014983926087773575 0.015006093734167059 11771.38712564156 5.4689974736659304 1.0887310023413435 63.507376581728877 0.93723378001816793 0.011848616851711902 0.072550053708255291 0.62058836304750187 0.33794308725118316 4.0634568931452923 0.016020182459871135
leaf_count=181 1014198 53355 366 805 3158 2114 526 188 141 79400 1465297 219231 400794 33848 323 9618 263 41234 5930 207842 14275 2829 8921 1515 226 355 302 251 2299 433
internal_value=-0.00725284 0.915935 17.9274 0.293327 -37.3067 0.466533 7.72701 20.1004 46.4573 -69.4979 -0.0231335 -0.366075 -3.08451 -1.7928 -1.59662 -10.6304 -16.4604 -26.4624 0.00315242 0.0901749 -12.9889 -35.4189 0.0985316 3.94369 44.3406 98.385 2.70301 1.89472 17.7895 113.992
internal_weight=28691.7 484.242 5.78286 478.459 1.13309 477.326 12.181 4.76922 1.57805 0.135144 28207.4 1997.39 118.93 118.91 118.468 2.2822 1.04518 0.232298 26210 11847.5 6.57273 1.10374 11841 69.567 1.03765 0.100419 68.5294 67.9088 4.4014 0.0278688
internal_count=3570218 140234 547 139687 83363 56324 2969 855 329 80205 3429984 2170608 705311 486080 452232 51438 41820 41497 1259376 245178 23034 8759 222144 14302 2529 1014 11773 11471 2550 659
cat_boundaries=0 1 2
cat_threshold=16 2
is_linear=0
shrinkage=0.05


Tree=49
num_leaves=31
num_cat=2
split_feature=2 0 4 3 11 2 9 12 8 1 3 9 2 4 8 0 7 1 11 2 2 4 10 3 2 7 0 7 8 3
split_gain=73095.3 1.54079e+06 3.94721e+06 788087 357814 288536 164138 789206 289428 91047.4 581420 4.73349e+06 474901 285764 194560 113037 109692 84268.5 76432 89433.7 57184.6 3.80742e+06 1.97557e+06 349338 269578 139859 102653 58200.8 46509 43735.5
threshold=1341.9300000000003 281.50000000000006 14514.900000000001 1585.5000000000002 3.5000000000000004 510.46000000000004 4.5000000000000009 2.5000000000000004 143112.33250000005 0 125479.34000000001 -1.0000000180025095e-35 28429.565000000006 221801.24000000002 384888.48645833338 289.50000000000006 441884.78000000009 1 1.0000000180025095e-35 3963.6200000000003 121498.39000000001 1685.8400000000004 1.0000000180025095e-35 609.50000000000011 31213.930000000004 6503382.7800000003 2.5000000000000004 22786.870000000006 726671.25833333342 121858.00000000001
decision_type=2 2 2 2 2 2 2 2 2 9 2 2 2 2 2 2 2 9 2 2 2 2 2 2 2 2 2 2 2 2
left_child=1 3 5 6 -5 -3 17 -8 -9 -2 20 12 -12 -14 15 -13 -16 -1 19 -17 21 22 -11 -23 25 26 -25 -28 -29 -22
right_child=9 2 -4 4 -6 -7 7 8 -10 10 11 14 13 -15 16 18 -18 -19 -20 -21 29 23 -24 24 -26 -27 27 28 -30 -31
leaf_value=4.2311334208996323 -0.016969933110908515 119.77658576490808 -5.0007227566146391 -52.941963092823471 -0.10543212256114075 -2.3186750726718621 -3.5734448165002144 51.037190259769368 -1.2462726383247444 -119.79049134187288 -0.034432148887381567 -2.0566969517308742 -120.86435435326428 -8.3046406477759298 -0.29854728938966585 -1.0737036036688055 -26.559529698007243 0.23272595326935486 -0.5101484050741848 -26.509837004672562 -0.11865214421874429 -0.10501420132218826 -0.51019704905480046 -0.21365985688386849 -3.9983881529329701 -1.621679658484724 -0.34739597897558006 -41.835736556404392 -0.54587666787877953 1.720773828015026
leaf_weight=2.9839598457098573 26886.362920172174 0.0095505486796342853 1.7478315277929029 0.0038387106915543914 0.47681958659674528 0.011606696993112509 2.9715018077794899 0.18926812797907039 0.28044259560627943 0.018408081768949147 0.11479820311069233 67.002611923791875 0.0043922481127220961 0.22901178334022831 0.59675841823604048 0.61040451035223531 0.35051201707458657 310.56655755196971 0.95927545896080657 0.19985801339264242 1411.4447897669643 268.914414150477 0.53981866783162824 0.23621948063371367 5.9639996266905628 0.62864437644551707 0.12201526761104731 0.33976373517960157 0.10031498537864536 32.073644874269348
leaf_count=110 1260189 4088 1814 58530 521 6810 1690 49 213 964976 167368 386409 40501 15588 1926 436 48361 37691 9887 39930 392754 38871 1344 115 60143 1528 3828 23764 281 1390
internal_value=-0.031661 0.719557 37.8563 0.394393 -36.0015 116.113 0.562637 10.1097 40.2094 -0.0400489 -0.38417 -4.81827 -97.6486 -106.702 -2.98034 -2.49974 -18.6675 0.426036 -12.4738 -18.5289 -0.203112 -0.859978 -78.7987 -0.418908 -10.4655 -24.7082 -31.8741 -36.5218 -39.342 -0.0766154
internal_weight=28996.1 319.241 1.76899 317.472 0.480658 0.0211572 316.992 3.44121 0.469711 28676.8 1790.45 70.0676 0.348202 0.233404 69.7194 68.7721 0.94727 313.551 1.76954 0.810263 1720.38 276.864 0.558227 276.305 7.39096 1.42696 0.798313 0.562094 0.440079 1443.52
internal_count=3571105 111516 12712 98804 59051 10898 39753 1952 262 3459589 2199400 710406 223457 56089 486949 436662 50287 37801 50253 40366 1488994 1094850 966320 128530 89659 29516 27988 27873 24045 394144
cat_boundaries=0 1 2
cat_threshold=2 16
is_linear=0
shrinkage=0.05


Tree=50
num_leaves=31
num_cat=1
split_feature=1 3 8 2 2 4 0 6 13 2 13 2 6 6 0 2 4 2 11 3 2 2 10 3 3 13 0 2 2 14
split_gain=97876.3 2.42476e+06 4.91506e+06 751790 235532 1.05985e+06 168898 110137 675588 842466 118384 94121.6 80283.9 75820.2 52334.2 49768.3 1.41741e+06 3.88057e+06 456052 300645 145023 49597.9 35603.1 123311 349178 159508 91992 53460.4 109096 37217.4
threshold=0 121858.00000000001 6778.9650000000011 5775.4400000000014 677.47000000000014 1685.8400000000004 230.50000000000003 8.5000000000000018 8662.8550000000214 226438.50000000003 8.7766238721087588e-11 242443.20000000004 3.5000000000000004 2.5000000000000004 257.50000000000006 123547.48500000002 1685.8400000000004 121498.39000000001 2.5000000000000004 972.50000000000011 35414.430000000008 56181.265000000007 2.5000000000000004 30920.500000000004 118610.99500000001 645082.83000000019 8.5000000000000018 109786.07500000001 313174.37000000005 447266.34000000008
decision_type=9 2 2 2 2 2 2 2 2 2 2 2 2 2 2 2 2 2 2 2 2 2 2 2 2 2 2 2 2 2
left_child=22 4 3 -3 5 6 -2 8 9 -4 14 -12 -10 -5 -9 16 17 18 -6 -18 -21 -22 -1 -24 25 -25 -27 -26 29 -29
right_child=1 2 7 13 15 -7 -8 10 12 -11 11 -13 -14 -15 -16 -17 19 -19 -20 20 21 -23 23 24 27 26 -28 28 -30 -31
leaf_value=-0.02649646141092285 59.116342946889972 -0.034162885742179766 -4.6235518399216877 -135.26793923773195 -120.40985952494069 -6.0873452755885591 -2.0878750838306166 -2.5581171399418881 -1.9129246564472329 -73.742370764616126 -3.2116408253683639 -24.988028461746435 -16.075773295756928 0 -14.209032595279204 -0.11994904426903362 -0.11924318106456074 -0.15745321602042628 -0.083006768172261269 -16.826349421802956 -1.1366734348368639 -11.69568218003355 -0.094863083001949511 -1.9341347388061956 -0.61703511557244184 -1.8403190166438059 -30.34806548163796 -0.23184490561648452 -0.93752244820572084 -18.50809842733112
leaf_weight=23548.950394443156 0.010837273278684355 0.11772599071269563 1.0411374604709718 0.0013094465596055213 0.0027842729854763567 1.8094780371029142 0.052580828778448031 9.5210834283309396 4.656779769002843 0.013605528855910598 1.2349377602927538 0.56951907305510863 0.4147308871694938 0.010475626213519718 0.20041729668275365 1304.6298273597488 273.68813144223998 2.9000543163468646 0.087045434556407217 2.7963841813292101 5.5567637149267277 0.48374796167623735 150.25792358750815 1.2817134571564244 26.543223567943905 0.49062526077893731 0.96091492910863574 0.36605370067991361 4.1634062449659126 0.66409055186844612
leaf_count=1243659 27329 68489 123357 176790 1000892 2535 13914 51393 60222 39807 82862 35812 69045 11 27781 390442 42929 613 371 32928 13426 43022 16882 295 677 78 1781 58 664 1101
internal_value=-0.0576351 -0.43357 -18.2967 -119.953 -0.22541 14.0789 54.122 -11.1595 -16.5251 -40.9725 -7.21565 -16.5458 -5.52892 -133.868 -4.10166 -0.251098 -0.847843 -30.4418 -110.88 -0.428376 -9.01663 -3.52408 -0.0319228 -0.721496 -3.37322 -17.8601 -25.3955 -1.61796 -5.80712 -15.3294
internal_weight=25343.5 1609.8 17.7817 0.129511 1592.02 1.8729 0.0634181 17.6522 6.12625 1.05474 11.526 1.80446 5.07151 0.0117851 9.7215 1590.14 285.515 2.98988 0.0898297 282.525 8.8369 6.04051 23733.7 184.728 34.47 2.73325 1.45154 31.7368 5.19355 1.03014
internal_count=3569165 2303970 735569 245290 1568401 43778 41243 490279 292431 163164 197848 118674 129267 176801 79174 1524623 1134181 1001876 1001263 132305 89376 56448 1265195 21536 4654 2154 1859 2500 1823 1159
cat_boundaries=0 1
cat_threshold=2
is_linear=0
shrinkage=0.05


Tree=51
num_leaves=31
num_cat=1
split_feature=1 3 13 2 6 3 3 2 4 0 2 0 3 2 3 2 9 2 2 13 3 8 2 6 3 3 2 12 6 2
split_gain=68347.8 5.05327e+06 6.31102e+06 2.78503e+06 996384 822614 4.54167e+06 351473 920968 266136 118665 1.12828e+06 209738 112243 61878.5 672564 744618 319410 233960 6.80878e+06 4.67554e+06 445198 620935 156325 858479 1.74217e+06 1.86705e+06 961781 247590 156174
threshold=0 161526.34500000003 8662.8550000000214 6325.3700000000008 8.5000000000000018 121858.00000000001 125479.34000000001 677.47000000000014 1.0000000180025095e-35 37.500000000000007 1169.3550000000002 9.5000000000000018 866.50000000000011 56181.265000000007 30649.500000000004 20718.950000000004 11.500000000000002 12474.900000000001 32183.350000000002 3.5106495488435035e-10 64171.44000000001 326491.22600000008 29343.235000000004 26.500000000000004 98083.380000000019 196097.88500000004 98470.200000000012 3.5000000000000004 27.500000000000004 123547.48500000002
decision_type=9 2 2 2 2 2 2 2 2 2 2 2 2 2 2 2 2 2 2 2 2 2 2 2 2 2 2 2 2 2
left_child=14 5 3 -3 -5 7 -7 8 9 -2 11 12 -9 -8 -1 16 -16 -18 19 20 -17 -21 -23 -20 -25 26 -26 28 -28 -27
right_child=1 2 -4 4 -6 6 13 10 -10 -11 -12 -13 -14 -15 15 18 17 -19 23 21 -22 22 -24 24 25 29 27 -29 -30 -31
leaf_value=-0.060655108166254593 60.441315109167391 -3.0322211181844039 -8.5969618222564161 -188.18811145593082 -34.042247789685533 109.79253539403112 -2.2811651174294227 -0.090474073146920381 -9.3930826908929514 -3.9878059109668316 -0.25579556246143531 -0.84049276396718098 59.060864785770526 -22.825392085324367 -3.4207801956997232 167.21709871135931 -57.192225925899187 -2.3546062049550462 0.076777380726685968 -0.15345401569061679 -4.1996697522742554 -0.41947544298766987 45.249519214321694 -1.6468373254177575 -2.001248924557907 -0.98468552473286342 25.458621987596931 102.65378245978417 -8.9699683652569 -26.994035847800998
leaf_weight=13620.204360327434 0.0010943852654050684 0.51812313800128051 4.9861265311351373 0.0026942181842458659 0.76055260539188818 0.087276714260010269 2.6548742820430742 0.17147357133042263 0.77080301362084247 0.052642848920659617 1468.6892498831514 8.9935974450076355 0.034683752804994583 0.031482576609701218 3.48217992274434 0.047051285704289403 0.30323635202396243 0.4464775332651158 12363.905074924693 71.036428731425602 0.564840091699361 1.6719629457306417 0.31546526663421826 15.741377122615431 1.6864984200262407 1.0788700288542927 1.3249959311397501 0.1632281405883319 0.13135618742325816 0.47508348073354456
leaf_count=942151 6186 66635 212632 294188 102883 6293 38058 276 2533 35001 1493295 31154 438 14765 13567 3073 4531 3007 283216 3387 4907 482 157 3970 499 685 146 377 980 1531
internal_value=-0.00585941 -0.334208 -41.9277 -111.004 -141.009 -0.132333 23.1828 -0.191706 21.7405 53.4334 -0.218638 5.15638 50.5724 -8.64983 0.0130047 0.0935172 -17.8298 -44.5478 0.101036 2.89207 104.541 0.639511 19.548 0.084209 4.334 20.6818 37.87 64.3052 19.9637 -16.3944
internal_weight=27570.3 1487.75 6.2675 1.28137 0.763247 1481.49 2.77363 1478.71 0.82454 0.0537372 1477.89 9.19975 0.206157 2.68636 26082.6 12462.4 4.23189 0.749714 12458.1 73.6357 0.611891 73.0239 1.98743 12384.5 20.6014 4.86003 3.30608 1.61958 1.45635 1.55395
internal_count=3571003 2304337 676338 463706 397071 1627999 59116 1568883 43720 41187 1525163 31868 714 52823 1266666 324515 21105 7538 303410 12006 7980 4026 639 291404 8188 4218 2002 1503 1126 2216
cat_boundaries=0 1
cat_threshold=2
is_linear=0
shrinkage=0.05


Tree=52
num_leaves=31
num_cat=1
split_feature=1 3 13 2 3 7 2 2 4 2 13 8 2 4 0 3 3 2 6 7 3 13 8 3 3 6 2 13 2 2
split_gain=122408 7.63088e+06 8.50293e+06 2.64866e+06 284492 284683 141652 156856 966222 64693.6 71176.3 100828 50841.4 4.38841e+06 737440 322336 71674.6 106659 168449 47531.5 542670 1.44643e+07 1.71807e+07 1.02235e+07 4.78542e+06 444492 444149 420372 290604 1.12856e+06
threshold=0 203917.35500000001 3.5106495488435035e-10 28429.565000000006 125479.34000000001 846108.34000000008 677.47000000000014 1169.3550000000002 1685.8400000000004 125469.93000000001 38667.225000000006 501255.36000000004 121498.39000000001 1.0000000180025095e-35 6.5000000000000009 53994.500000000007 609.50000000000011 29343.235000000004 14.500000000000002 1170266.4600000002 115033.45000000001 1319.7350000000004 164566.05348076925 692315.43000000005 118610.99500000001 14.500000000000002 323286.61500000005 1522750.8550000002 249020.48000000004 313174.37000000005
decision_type=9 2 2 2 2 2 2 2 2 2 2 2 2 2 2 2 2 2 2 2 2 2 2 2 2 2 2 2 2 2
left_child=19 4 3 -3 6 -6 -2 8 -8 -4 -11 -12 13 14 -9 16 -15 18 -18 -1 -21 22 -22 24 -24 -25 28 -28 -23 -30
right_child=1 2 9 -5 5 -7 7 12 -10 10 11 -13 -14 15 -16 -17 17 -19 -20 20 21 26 23 25 -26 -27 27 -29 29 -31
leaf_value=0.025922252033298916 -17.005632717543634 -0.005439139263810725 -0.87209069656052063 -209.56856300764358 -33.674773979408251 -3.3852528359742466 45.860856047346203 -0.60925774209220229 -1.0267544995156266 -2.8736409976633985 -33.271175728548613 -3.4751238441137753 -0.13327712360986332 -0.10466459821835028 -108.00299394812595 -25.523376768853723 -27.895498715889683 -1.1681932558369539 -1.7538617790336688 -0.069291294435210607 52.327756055324329 -1.2480450527387863 -3.8320301418699381 -10.313561555218939 -324.90381402062735 53.409418967558942 -42.780202534377132 -0.88483739793104044 -17.074049353040632 52.203571151954613
leaf_weight=20650.865295897554 0.26127688309543273 0.17597569525216089 0.82637610008177076 0.057148084259766863 0.24296896714953709 2.7943017586677419 0.31793481111526745 0.20009852945723622 6.3613744320655279 0.92327185849744653 0.17496859563975253 0.72685293618052205 1056.2833506076131 225.16143519874248 0.11282597369937136 0.27340359953956195 0.11100605178780565 8.0396197898009216 1.7209479318375329 5191.6124917745838 0.30055264868049802 103.36437474542556 0.15740598762865177 0.003063158597797099 0.064925354265737367 0.0037057354623417638 0.25075492443654268 1.2324731283580004 0.50238721089291316 0.11488344833695963
leaf_count=737634 43869 148409 93727 265301 84816 14139 30134 2476 1923 9620 106174 7060 394311 39259 972601 19826 19367 48176 3244 483211 3089 15825 463 628 18415 425 2598 1053 2387 324
internal_value=-0.0322233 -0.502704 -70.4809 -179.671 -0.297529 -13.5503 -0.256134 -0.239677 6.88581 -14.3033 -17.9217 -23.7134 -0.281818 -0.944329 -92.1033 -0.43383 -0.296613 -4.26196 -12.6306 -0.00835058 -0.141948 -3.6667 -156.321 -249.92 -286.697 42.9664 -1.43893 -22.3451 -0.930662 20.1228
internal_weight=27253.2 1304.77 2.88459 0.233124 1301.88 3.03727 1298.84 1298.58 6.67931 2.65147 1.82509 0.901822 1291.9 235.619 0.312925 235.306 235.033 9.87157 1.83195 25948.5 5297.61 105.995 0.529653 0.2291 0.222331 0.00676889 105.465 1.48323 103.982 0.617271
internal_count=3570484 2304432 630291 413710 1674141 98955 1575186 1531317 32057 216581 122854 113234 1499260 1104949 975077 129872 110046 70787 22611 1266052 528418 45207 23020 19931 18878 1053 22187 3651 18536 2711
cat_boundaries=0 1
cat_threshold=2
is_linear=0
shrinkage=0.05


Tree=53
num_leaves=31
num_cat=1
split_feature=1 3 4 0 9 2 2 3 3 0 2 2 13 2 4 3 3 3 6 3 2 9 7 7 13 8 2 13 3 13
split_gain=131921 6.4111e+06 3.10798e+06 1.47511e+06 242846 466600 97091.8 80292.2 99321.8 79450 57013.9 44901.2 1.19076e+06 1.4272e+06 2.06076e+06 117432 92773.2 70061.3 86953.5 41655.2 514601 452675 1.05494e+06 302552 5.92973e+06 1.79184e+07 594571 765114 334614 294545
threshold=0 152370.96000000005 412692.43500000006 7.5000000000000009 115.50000000000001 468639.08000000002 677.47000000000014 125479.34000000001 121858.00000000001 34.500000000000007 13973.795000000002 123547.48500000002 4.6748027671128522e-10 121498.39000000001 11175.500000000002 31471.275000000005 1060.5000000000002 30920.500000000004 22.500000000000004 60121.000000000007 22479.255000000005 11.500000000000002 22786.870000000006 3422293.7900000005 2.3317170416703453e-10 261566.37565656571 417788.98000000004 1432145.6750000003 892689.65000000014 30547.78000000025
decision_type=9 2 2 2 2 2 2 2 2 2 2 2 2 2 2 2 2 2 2 2 2 2 2 2 2 2 2 2 2 2
left_child=19 6 3 -3 5 -4 -2 8 11 -10 -9 12 13 14 -8 -16 -14 18 -18 -1 21 -21 -23 -22 25 -25 29 -28 -27 -26
right_child=1 2 4 -5 -6 -7 7 10 9 -11 -12 -13 16 -15 15 -17 17 -19 -20 20 23 22 -24 24 26 28 27 -29 -30 -31
leaf_value=-0.043297820563690886 -12.060377990989011 -0.4239120454447054 -7.6863341034138202 -151.40532603079302 -0.20926135109512167 -48.281956591007201 -104.46814492853096 -1.4864671669625202 -0.038926290634672456 7.0037539804263709 -18.665398052278587 -0.14963734553291494 -0.10125841051234392 -0.25945527581379352 -1.5263032808690378 -22.451803624889919 -18.796200388667195 -2.0787745535565367 -0.29615721129286449 -2.7569840673669428 0.075651648561402274 -1.1386572939704633 -69.858049731943623 230.35701898407376 -18.998464035752484 -73.935583932463842 -9.1915798956123425 55.733351687529506 -1.3656610165054075 0.90564527152744145
leaf_weight=14583.245848083821 0.75123756786592721 0.19707297340335655 1.8226183194950563 0.077182233319298021 0.79373571276664723 0.98782011916474743 0.05388927751136563 1.3129379874892837 7.6238336230373598 7.406760888005957 0.004276174390916653 883.687811797731 217.62358382940653 3.5800620854098422 1.705145784276566 0.31117597730383506 0.7268718306004035 7.025774281084642 1.0571086893702011 3.6273274623643017 10663.428976931711 1.3023348025997163 0.024881628537958167 0.032119323608362671 0.92658305418728915 0.17328688088140543 0.37361763841013751 0.076616678408164662 0.22825051844120026 51.821684295585811
leaf_count=1052566 45070 1631 332809 336485 349 18517 1000942 17670 846 5318 20291 390608 18355 1739 56280 20906 19987 15596 1493 9584 172530 138 5185 4602 2168 6269 740 337 92 11147
internal_value=-0.0120768 -0.536364 -57.7369 -128.392 -25.6413 -30.8826 -0.294514 -0.276065 -0.256778 3.65165 -9.57543 -0.312656 -0.930041 -21.7838 -46.7965 -11.1302 -0.316155 -5.07267 -11.8797 0.0117023 0.0865177 -14.6082 -31.8934 0.0946739 3.80608 104.154 1.08136 32.6656 -63.095 0.208948
internal_weight=26442 1136.75 3.87843 0.274255 3.60417 2.81044 1132.87 1132.12 1130.8 15.0306 1.31721 1115.77 232.084 5.65027 2.07021 2.01632 226.433 8.80975 1.78398 25305.3 10722 4.95454 1.32722 10717.1 53.6322 0.433657 53.1985 0.450234 0.401537 52.7483
internal_count=3570250 2304892 689791 338116 351675 351326 1615101 1570031 1532070 6164 37961 1525906 1135298 1079867 1078128 77186 55431 37076 21480 1265358 212792 14907 5323 197885 25355 10963 14392 1077 6361 13315
cat_boundaries=0 1
cat_threshold=2
is_linear=0
shrinkage=0.05


Tree=54
num_leaves=31
num_cat=1
split_feature=1 9 6 2 0 13 9 4 9 12 2 0 4 10 11 0 2 2 13 2 2 0 0 0 13 4 4 7 0 7
split_gain=95680.7 552312 1.82495e+06 193262 1.19735e+06 189722 161668 103933 61618.3 109995 44361.6 39772.7 39246.2 34243.6 37979.5 270041 680353 179634 666767 49843.4 462240 1.08458e+06 3.96308e+06 770422 226313 74686.2 271038 665425 1.80232e+06 140943
threshold=0 6.5000000000000009 11.500000000000002 1169.3550000000002 9.5000000000000018 1.4042598195374014e-09 7.5000000000000009 452598.75000000006 88.500000000000014 21.500000000000004 510.46000000000004 7.5000000000000009 15890731.275000002 2.5000000000000004 1.5000000000000002 307.50000000000006 249020.48000000004 1341.9300000000003 173395.20000000004 204502.29500000001 201885.82500000004 130.50000000000003 48.500000000000007 315.00000000000006 2.3317170416703453e-10 4704807.2950000009 4842762.5450000009 7317277.4800000004 159.50000000000003 111746.78500000002
decision_type=9 2 2 2 2 2 2 2 2 2 2 2 2 2 2 2 2 2 2 2 2 2 2 2 2 2 2 2 2 2
left_child=11 3 6 4 7 8 -3 -2 9 12 -8 -1 -4 14 19 17 -17 18 -16 20 25 22 -22 -23 -21 -13 27 -27 -29 -28
right_child=1 2 5 -5 -6 -7 10 -9 -10 -11 -12 13 -14 -15 15 16 -18 -19 -20 24 21 23 -24 -25 -26 26 29 28 -30 -31
leaf_value=-5.1632622653534641 60.483670746321572 -2.64901134924416 -26.206343722411727 -0.37415082929634108 -2.4316851127001846 -0.13715048032316141 -6.3651445038226449 -0.13898128988612166 -0.70470117759261053 -0.3658317268718782 -68.819313201140375 0.0032558889723170977 -0.97709923465163817 -0.72101280137414325 35.424123998156674 -0.32766479606014198 40.272841257873402 0.13429671371511046 -1.0274206716275194 -0.62026034091984739 -0.17620336161499794 -0.2484108035597839 74.87817823938596 32.650215380041296 0.059176822436995125 -0.24770631807302204 2.4471080955597357 57.148076345728718 -0.16647248314693275 0.049547850483491751
leaf_weight=2.7122003411786855 0.0036978903333099158 0.2191194595995174 0.69377801223127811 1114.9625859136559 4.0942447816594578 11.212531604182512 0.25805805687280209 0.070960484445095062 0.83997631274134166 0.75250690815082055 0.34136933184966239 13333.825616707791 0.25813163466209676 157.02835228954063 0.69363484568542588 3.3765323943195971 0.47577418736206212 3712.2958171668965 4.6336917346404896 1692.6649152264872 6.2340732555392728 37.008958902509598 1.4474252039851103 0.86870299379015037 4434.2958829952586 11.543082266749609 70.87809992634385 1.1319609957520946 3.8294496980222159 416.75445049516429
leaf_count=1606 1980 14241 131086 1713426 86576 569 1178 38 4369 366 349197 650706 2017 21328 72 622 188 185983 647 262490 922 5507 143 143 94905 1284 2131 83 371 37333
internal_value=-0.00962818 -0.456179 -9.8112 -0.329758 9.31743 -3.3374 -56.9462 56.3467 -13.4211 -17.1084 -62.7255 0.0117655 -23.373 0.0125743 0.0174586 0.164109 11.952 0.148682 8.56639 -0.00982137 0.0426011 5.01622 20.9617 1.32638 -0.128598 0.0258647 0.622641 6.73636 20.302 0.402342
internal_weight=25025.4 1133.71 14.5755 1119.13 4.1689 13.7569 0.818547 0.0746584 2.54439 1.70442 0.599427 23891.7 0.95191 23889 23732 3721.48 3.85231 3717.62 5.32733 20010.5 13883.5 45.5592 7.6815 37.8777 6126.96 13838 504.137 16.5045 4.96141 487.633
internal_count=3571507 2305043 503023 1802020 88594 138407 364616 2018 137838 133469 350375 1266464 133103 1264858 1243530 187512 810 186702 719 1056018 698623 6715 1065 5650 357395 691908 41202 1738 454 39464
cat_boundaries=0 1
cat_threshold=2
is_linear=0
shrinkage=0.05


Tree=55
num_leaves=31
num_cat=1
split_feature=1 3 9 0 4 11 2 0 3 0 0 10 3 3 7 2 2 3 4 2 7 2 2 3 9 4 9 0 13 3
split_gain=137213 8.79105e+06 2.10769e+06 2.77329e+06 1.15081e+06 1.44057e+06 1.70202e+06 627213 70172.5 758385 601743 52290.4 72208.1 236794 155309 49671.6 46227.1 1.5674e+06 2.28827e+06 53552.9 51359.5 34552 311249 6.34844e+06 3.47258e+06 2.09283e+06 2.77183e+06 524183 280815 1.71072e+06
threshold=0 144361.00000000003 78.500000000000014 9.5000000000000018 15890731.275000002 2.5000000000000004 11353.110000000002 322.50000000000006 121858.00000000001 232.50000000000003 234.50000000000003 2.5000000000000004 30649.500000000004 64171.44000000001 541798.83500000008 56181.265000000007 123547.48500000002 1060.5000000000002 1685.8400000000004 113714.07000000002 7589735.205000001 204502.29500000001 199425.23500000002 53994.500000000007 25.500000000000004 541602.44000000006 5.5000000000000009 267.50000000000006 2.3317170416703453e-10 53994.500000000007
decision_type=9 2 2 2 2 2 2 2 2 2 2 2 2 2 2 2 2 2 2 2 2 2 2 2 2 2 2 2 2 2
left_child=11 8 3 -3 5 6 -5 -8 16 -10 -11 21 -13 14 -14 -16 17 -2 -19 20 -20 22 -1 -24 25 26 27 -25 29 -23
right_child=1 2 -4 4 -6 -7 7 -9 9 10 -12 12 13 -15 15 -17 -18 18 19 -21 -22 28 23 24 -26 -27 -28 -29 -30 -31
leaf_value=0.025201598166876862 -0.15268014519885914 -5.338958157496549 -7.4493799993554468 -4.9828563494622635 -2.5573382831969846 -9.3588840674736797 -202.67981853325702 -3.2018656321003109 -0.94826741998965736 57.485176524724913 -3.9005895568164863 -0.15046371387193458 -0.40542323071389241 -1.9336684419953363 -0.59356967808907601 -34.880489124395631 -0.17060630239063709 -84.808630897758547 -13.617028657541727 -0.44704308943846449 -1.2431931455393133 -0.062027017744495087 -0.25867847747993217 -0.58278741777895027 -1.7693810660171054 -2.4577177943410775 149.12137749301255 46.480525649919663 0.047846073491349471 -5.6702578533347507
leaf_weight=18246.33555239753 209.29061237513744 0.63583333211734216 0.93169881009423705 0.19426643298736254 0.18603710676030472 0.2903449164258623 0.13032085572756522 0.0746660977602005 11.6406903142394 0.062201668089186923 0.4510957085868248 63.784285959038712 0.67487690842843717 32.797819768886875 0.15684658873684573 0.057816367475476055 654.96095958701949 0.25940445257283684 4.7023712392926171 1.3747065267717848 1.2363228804982958 1056.1265782826665 86.331619511753331 1.0363846228106386 1.6470695305215484 0.52197578001224831 0.61772276974837037 0.30648990077681992 6206.5501656459783 155.0762596498173
leaf_count=802683 544615 13585 19559 121338 3408 54056 487515 3725 22299 307 9866 16972 98 3432 160 987 390949 543586 81226 6126 3248 209308 12831 828 479 889 390 145 163587 52864
internal_value=-0.0225517 -0.630347 -80.376 -104.462 -135.215 -148.305 -170.444 -192.981 -0.326487 3.29968 36.606 -0.00144325 -1.15144 -2.98759 -20.2551 -30.9459 -0.380767 -1.01177 -21.9665 -9.80359 -11.5922 0.00295286 0.0397874 2.9493 56.9908 85.2907 101.593 25.4109 -0.0880951 -0.784166
internal_weight=26738.4 886.422 2.44317 1.51147 0.875635 0.689598 0.399253 0.204987 883.978 12.154 0.513297 25852 97.4716 33.6874 0.88954 0.214663 871.824 216.863 7.57281 7.3134 5.93869 25754.5 18336.8 90.4613 4.12964 2.48257 1.9606 1.34287 7417.75 1211.2
internal_count=3571061 2305408 703186 683627 670042 666634 612578 491240 1602222 32472 10173 1265653 21649 4677 1245 1147 1569750 1178801 634186 90600 84474 1244004 818245 15562 2731 2252 1363 973 425759 262172
cat_boundaries=0 1
cat_threshold=2
is_linear=0
shrinkage=0.05


Tree=56
num_leaves=31
num_cat=1
split_feature=1 3 4 2 0 13 2 3 0 3 2 2 2 4 2 3 12 2 7 3 9 2 9 2 3 13 13 13 6 3
split_gain=80275.7 5.48872e+06 3.09327e+06 752707 232131 280271 195397 126894 1.07483e+06 145007 1.08112e+06 85840 80582.1 4.09052e+06 383094 302368 87796.8 66216.1 85685.6 71974 30978.5 773289 401155 24602.7 210889 1.19561e+07 1.19914e+07 559583 196306 3.16108e+06
threshold=0 148202.00000000003 319179.84000000003 4133.3600000000006 321.50000000000006 61577.530000000006 232599.43000000002 118610.99500000001 17.500000000000004 121858.00000000001 204502.29500000001 123547.48500000002 123547.48500000002 1.0000000180025095e-35 121498.39000000001 2836.5000000000005 4.5000000000000009 113714.07000000002 7589735.205000001 104316.00000000001 138.50000000000003 32183.350000000002 141.50000000000003 441427.84500000003 448517.83500000002 3354.1400000000008 1319.7350000000004 1.4042598195374014e-09 4.5000000000000009 423012.74500000005
decision_type=9 2 2 2 2 2 2 2 2 2 2 2 2 2 2 2 2 2 2 2 2 2 2 2 2 2 2 2 2 2
left_child=20 7 3 -3 5 6 -4 12 -9 10 -10 -11 13 14 16 -15 -2 18 19 -17 23 22 -22 24 -1 26 27 -26 -25 -30
right_child=1 2 4 -5 -6 -7 -8 8 9 11 -12 -13 -14 15 -16 17 -18 -19 -20 -21 21 -23 -24 28 25 -27 -28 -29 29 -31
leaf_value=-0.025747111648168477 -105.99908156845802 -1.3774825318778261 -4.1394914052024587 -141.65386677407562 -2.34931523948763 -9.4926857698402767 -59.808677519709924 49.344430984295116 51.875533196465611 -0.087796960276721514 -0.11567448773650094 -14.323666394593671 -0.12583643495354338 -0.21579355710158135 -0.091068061317995927 -20.909024278191396 0 -0.48927998769476072 -1.2378418293132676 -2.3990918444910223 49.078578173807429 -0.68794152960020905 -1.4308771117309957 0.026526882933076951 -247.95092243201563 -0.2977609972376446 -0.074315122470044959 -0.19049382302959617 -0.047289994155716449 29.557161518670405
leaf_weight=18290.939009656326 0.034850401640427291 0.12702150801052181 0.37544088829102013 0.058159649809242486 1.2232128665479525 1.6950854961384274 0.0540881416364139 0.19203716365204471 0.15079812807656257 29.009847813148294 7.5899754331196361 0.099593077784318917 753.36228306404826 151.96310375258247 0.098874465350198726 2.1228006032796216 0.019930476322719277 1.2833412301236826 1.2872111431607676 0.97675300947243071 0.24466058611691599 22.39766462642914 0.49406828736020836 3864.1568479568705 0.0052195447670429869 159.66817215277626 1.017647166510244 0.024934434379247267 138.31052687207037 8.6455623190101658
leaf_count=1184183 1037389 46209 148704 262361 4811 165658 69600 3868 4539 27924 768 7335 389545 49290 589 73998 308 5779 3017 3296 51 3250 421 25323 13115 8374 37 22 30628 876
internal_value=-0.03448 -0.481585 -55.3746 -127.786 -22.8985 -30.1896 -48.0873 -0.223995 2.60579 1.06485 6.71561 -0.610771 -0.341775 -1.36547 -95.1751 -0.6746 -103.997 -11.0944 -13.5291 -17.0853 -0.0153144 1.775 33.9003 -0.0172443 -0.0416426 -1.83931 -121.887 -242.144 0.0949719 1.88233
internal_weight=23437.6 951.724 3.53301 0.185181 3.34783 2.12461 0.429529 948.191 37.0423 36.8502 7.74077 29.1094 911.149 157.787 0.153655 157.633 0.0547809 5.67011 4.38676 3.09955 22485.9 23.1364 0.738729 22462.8 18451.7 160.716 1.0478 0.030154 4011.11 146.956
internal_count=3571268 2304988 697343 308570 388773 383962 218304 1607645 44434 40566 5307 35259 1563211 1173666 1038286 135380 1037697 86090 80311 77294 1266280 3722 472 1262558 1205731 21548 13174 13137 56827 31504
cat_boundaries=0 1
cat_threshold=2
is_linear=0
shrinkage=0.05


Tree=57
num_leaves=31
num_cat=2
split_feature=2 1 14 9 9 11 1 3 4 2 2 4 2 4 3 3 3 6 2 3 2 6 13 0 8 13 13 2 9 9
split_gain=110188 2.7271e+06 1.24573e+07 649441 835093 541552 97640.4 3.90766e+06 5.81459e+06 311532 82151.5 3.5524e+06 629499 710167 283358 122612 65226.2 64955.4 100409 59649.6 456164 360025 1.69138e+06 2.06654e+06 1.13852e+06 413139 856944 313521 882958 209570
threshold=1341.9300000000003 0 1.0000000180025095e-35 6.5000000000000009 4.5000000000000009 1.5000000000000002 1 148202.00000000003 502769.57000000001 2048.9650000000006 121498.39000000001 1.0000000180025095e-35 123547.48500000002 1685.8400000000004 1347.3750000000002 118610.99500000001 134403.82000000004 27.500000000000004 100400.47000000002 49116.785000000011 31213.930000000004 26.500000000000004 1.4779288903810087e-11 226.50000000000003 251976.52200000003 561104.35000000021 667709.60000000009 13666.770000000002 11.500000000000002 138.50000000000003
decision_type=2 9 2 2 2 2 9 2 2 2 2 2 2 2 2 2 2 2 2 2 2 2 2 2 2 2 2 2 2 2
left_child=1 2 -1 4 -3 -6 19 10 9 -9 11 -8 13 15 -13 -12 17 18 -16 29 27 -22 23 24 -23 -24 -27 28 -21 -2
right_child=6 3 -4 -5 5 -7 7 8 -10 -11 12 14 -14 -15 16 -17 -18 -19 -20 20 21 22 25 -25 -26 26 -28 -29 -30 -31
leaf_value=206.68364434457783 -0.087282237592882173 0.10540201518281184 -1.0652394879365548 -27.301298085145703 -3.0298068451261475 56.510458977982097 -85.342711272537557 -0.47776742213931434 -14.7932748758816 -154.39146193426151 -0.091357869049515261 -0.12307166049521695 -0.14765844869752628 -1.2650906905002361 -23.135275366999537 59.512318294359766 -0.61110439443222853 -0.99843296564496065 -1.3891703950476522 -2.6542162081975027 0.074321431013181269 -2.5516901032791997 -5.4434835366287571 -4.788289435782068 112.1959375743445 47.869809151232928 -2.7689460860698802 -3.6571817522243624 -61.765238557284277 9.2765295243994963
leaf_weight=0.47233574114815091 12237.383543599726 454.91154518545358 1.3950609130245373 1.1522456992057062 0.44263176861761522 0.079502239070279757 0.24930033089832093 0.040492145181651631 4.8594571308653061 0.0068259177300212101 0.090667863209043631 123.03009703611112 741.99506405217267 1.0688047705799593 1.4745947214631467 0.027667943238430914 1.1056973494508255 0.82422973307400216 0.8481667566672263 1.8244398325854294 11650.933498089067 0.21792879042298025 7.9773849366189973 0.87291442182690548 0.041201382849942625 0.25913034787492772 2.1888644019681514 5.1307935928995585 0.052335271710903908 4.9783531219163697
leaf_count=135 1002164 103620 278 6411 789 37 985318 8212 322745 349515 606 43782 398832 1981 71512 22 1739 2730 12961 6331 225252 212 4051 773 412 135 879 14399 3578 2580
internal_value=-0.0105133 0.756722 23.4509 0.0982112 0.229357 37.2026 -0.0247338 -0.539971 -41.0771 -148.902 -0.270859 -1.43804 -0.0688977 26.7162 -0.609673 54.5939 -11.9826 -14.866 -18.004 -0.00561633 0.0752638 0.0834482 8.54507 49.1231 90.305 0.224613 14.9187 -11.8545 -25.2016 -0.0827167
internal_weight=25245.9 458.453 1.8674 456.586 455.434 0.522134 24787.5 875.621 4.90678 0.0473181 870.714 127.532 743.182 1.18714 127.283 0.118336 4.25269 3.14699 2.32276 23911.9 11669.5 11662.5 11.5574 1.13204 0.25913 10.4254 2.44799 7.00757 1.87678 12242.4
internal_count=3571991 111270 413 110857 104446 826 3460721 2199955 680472 357727 1519483 1118042 401441 2609 132724 628 88942 87203 84473 1260766 256022 231714 6462 1397 624 5065 1014 24308 9909 1004744
cat_boundaries=0 1 2
cat_threshold=16 2
is_linear=0
shrinkage=0.05


Tree=58
num_leaves=31
num_cat=1
split_feature=1 3 7 6 2 7 2 3 0 3 3 7 6 9 3 3 2 9 7 7 13 8 2 2 6 7 8 3 12 7
split_gain=187445 7.78768e+06 3.50922e+06 207893 88890.6 2.87484e+06 947719 469386 327652 244448 56164.2 54457.5 93096.1 43179.3 69454.1 40014.7 770538 999069 188953 552419 2.3895e+06 1.60403e+06 811945 212212 166936 184814 2.58609e+06 7.92023e+06 8.46998e+06 2.75556e+06
threshold=0 148202.00000000003 738162.10500000021 2.5000000000000004 123547.48500000002 1.0000000180025095e-35 121498.39000000001 1.0000000180025095e-35 1.5000000000000002 685.31000000000006 111647.50000000001 91039.835000000021 24.500000000000004 88.500000000000014 11507.100000000002 49116.785000000011 31213.930000000004 10.500000000000002 8128285.25 7095379.4450000012 2.501110429875553e-11 338385.03016666678 196805.11000000002 177200.28000000003 19.500000000000004 3765194.8700000006 254530.67464285719 161526.34500000003 2.5000000000000004 4316868.4200000009
decision_type=9 2 2 2 2 2 2 2 2 2 2 2 2 2 2 2 2 2 2 2 2 2 2 2 2 2 2 2 2 2
left_child=15 4 -3 -4 5 6 7 -2 -9 -7 11 -11 13 14 -13 -1 17 -17 19 24 21 22 -21 -20 25 -18 27 -27 29 -29
right_child=1 2 3 -5 -6 9 -8 8 -10 10 -12 12 -14 -15 -16 16 18 -19 23 20 -22 -23 -24 -25 -26 26 -28 28 -30 -31
leaf_value=-0.064855819519400712 -1.7474101284764831 -160.27902236131513 -1.9335499346943914 -34.663672829745494 -0.21434920227207319 -0.19572740130247354 -0.3305596097591928 -0.23072235003203501 -108.37902080619115 -1.6280594038675691 -1.5243506131264475 -5.8652381495531856 -1.303311154846952 -1.278699944509325 -27.744945212149283 -4.5344756447472365 0.0633709616247322 -55.918781461777328 -3.1323719086822104 109.85185389300796 -3.0926245601305529 -1.2593732641669038 -2.2334054619665049 -23.662594555089246 -4.5220835651649658 -1.4816476441009723 -0.21497520581285473 228.50754605329905 -1.9710329470597885 -1.4461161500001056
leaf_weight=12311.349665755937 0.17547166899034805 0.02631230311358379 0.77607296381509283 1.2654657336882065 542.25051706128374 115.97353439864533 0.41464021341067114 0.07996756212678717 0.0066033367640092175 1.463488813622577 2.3379477611962933 1.3361781838188118 1.2914083765128155 0.48803246487065255 0.78901058106092836 3.6814479727068217 10493.00362699003 0.37948391997312336 7.6733261440978575 0.10579442797496499 5.0371247038969491 0.61871046070022828 0.14339560898645773 0.62036750076260894 18.720868017229805 5.23829139929531 80.408542118805073 0.04938565094776648 0.87181755836628672 0.13442793441936374
leaf_count=1008913 432748 367190 8802 320718 398857 39570 594 925 637199 7957 5384 22566 4108 3696 55059 16020 205159 9195 3042 181 1783 212 135 2995 8274 1030 8400 320 281 84
internal_value=-0.0277888 -0.846084 -80.3396 -26.9497 -0.492187 -1.69227 -66.7273 -88.2759 -100.637 -0.804071 -8.88476 -11.3469 -13.9139 -18.059 -20.2686 -0.00351734 0.0676078 -19.4375 0.0769026 0.0831408 14.2209 62.5683 95.1936 -7.04942 0.0739223 0.0824821 2.36822 30.8757 114.054 201.169
internal_weight=23596.7 668.675 2.06785 2.04154 666.607 124.356 0.676683 0.262043 0.0865709 123.68 7.70607 5.36812 3.90463 2.61322 2.12519 22928 10616.7 4.06093 10612.6 10604.3 5.90503 0.8679 0.24919 8.29369 10598.4 10579.7 86.7025 6.29392 1.05563 0.183814
internal_count=3571397 2305373 696710 329520 1608663 1209806 1071466 1070872 638124 138340 98770 93386 85429 81321 77625 1266024 257111 25215 231896 225859 2311 528 316 6037 223548 215274 10115 1715 685 404
cat_boundaries=0 1
cat_threshold=2
is_linear=0
shrinkage=0.05


Tree=59
num_leaves=31
num_cat=1
split_feature=1 3 7 2 0 2 9 9 2 6 4 3 3 0 9 9 7 3 2 2 14 2 3 12 6 3 3 13 13 2
split_gain=74606 8.91195e+06 1.77054e+06 156224 1.23486e+06 115352 101820 101416 88361.5 4.14012e+06 217051 132276 125532 63174.4 45635.3 218879 39822.2 36146.8 277920 308553 166947 244150 372113 143670 716710 103265 91080.5 1.59053e+07 2.04498e+08 3.26127e+07
threshold=0 144361.00000000003 531684.25000000012 1169.3550000000002 13.500000000000002 834.44000000000017 142.50000000000003 3.5000000000000004 121498.39000000001 1.0000000180025095e-35 104043.79000000002 1060.5000000000002 39728.500000000007 281.50000000000006 139.50000000000003 138.50000000000003 83446.195000000022 52108.500000000007 32183.350000000002 6325.3700000000008 1372145.7050000003 191770.58500000002 118610.99500000001 7.5000000000000009 12.500000000000002 892689.65000000014 203917.35500000001 8662.8550000000214 2.0725110516650605e-10 163638.23000000001
decision_type=9 2 2 2 2 2 2 2 2 2 2 2 2 2 2 2 2 2 2 2 2 2 2 2 2 2 2 2 2 2
left_child=14 3 -3 4 5 -2 -4 13 9 10 -5 -11 16 -6 15 17 -13 -1 19 -19 23 -22 -23 26 -25 -24 -20 28 29 -28
right_child=1 2 6 8 7 -7 -8 -9 -10 11 -12 12 -14 -15 -16 -17 -18 18 20 -21 21 22 25 24 -26 -27 27 -29 -30 -31
leaf_value=-0.062662645514995216 -0.90051193513427263 -155.24567695321548 -35.757383830580942 -105.02749825663409 -0.24033494987159726 60.026179713741072 -0.063944229990353429 -11.669932917977253 -0.13549954881032042 -0.1165514177710298 -1.340796264753304 -1.1224805545746555 -3.2986843407974114 4.4813498078777654 -1.0602692849513209 9.7600213085408107 -23.894330163132111 -33.187374821016633 0.22287011103679388 -4.5209541170871095 -1.3821674285578154 -0.76043677988241365 -29.417793648024386 -1.3041290063331195 35.802092259118773 -1.8013831472214332 -13.232590345903047 0.07408895500095769 6.9886901417422784 -793.49884236643982
leaf_weight=12728.019358748037 0.052423196151688667 0.0035375404620755493 1.2989323734659857 0.010168887428667728 15.11850839719855 0.015502427704632282 0.22305608810740007 0.44646599855226909 725.04602723663515 97.719175086924324 0.080818304888091275 0.35219732008837346 8.1992418616170237 12.169949301017411 101.64098633327012 4.7386607313528648 0.20763163026861287 0.084723618564743641 5494.903674096282 11.665193707895744 63.375884311159503 3.7095124116051394 1.378708110802737 5.5298566636778679 0.67626997903388275 0.5554348484653201 0.19443353346911971 4870.696062131552 11.902210304313506 0.0032715782009311847
leaf_count=1031132 2540 333898 368738 986735 62808 1030 179 2875 399995 40584 6184 4573 33494 8112 3466 168 53035 4539 129286 18958 9153 3380 4903 883 131 338 18910 18094 1405 21112
internal_value=-0.0253093 -0.47939 -94.2722 -0.209095 3.41161 56.1874 -32.6278 1.33131 -0.334102 -1.67143 -98.5801 -0.672132 -6.2228 1.94922 -0.00830085 -0.00364944 -19.4754 -0.00606526 0.0627722 -7.31478 0.0717645 -2.36152 -11.4951 0.0881644 7.14575 -24.8056 0.0832552 -0.0738743 -55.0943 -677.884
internal_weight=24160 860.944 1.52553 859.418 27.8028 0.0679256 1.52199 27.7349 831.615 106.569 0.0909872 106.478 8.75907 27.2885 23299.1 23197.4 0.559829 23192.7 10464.7 11.7499 10452.9 69.0195 5.64366 10383.9 6.20613 1.93414 10377.7 4882.8 12.0999 0.197705
internal_count=3570638 2304780 702815 1601965 77365 3570 368917 73795 1524600 1124605 992919 131686 91102 70920 1265858 1262392 57608 1262224 231092 23497 207595 17774 8621 189821 1014 5241 188807 59521 41427 40022
cat_boundaries=0 1
cat_threshold=2
is_linear=0
shrinkage=0.05


Tree=60
num_leaves=31
num_cat=1
split_feature=1 3 8 2 8 9 9 7 2 2 3 3 13 3 3 3 2 3 3 2 2 2 6 13 3 7 2 3 6 14
split_gain=86073.8 7.22714e+06 5.17307e+06 211654 131540 181199 51875.4 147761 39484 439040 2.40289e+07 8.58882e+06 357779 6.01012e+07 2.26407e+08 57039.8 248805 2.54618e+06 2.17706e+06 125772 283945 115338 79855.7 479762 285380 102444 709119 3.16722e+06 1.1845e+07 8.63527e+06
threshold=0 129818.50000000001 194766.04655844157 583963.12000000011 195653.96300000002 156.50000000000003 6.5000000000000009 4035107.3750000005 204502.29500000001 199425.23500000002 196097.88500000004 231374.46000000005 2.0725110516650605e-10 53994.500000000007 121858.00000000001 50374.500000000007 194290.97000000003 188459.50000000003 231374.46000000005 32183.350000000002 6325.3700000000008 11353.110000000002 19.500000000000004 3354.1400000000008 53994.500000000007 1269443.0950000002 133614.88000000003 129818.50000000001 8.5000000000000018 1311916.7650000011
decision_type=9 2 2 2 2 2 2 2 2 2 2 2 2 2 2 2 2 2 2 2 2 2 2 2 2 2 2 2 2 2
left_child=8 6 -3 -4 -5 -6 -2 -8 9 15 -11 -12 13 -10 -15 -1 19 -18 -19 20 -17 -22 25 24 -24 -21 -27 -28 -29 -30
right_child=1 2 3 4 5 -7 7 -9 12 10 11 -13 -14 14 -16 16 17 18 -20 22 21 -23 23 -25 -26 26 27 28 29 -31
leaf_value=-0.041356216989342186 -0.19367719881959097 -169.88907606925602 -5.7332758303516087 -0.17315194241813342 -49.680322494779482 -0.14458291085733585 -17.867668715591776 -0.83319326590838116 -0.09332619225568807 -0.54640163953942944 270.94245039710313 -1.1010224070625634 0.06435453317477291 -0.47252742326838981 -843.22181180934683 -24.456276127831785 -0.93660160088254385 103.89480064856889 -0.99220553845849746 0.114934110126825 -0.88597233600866732 -12.347574773168271 -1.6987821823807896 -0.66109232518677263 -40.372510387289559 0.021424681898875846 -0.52121472578319206 4.098315373786396 219.33614099820448 -6.5605896408537365
leaf_weight=10895.355430791875 1112.6048820492606 0.024760389958427775 1.7110868727205597 0.23374924063682562 0.13830212739941278 0.22757861018180847 0.59083442418033438 6.9378080557361352 937.52606537908434 63.014316805069704 0.12574843763634574 0.37996459081244155 4987.0848557452464 3.8020409664243888 0.0086852903769417678 0.49937774614278296 14.477738146554964 0.15271233163400488 0.83380373279331799 6465.646310080273 24.719807719734693 1.433158539535017 0.91258594688914996 29.216033748526552 0.27063079232578335 217.21667522019857 29.770995650539383 7.2868402184176331 0.26811310523026488 0.55043139458591472
leaf_count=660298 1333228 450566 263564 44 7855 7 208760 41207 206306 14783 223 781 176567 24910 27450 4902 2121 267 775 86478 3860 16301 325 3810 4191 20588 5418 1866 2680 954
internal_value=-0.0131294 -0.438772 -73.9328 -21.8988 -35.6034 -41.5364 -0.223638 -4.10889 0.0072459 0.0445597 4.16159 201.558 -0.104463 -0.997959 -177.275 0.0295407 0.143239 6.28239 59.3684 0.128306 -3.23697 -1.94585 0.14207 -2.37373 -24.9873 0.153801 1.13463 7.35382 33.1599 147.352
internal_weight=24803 1122.47 2.33548 2.31072 0.59963 0.365881 1120.13 7.52864 23680.6 17752.1 63.52 0.505713 5928.42 941.337 3.81073 17688.6 6793.26 15.4643 0.986516 6777.79 26.6523 26.153 6751.14 30.3993 1.18322 6720.74 255.093 37.8764 8.10538 0.818544
internal_count=3571085 2305231 722036 271470 7906 7862 1583195 249967 1265854 830621 15787 1004 435233 258666 52360 814834 154536 3163 1042 151373 25063 20161 126310 8326 4516 117984 31506 10918 5500 3634
cat_boundaries=0 1
cat_threshold=2
is_linear=0
shrinkage=0.05


Tree=61
num_leaves=31
num_cat=1
split_feature=1 3 8 0 9 3 7 3 13 13 2 8 0 8 2 7 2 3 14 3 3 4 2 2 8 8 3 4 4 2
split_gain=63395.7 1.04312e+07 4.67589e+06 2.07432e+06 69116.4 190557 38179.5 538833 3.8308e+07 1.89739e+07 1.68865e+06 4.30512e+06 841465 501073 279622 99950.5 85052.3 71210.8 68684.7 1.42517e+06 2.12849e+06 1.49949e+06 48548.8 49172 708973 45623.1 60682.1 187297 178812 794954
threshold=0 125479.34000000001 401187.21250000002 321.50000000000006 6.5000000000000009 31471.275000000005 486682.12000000005 196097.88500000004 3354.1400000000008 2.0725110516650605e-10 390128.31500000006 149182.47633333338 165.50000000000003 225984.28960317463 207152.10500000001 7095379.4450000012 290815.24000000005 692315.43000000005 469589.16000000009 30649.500000000004 53994.500000000007 439039.80500000005 510.46000000000004 1341.9300000000003 134622.89750000002 219873.18984848491 53994.500000000007 2179619.9500000007 82743.080000000016 54538.475000000013
decision_type=9 2 2 2 2 2 2 2 2 2 2 2 2 2 2 2 2 2 2 2 2 2 2 2 2 2 2 2 2 2
left_child=6 4 3 -3 -2 -6 18 22 9 -9 14 -12 13 -11 -10 -13 -16 -18 -1 -20 -21 -22 -8 24 -24 26 -25 28 -28 -30
right_child=1 2 -4 -5 5 -7 7 8 10 12 11 15 -14 -15 16 -17 17 -19 19 20 21 -23 23 25 -26 -27 27 -29 29 -31
leaf_value=-0.00059275708539872159 -0.1766557905758912 -190.02337204690582 -9.4386493371869484 -4.0189687266043519 -0.58534551458764461 -21.95537239627933 -5.9415560284471596 -377.88626925956896 -0.48663146184764133 54.299544631884714 113.2876383684453 -34.783331582713288 -19.27977130978179 -11.157762299504792 -5.6639303954211329 -2.3822648908454123 -22.839028637005995 -0.9689339934903014 -0.094119804725670997 -0.87992625613797293 -3.587206145982238 107.86945603459468 31.962635880423136 -0.13064601851946797 -1.112894067137558 0.028869163739374877 -0.51679629879396305 0.048205305764133774 -0.640204970814227 -11.389678656701937
leaf_weight=15298.425054335259 1123.0890615699709 0.18853194683470925 0.95727476260930977 0.2221172260845316 4.63355351949434 0.36880600074056324 2.5255380005164616 0.010474608613453729 120.72666099956845 0.036093279719353055 0.07623479159794877 0.049269097072935697 0.28775526614212232 0.012244329668646969 8.6633677714580113 0.51560232357039748 0.79285377302963056 0.58684294851937824 61.107668127448171 1.8822917211919583 0.33032159008889517 0.098787344517959119 0.83129449135733402 3090.4936972102846 13.554411399510602 4437.0993914172432 96.460874366757494 290.57034610075465 61.410050405858911 22.962184027923428
leaf_count=489734 1326517 676693 44197 8170 189863 58764 1053 20912 13294 181 206 1644 920 396 3572 156 2246 291 2299 232 291 243 188 315960 1513 373826 5019 2572 4995 23900
internal_value=-0.0578272 -0.421923 -105.259 -163.588 -0.205419 -5.55702 -0.0401211 -0.127623 -3.287 -268.618 -0.563827 49.8484 15.0644 42.887 -1.18744 -25.6332 -8.80437 -17.855 0.00626725 1.63549 33.5831 79.594 -0.0752881 -0.0726975 2.75129 -0.0781202 -0.21137 -0.739186 -1.99773 -3.66491
internal_weight=24639 1129.46 1.36792 0.410649 1128.09 5.00236 23509.5 8147.67 131.757 0.346567 131.411 0.641106 0.336093 0.0483376 130.77 0.564871 10.0431 1.3797 15361.8 63.4191 2.3114 0.429109 8015.91 8013.38 14.3857 7999 3561.9 471.403 180.833 84.3722
internal_count=3569847 2304204 729060 684863 1575144 248627 1265643 772844 43818 22409 21409 2006 1497 577 19403 1800 6109 2537 492799 3065 766 534 729026 727973 1701 726272 352446 36486 33914 28895
cat_boundaries=0 1
cat_threshold=2
is_linear=0
shrinkage=0.05


Tree=62
num_leaves=31
num_cat=1
split_feature=0 1 3 13 0 9 9 3 2 3 2 8 11 9 14 2 13 0 3 14 2 13 3 3 2 3 3 0 4 13
split_gain=86427.9 67578.8 1.28706e+07 1.49309e+06 1.67747e+06 666540 82339.6 91866 46908.9 30807 2.83638e+06 1.80222e+06 26815 548222 412774 89598.3 104602 40939.1 661964 482986 32024.4 462681 8.69019e+07 1.98983e+08 404639 6.51994e+06 1.22598e+07 78252.4 413912 52872.1
threshold=7.5000000000000009 0 129818.50000000001 1014973.3450000003 309.50000000000006 92.500000000000014 6.5000000000000009 31471.275000000005 407610.41000000009 1161.5000000000002 121498.39000000001 79176.437857142868 4.5000000000000009 3.5000000000000004 1401761.55 504559.37500000006 991290.78000000014 21.500000000000004 70207.810000000012 2775442.4700000002 204502.29500000001 2.0725110516650605e-10 53994.500000000007 121858.00000000001 199425.23500000002 53994.500000000007 134403.82000000004 9.5000000000000018 1.0000000180025095e-35 2.3317170416703453e-10
decision_type=2 9 2 2 2 2 2 2 2 2 2 2 2 2 2 2 2 2 2 2 2 2 2 2 2 2 2 2 2 2
left_child=8 12 6 4 5 -4 9 -8 -1 -3 11 -11 20 15 -15 17 -17 -14 -19 -20 24 22 -22 -24 -2 -26 -27 28 -23 -29
right_child=1 2 3 -5 -6 -7 7 -9 -10 10 -12 -13 13 14 -16 16 -18 18 19 -21 21 27 23 -25 25 26 -28 29 -30 -31
leaf_value=-14.459641478106214 0.0059135116989266316 0.030578414370510915 -200.27485974002511 -8.1148803654944413 -7.3671814361610632 -3.3225898588585512 -0.78962740307177004 -14.74181241219855 -1.7360473834005283 -105.66319712843902 -0.16124008352055991 -12.430020411484003 0.053695840120811827 40.097473518527266 -0.1671169529056534 8.3065005606354045 -0.23452593407112379 -0.15676523892780833 -1.337050642265011 49.030212211317611 -0.17401070469062821 20.446268605480981 -0.55818670797481118 -843.97733347285123 -0.50724062798416214 -1.6793872963844174 204.94452974749453 2.9359950845990777 -0.24374533584851044 0.05060539655031572
leaf_weight=0.5581931084680879 16699.87658442304 693.44217604722473 0.040785826073057474 0.30156957605764534 0.23864573146657908 0.080659899656893908 3.0744740139950086 1.0480802978855392 1.9667903761755101 0.0092962353160245259 380.53427086296017 1.750131655605617 659.53942877367058 0.51334732654755022 1.0838853120964076 6.3183694344664376 6.9198354037326277 24.393579812018984 0.69016535541293833 0.23584989821579783 806.0582875019395 1.9593025312406513 2.3031776250542739 0.0050563135108067083 39.703551889169738 1.8911324454580947 0.14154444176207426 14.932687461587191 13.070935790055911 4550.2382305680276
leaf_count=10495 781052 614431 657832 38564 15850 7404 189913 59529 706 546568 128550 36034 51201 85 232 246 1747 2910 280 123 206383 182 24845 27432 12405 1341 1334 3670 1613 148127
internal_value=-0.0256766 -0.0245213 -0.40886 -139.461 -162.613 -189.076 -0.198489 -6.52306 -7.85434 -0.168211 -0.527946 -51.0376 -0.00613169 0.298393 23.2279 0.212773 4.1387 0.130955 2.06475 30.2849 -0.015776 -0.121782 -1.22384 -256.963 0.0183488 4.87739 75.5415 0.0729454 3.56027 0.0606855
internal_weight=23912.9 23910.4 1080.52 0.661661 0.360091 0.121446 1079.86 4.12255 2.52498 1075.74 382.294 1.75943 22829.9 699.694 1.59723 698.097 13.2382 684.859 25.3196 0.926015 22130.2 5388.57 808.367 2.30823 16741.6 41.7362 2.03268 4580.2 15.0302 4565.17
internal_count=3571084 3559883 2294675 719650 681086 665236 1575025 249442 11201 1325583 711152 582602 1265208 56824 317 56507 1993 54514 3313 403 1208384 412252 258660 52277 796132 15080 2675 153592 1795 151797
cat_boundaries=0 1
cat_threshold=2
is_linear=0
shrinkage=0.05


Tree=63
num_leaves=31
num_cat=0
split_feature=0 2 13 3 2 13 3 2 2 3 10 3 2 0 3 3 3 2 14 13 11 7 3 2 7 2 7 2 3 4
split_gain=68976.2 62194.4 558927 2.12283e+08 1.09064e+08 3.35722e+07 70625.1 600555 299640 4.88743e+06 6.38318e+06 1.15852e+06 291152 273487 878870 224041 181896 254758 1.50923e+06 188773 181028 212273 142334 3.58457e+06 2.04808e+06 150941 94907.7 5.56157e+06 1.45002e+07 1.71813e+07
threshold=1.5000000000000002 201885.82500000004 2.0725110516650605e-10 121858.00000000001 1104257.6900000002 1.7553247744217518e-10 49116.785000000011 6515.045000000001 194290.97000000003 188459.50000000003 1.0000000180025095e-35 241372.57500000004 6325.3700000000008 8.5000000000000018 91389.24500000001 50852.55000000001 31983.000000000004 57781.915000000008 1.182343112304807e-10 4.4019543565809732e-10 1.0000000180025095e-35 12663079.709999999 49735.500000000007 85699.700000000026 199611.77000000005 64499.700000000004 1.0000000180025095e-35 127513.48500000002 94470.000000000015 36206.010000000009
decision_type=2 2 2 2 2 2 2 2 2 2 2 2 2 2 2 2 2 2 2 2 2 2 2 2 2 2 2 2 2 2
left_child=-1 6 3 -3 5 -5 16 12 13 -10 11 -11 20 14 15 -9 -2 18 19 -18 21 -8 23 24 25 -15 27 28 29 -24
right_child=1 2 -4 4 -6 -7 7 8 9 10 -12 -13 -14 22 -16 -17 17 -19 -20 -21 -22 -23 26 -25 -26 -27 -28 -29 -30 -31
leaf_value=3.1945098514435428 -0.051076217081170876 -0.18399170738775245 0.01776268001332814 -912.47306299744037 -32.004171761890369 -3.5574823093806174 -53.661600452701919 -0.32574782539818714 -1.0126070611382898 178.29575250486587 -0.89611158729648199 -2.8688790495028162 -0.45118642834175238 121.52082473648173 -1.2533283717241739 58.07687710291713 -67.876659579937709 -0.66236063131763245 -3.6987848602660218 -0.0013556397743086489 -0.15685063781807065 -0.42074511125728398 32.798873708383688 -1.2718678496350986 -3.0931284314013752 -0.83461492874349763 0.042550578634351133 0.019613867370661522 -12.739165733092381 235.37206642208531
leaf_weight=15.532605400203463 11111.132502829585 912.23252092065206 5622.2702710202902 0.065287319377661635 0.82406164507466151 0.12100568413734436 0.10958987129225356 0.18223338465727362 25.117304557180091 0.0010474193352453384 1.2531715683373734 0.06255266916640688 0.87442597001791011 0.001227365759297828 2.9792782929274559 0.022036423551963613 0.093162201604811382 55.324640328012379 20.78745870274695 0.11323533207178114 0.28829744881813041 0.24461953341960907 4.5740826353382191 19.986294495808799 0.44225868503927368 0.011875232514533707 6501.9551037633619 671.88437745433248 7.5037837592834302 0.55290031060576428
leaf_count=2160 1602652 418291 383178 120812 4141 422 146592 128 5236 604 2006 8176 4209 2470 4444 814 66860 37559 9697 10 8661 104 75606 1789 841 171 449710 21374 189752 3145
internal_value=-0.0340324 -0.0361696 -0.168678 -1.31525 -514.547 -822.764 0.0108373 0.132529 0.141003 5.3566 74.8477 164.939 -24.287 0.121141 12.9015 48.9646 -0.0678987 -2.48467 -7.03828 -61.511 -36.6988 -44.3587 0.113705 4.18147 79.9488 119.258 0.101554 0.661116 32.2801 89.4956
internal_weight=24976.5 24961 6535.51 913.243 1.01035 0.186293 18425.5 7238.05 7236.53 26.4341 1.31677 0.0636001 1.51693 7210.1 3.18355 0.20427 11187.5 76.3185 20.9939 0.206398 0.642507 0.354209 7206.91 20.4417 0.455361 0.0131026 7186.47 684.515 12.6308 5.12698
internal_count=3571614 3569454 926844 543666 125375 121234 2642610 925832 766266 16022 10786 8780 159566 750244 5386 942 1716778 114126 76567 66870 155357 146696 744858 5271 3482 2641 739587 289877 268503 78751
is_linear=0
shrinkage=0.05


Tree=64
num_leaves=31
num_cat=0
split_feature=3 13 2 4 3 13 13 12 9 13 2 7 7 6 2 2 13 8 2 14 14 3 7 0 13 7 2 12 13 4
split_gain=53584.9 2.19936e+08 4.51349e+07 2.28235e+07 1.4901e+06 1.5121e+07 3.40487e+06 821018 471341 466501 4.25585e+06 364970 127708 153035 834556 92806.1 499499 94377.1 51839.5 96470.8 50240 36498.6 1.1798e+06 125263 69199.3 32580.2 494921 100061 28060.8 27886.4
threshold=203917.35500000001 2.0725110516650605e-10 742945.80000000016 7170104.330000001 200540.16500000001 11223.760000000075 3354.1400000000008 1.5000000000000002 115.50000000000001 5938.3350000000328 441427.84500000003 976065.14500000014 1170266.4600000002 7.5000000000000009 441427.84500000003 54538.475000000013 1432145.6750000003 155184.81108333336 323286.61500000005 4328479.870000001 1469467.9550000003 196097.88500000004 15070.120000000001 37.500000000000007 30547.78000000025 469205.93500000006 189306.45500000005 5.5000000000000009 1147933.3700000003 584054.02000000014
decision_type=2 2 2 2 2 2 2 2 2 2 2 2 2 2 2 2 2 2 2 2 2 2 2 2 2 2 2 2 2 2
left_child=4 2 3 -2 21 6 7 -6 -4 10 11 -3 13 25 -15 -14 17 -17 -19 -20 -18 -1 23 -23 -24 29 -27 28 -28 -11
right_child=1 9 8 -5 5 -7 -8 -9 -10 12 -12 -13 15 14 -16 16 20 18 19 -21 -22 22 24 -25 -26 26 27 -29 -30 -31
leaf_value=-0.025801070680853428 -835.50045325854899 -0.75372170069845412 -71.826077681927885 -16.932848780755499 227.46107700101459 -0.67290476835940716 -0.17140570486814735 -3.7194253842368372 -0.78219305418438723 0.047431170018924482 99.509267246672934 -34.478195518957264 -0.23992590301242461 -0.23894233873985349 40.719507200907628 -2.9126923958304034 0.015849493329077258 -10.539130552847388 -39.410300167978079 -0.98011464922231439 -5.2449493812239112 -0.22801619109987059 -13.127344387717361 56.924394145364886 -0.74941496003989805 -0.32536665712602858 -35.499660026365035 -2.2400948522979576 -0.17876111986474832 1.4142544473452705
leaf_weight=20900.151449917503 0.023630571381392129 3.741019759946743 0.20211264938641738 0.13900844140885615 0.0063029804524096233 11.401174624647913 0.20547007548157126 0.0069695371729494582 0.31755612072186667 3477.6502438790385 0.15999153736281213 0.038134794289003682 25.74000515606059 7.3960947513749904 0.49225142599848659 1.0501717357952167 17.793147226731751 2.0877431177534786 0.28227342171312075 0.247369021312009 5.0884191445554405 0.096883784981142695 0.29185678438386986 0.017255337353810685 10.217586199459392 66.361988556640995 0.28300985666751199 0.49572501586837947 0.069742515683174133 36.724146668358117
leaf_count=2848458 436980 1263 4699 10266 7035 1701 33 552 51 39100 1134 14971 21808 3820 125 7488 392 65533 14879 451 23941 936 2420 4383 1612 32482 17552 1382 92 6239
internal_value=-0.0447104 -0.221561 -571.785 -752.199 -0.0138793 17.162 184.561 222.195 -57.4985 0.0421741 15.3981 -8.23816 0.0213403 0.0573977 6.61007 -2.40841 -4.42561 -19.3433 -23.3067 -33.8395 -1.32448 -0.0242443 2.77679 51.7454 -2.2043 0.0411232 -1.0412 -26.5614 -33.8145 0.0621137
internal_weight=24568.8 3646.38 0.682308 0.162639 20922.4 11.6199 0.218743 0.0132725 0.519669 3645.7 3.93915 3.77915 3641.76 3589.47 7.88835 52.2891 26.5491 3.66756 2.61739 0.529642 22.8816 20910.8 10.6236 0.114139 10.5094 3581.58 67.2105 0.848477 0.352752 3514.37
internal_count=3571778 704648 451996 447246 2867130 9321 7620 7587 4750 252652 17368 16234 235284 100792 3945 134492 112684 88351 80863 15330 24333 2857809 9351 5319 4032 96847 51508 19026 17644 45339
is_linear=0
shrinkage=0.05


Tree=65
num_leaves=31
num_cat=0
split_feature=2 2 3 4 13 3 2 3 13 9 2 3 3 9 0 4 2 3 2 12 13 7 4 0 0 7 2 4 3 13
split_gain=52810.1 549105 1.00854e+07 2.36821e+06 379200 1.87752e+08 1.28431e+08 367601 346513 281019 42480.1 796466 487520 34555.2 497830 364559 277206 120036 112081 808495 83841.4 933837 1.19762e+06 80753.5 87533.6 70762.2 935397 430303 60486.9 1.84524e+06
threshold=204502.29500000001 201885.82500000004 200540.16500000001 788504.2150000002 2.0725110516650605e-10 121858.00000000001 946715.66500000015 241372.57500000004 8.7766238721087588e-11 184.50000000000003 199425.23500000002 115033.45000000001 200540.16500000001 3.5000000000000004 11.500000000000002 91250.360000000015 834.44000000000017 182.50000000000003 1341.9300000000003 3.5000000000000004 469491.61500000005 504272.97500000003 480352.03500000009 22.500000000000004 21.500000000000004 7167.3950000000013 35414.430000000008 203820.62500000003 167538.55500000002 1319.7350000000004
decision_type=2 2 2 2 2 2 2 2 2 2 2 2 2 2 2 2 2 2 2 2 2 2 2 2 2 2 2 2 2 2
left_child=1 10 -3 7 5 -2 -7 -4 9 -8 13 -12 -13 -1 15 -15 17 -16 19 -18 25 22 -22 24 -23 26 27 -20 -27 -30
right_child=4 2 3 -5 -6 6 8 -9 -10 -11 11 12 -14 14 16 -17 18 -19 20 -21 21 23 -24 -25 -26 28 -28 -29 29 -31
leaf_value=-0.089775463019793333 -0.095160369785008331 -1.1717993623114968 182.59220122630677 -0.64199612954501128 0.0032812785732442709 -852.73096625485198 -59.72334134890199 -1.8822230168452698 -1.9736565272421136 -0.053362953693987705 -0.20728731450836888 -7.9724795511242323 55.809925417773698 35.769023867016706 -4.6437568119385046 -0.28752657725522152 -2.775895862216291 -28.035312536760678 -2.066498317054656 37.508679664692366 45.592039957869233 -0.54770838235122898 -0.17481488955374233 -0.27754254708764969 6.9530767417665933 0.033367664095068458 -0.68580758057637259 58.757102689580293 -45.723081690785648 -0.18804004438181313
leaf_weight=8955.7671479021355 1044.0669511308893 17.21169707115407 0.0015897398116071493 0.21414668758334299 4991.2133930021255 0.085568742658549524 0.058992519272017097 0.0069415190413373296 0.70365437795487074 0.24490760266780853 18.370689935391344 0.11490610028942549 0.041130049950031999 0.68902510816832463 2.0395776811402446 1.1709754785145465 5.0411795028247441 0.17500813911637081 0.31304060030400438 0.60538067664507078 1.6642127227853358 6.7706134147761894 3.0672357305086133 86.289102457623756 7.7254536512627983 9453.1601344796127 12.165089126813571 0.037417329231954399 1.2739674027221202 103.45108968121298
leaf_count=1845778 413041 10379 137 1827 377552 118408 4770 1622 244 5 9427 479 3441 167 1389 156 2885 3569 888 182 150 1347 148 13366 123 537791 2855 94 194459 25902
internal_value=-0.0495796 -0.00802448 8.61718 147.38 -0.178133 -1.04367 -474.119 179.451 -33.2172 -48.5605 -0.0165448 2.31434 42.5695 -0.0189856 0.0464717 20.904 0.040307 -14.6401 0.0451772 6.53587 0.0407139 1.43576 21.0681 0.31612 3.64013 0.0251842 3.64051 43.1241 0.0200692 -1.16925
internal_weight=24713.7 18677.4 17.4344 0.222678 6036.37 1045.16 1.09312 0.00853126 1.00755 0.3039 18659.9 18.5267 0.156036 18641.4 9685.64 1.86 9683.78 2.21459 9681.56 5.64656 9675.92 105.517 4.73145 100.785 14.4961 9570.4 12.5155 0.350458 9557.89 104.725
internal_count=3572581 2658561 13965 3586 914020 536468 123427 1759 5019 4775 2644596 13347 3920 2631249 785471 323 785148 4958 780190 3067 777123 15134 298 14836 1470 761989 3837 982 758152 220361
is_linear=0
shrinkage=0.05


Tree=66
num_leaves=31
num_cat=1
split_feature=12 9 1 3 9 9 8 7 14 3 2 13 2 13 3 3 0 0 2 6 3 8 8 7 3 11 3 4 2 9
split_gain=57841.8 935223 45330.9 5.79392e+06 1.82067e+06 144253 98029.1 76818.1 42132.8 32863.9 2.4571e+06 2.57934e+06 29384.6 86559 7.31762e+06 2.34866e+08 1.57937e+06 1.85296e+06 50047.6 321563 626026 106077 766971 104832 69455.8 310522 3.44407e+06 157889 139555 106822
threshold=27.500000000000004 4.5000000000000009 0 125479.34000000001 8.5000000000000018 6.5000000000000009 420302.53416666674 8819061.0100000035 1469467.9550000003 1161.5000000000002 121498.39000000001 78540.00499999999 117501.19500000002 2.0725110516650605e-10 188459.50000000003 203917.35500000001 129.50000000000003 229.50000000000003 111694.895 29.500000000000004 9060.5000000000018 225027.25000000003 225984.28960317463 259049.63000000003 104316.00000000001 1.0000000180025095e-35 107996.56000000001 1.0000000180025095e-35 11075.645000000002 106.50000000000001
decision_type=2 2 9 2 2 2 2 2 2 2 2 2 2 2 2 2 2 2 2 2 2 2 2 2 2 2 2 2 2 2
left_child=2 -2 12 5 6 9 -5 8 -7 -4 11 -11 18 14 -14 16 -16 -18 24 21 -21 -20 -23 -24 -1 26 27 -26 -29 -28
right_child=1 -3 3 4 -6 7 -8 -9 -10 10 -12 -13 13 -15 15 -17 17 -19 19 20 -22 22 23 -25 25 -27 29 28 -30 -31
leaf_value=0.020113947097537253 -0.65716256664086581 41.522353063361038 0.025476729073947525 -134.76106334201236 -16.794744538810459 -23.420472596672099 -4.8474182692632803 -0.75803334075290985 -0.76311243973931719 -111.08430318515815 -0.16096830743390567 -9.3604785832996189 -0.099561059386424636 -0.0012358598524194551 -0.17791804753460608 -748.69781849191895 10.07168664500923 86.470619198367856 -0.40636566063026369 -0.11914314849790573 40.538241080050888 35.078740975404223 5.300283240991261 -0.2769668824934734 -0.60733874583265901 -0.2639543553671137 -85.431903881637737 -1.1903093993718714 -26.712416046807647 -2.311368053112949
leaf_weight=14256.208271257829 15.495800107496915 0.43309145218386014 695.39338791851651 0.033631370245052417 1.084298037232057 0.21716241410743053 0.093405913789349981 1.0475803984694627 0.33122878846650772 0.0059462823806620815 341.29498256345011 2.2150435675435887 2725.0947155597678 5988.1319699378582 19.086104205755085 0.079066545728529003 3.3214251351583415 0.2068310158676504 94.9731722998348 2.5670069666812236 0.49445224233437102 0.74276969105904456 10.41859203256899 31.795035977520964 27.861821680170728 533.17660537350707 0.32811434135056927 1.1972762699699238 0.14192444161459961 0.098679012669890653
leaf_count=433297 4345 128 616986 469787 235097 231577 23037 9595 7627 550908 127747 30548 421142 300982 509 28321 1485 1390 16226 409 186 57 196 7320 841 17978 31079 137 1480 625
internal_value=-0.0472975 2.87437 -0.0492951 -0.370379 -81.2218 -0.20191 -128.3 -11.9741 -19.0697 -0.172324 -0.571665 -44.0375 -0.0349933 -0.107865 -0.340151 -28.0071 6.11093 32.6581 0.00754093 0.941785 14.8106 0.529532 2.56101 1.19022 -0.00141027 -0.54571 -5.44181 -1.67736 -14.1604 -81.3067
internal_weight=24753.6 15.9289 24737.6 1041.72 1.21134 1040.51 0.127037 1.59597 0.548391 1038.91 343.516 2.22099 23695.9 8735.92 2747.79 22.6934 22.6144 3.52826 14960 140.991 3.06146 137.93 42.9564 42.2136 14819 562.804 29.6278 29.201 1.3392 0.426793
internal_count=3571042 4473 3566569 2302909 727921 1574988 492824 248799 239204 1326189 709203 581456 1263660 753829 452847 31705 3384 2875 509831 24394 595 23799 7573 7516 485437 52140 34162 2458 1617 31704
cat_boundaries=0 1
cat_threshold=2
is_linear=0
shrinkage=0.05


Tree=67
num_leaves=31
num_cat=1
split_feature=12 13 2 2 3 13 3 2 9 14 3 3 7 2 3 3 3 14 3 13 3 0 2 12 14 12 1 3 2 6
split_gain=79399.3 950937 53258.9 1.44868e+06 1.71184e+07 394827 1.96336e+08 4.523e+07 3.85331e+07 937255 265543 477283 116476 46695.9 694853 599397 145702 32634.2 217875 935538 262090 76959.3 138007 191997 44257.8 31878.9 25357.7 258040 3.8599e+06 2.97337e+06
threshold=27.500000000000004 51531.500000000007 204502.29500000001 201885.82500000004 200540.16500000001 2.0725110516650605e-10 144361.00000000003 1321881.0250000001 92.500000000000014 10446370.240000004 118610.99500000001 121858.00000000001 6691214.6300000008 199425.23500000002 88821.310000000012 200540.16500000001 215186.00000000003 540639.65500000014 115033.45000000001 1432145.6750000003 129818.50000000001 11.500000000000002 245739.89500000005 14.500000000000002 1469467.9550000003 3.5000000000000004 0 1161.5000000000002 121498.39000000001 8.5000000000000018
decision_type=2 2 2 2 2 2 2 2 2 2 2 2 2 2 2 2 2 2 2 2 2 2 2 2 2 2 9 2 2 2
left_child=2 -2 3 13 -5 6 10 8 9 -8 -4 -12 -13 26 -15 -16 -17 -7 -19 20 -20 -22 -23 -24 -21 -9 -1 -28 29 -29
right_child=1 -3 5 4 -6 17 7 25 -10 -11 11 12 -14 14 15 16 -18 18 19 24 21 22 23 -25 -26 -27 27 28 -30 -31
leaf_value=-0.0076489810020890225 44.094901580380281 -0.93672341078948917 -0.09210700975997832 -1.5694033085777936 192.36055753949191 0.056023034518732688 -824.41423773621773 -30.025734925037668 -24.119685918151987 -0.44320999154517704 -0.54606271506240944 -46.365442038670771 -0.79636322613297994 -0.20474574766201151 -6.7881584956635059 60.287321292008166 -2.7184032235830866 -0.15116185892468215 -3.7979289012678068 0.034195987541339248 -2.5332939159967438 -9.6603465435644509 -65.003290977311522 -2.1056343759739895 -6.8329116576488786 -1.3444080294411158 0.048113205207216014 -117.93990726035068 -0.38595434171782889 -8.4494656456133992
leaf_weight=18479.96163436375 0.31759085930141218 10.293680260185941 954.51209083813148 12.176766286680406 0.25347055136817687 4294.3676882987365 0.032850136794659313 0.22156849966648395 0.25082147855216141 0.0045549590268927345 2.4001354773888575 0.0038684799801557137 0.20466946610213199 16.591185332978792 0.28466130319251981 0.0036494219995777356 0.0099689011348819186 671.62861733197701 0.98170771994799633 17.485643470664453 0.26724406357481956 0.78835086970666268 0.037574461066988224 0.21616622244610409 1.707920987698812 0.21222016215324402 375.42891905031081 0.26579245070051927 47.591601640492676 1.5534794423322353
leaf_count=813648 131 4360 410536 10328 3651 177811 111270 2761 2774 55 1251 6141 170 8966 855 98 3298 143484 1053 214 1595 9558 27793 1015 12428 115 574699 957000 179660 101118
internal_value=-0.0415551 4.09214 -0.0434828 -0.00248663 16.4132 -0.17402 -1.10324 -534.513 -684.756 -821.228 -0.14339 -13.6812 -39.3113 -0.0141377 2.53918 37.7664 56.9808 0.00461935 -0.313481 -5.15509 -29.7897 -39.1922 -42.7467 -55.8421 -0.88473 -26.7217 -0.0165533 -0.393518 -3.76163 -60.6071
internal_weight=24890.1 10.6113 24879.4 18934.1 12.4302 5945.32 957.843 0.722015 0.288227 0.0374051 957.121 2.60867 0.208538 18921.7 16.8895 0.29828 0.0136183 4987.48 693.113 21.4846 2.29104 1.30934 1.04209 0.253741 19.1936 0.433789 18904.8 424.84 49.4109 1.81927
internal_count=3567836 4491 3563345 2653321 13979 910024 535073 116975 114099 111325 418098 7562 6311 2639342 13217 4251 3396 374951 197140 53656 41014 39961 38366 28808 12642 2876 2626125 1812477 1237778 1058118
cat_boundaries=0 1
cat_threshold=2
is_linear=0
shrinkage=0.05


Tree=68
num_leaves=31
num_cat=0
split_feature=12 3 2 2 3 13 3 13 2 3 13 6 13 3 9 3 9 2 2 3 2 3 4 3 2 3 4 13 4 13
split_gain=106007 1.07485e+06 41811.1 839702 8.91034e+06 388290 2.69801e+08 4.38454e+07 48929.7 1.05113e+06 44410.4 73857.3 1.10235e+06 59206.9 723546 32632.7 1.37061e+06 182718 659979 687320 102178 75549.2 363642 58753.5 57970.5 49599.7 1.16211e+06 3.06586e+06 1.03431e+06 481405
threshold=27.500000000000004 290745.03000000009 204502.29500000001 201885.82500000004 115033.45000000001 2.0725110516650605e-10 121858.00000000001 1.473381416872144e-10 199425.23500000002 200540.16500000001 1.4779288903810087e-11 29.500000000000004 1.4324541552923621e-11 181798.76000000004 5.5000000000000009 115033.45000000001 5.5000000000000009 144041.90000000005 141807.54000000001 152370.96000000005 127513.48500000002 196097.88500000004 658986.38500000013 125479.34000000001 54538.475000000013 71969.810000000012 7170104.330000001 110617.89500000002 8000365.4750000006 760027.45000000019
decision_type=2 2 2 2 2 2 2 2 2 2 2 2 2 2 2 2 2 2 2 2 2 2 2 2 2 2 2 2 2 2
left_child=2 -2 3 8 -5 6 -4 -8 10 -10 11 13 -13 -1 -15 25 17 18 20 -20 23 22 -19 24 -17 -12 29 28 -28 -27
right_child=1 -3 5 4 -6 -7 7 -9 9 -11 15 12 -14 14 -16 16 -18 21 19 -21 -22 -23 -24 -25 -26 26 27 -29 -30 -31
leaf_value=0.034527309181421731 -1.3756008389831831 49.500985235559511 -0.091915342013741574 -1.251849824102891 139.82076057695571 0.0073818802044047617 -846.87096532387068 -9.5160553099484861 -0.69559426714936279 47.822767603328565 -0.12328905837823592 -0.78748767958619259 48.086769839880212 -0.6504399746259677 -43.791469811497898 -1.4452279357785318 -45.058780853856824 -34.265640850149467 55.726469882795961 -1.4021439563381786 -9.2060541125746536 -2.0287746070791646 -3.8837284229111066 -0.19722401914568929 -13.185470650925689 -0.37671450101269094 108.55109200619509 -0.83345681058995735 -0.94184710971956886 11.170933485625692
leaf_weight=12027.611097568637 7.4841197470036409 0.19635833450367535 924.74486641630165 10.871720490539403 0.24560226186561074 5104.7145383868437 0.094731964652278955 0.20922116034876415 15.985833559285442 0.1980471347431888 5632.7206194299233 12.331341152788124 0.26945500917167997 25.079976184169141 0.012625961332448976 3.5621716021365408 0.72001250696507568 0.23234177584465676 0.074200059186960265 0.93931046612796631 2.2038580522024622 8.8398348353217635 6.7758935292253462 538.58194901870002 0.69680535444129788 211.54487362644821 0.1235521843813519 3.2249061789671334 0.2457158447926831 8.4256768120548298
leaf_count=1617006 3249 1294 412676 9918 4144 375142 121606 1863 9760 3409 426984 6719 167 184552 145461 849 50181 1927 82 1690 12218 37349 1964 113611 1168 21497 109 656 381 3237
internal_value=-0.0472055 5.47725 -0.0491578 -0.0119071 13.146 -0.163497 -1.10545 -719.818 -0.0205244 2.6463 -0.0230026 0.0335267 3.71601 0.0293684 -2.34982 -0.129247 -0.492638 -0.355578 -0.196968 28.3769 -0.301981 -5.48426 -9.04462 -0.248961 -5.50897 -0.0942566 0.634486 25.5233 88.211 0.114132
internal_weight=24549 7.68048 24541.3 18511.5 11.1173 6029.76 925.049 0.303953 18500.4 16.1839 18484.2 12065.3 12.6008 12052.7 25.0926 6418.91 562.626 561.906 546.058 1.01351 545.045 15.8481 7.00824 542.841 4.25898 5856.29 223.565 3.59417 0.369268 219.971
internal_count=3570869 4543 3566326 2655039 14062 911287 536145 123469 2640977 13169 2627808 1953905 6886 1947019 330013 673903 221039 170858 129618 1772 127846 41240 3891 115628 2017 452864 25880 1146 490 24734
is_linear=0
shrinkage=0.05


Tree=69
num_leaves=31
num_cat=1
split_feature=12 13 1 3 2 9 2 3 7 0 2 2 6 13 3 14 3 13 2 3 13 6 2 13 3 2 8 7 2 3
split_gain=144508 1.01955e+06 62648.9 4.91783e+06 800699 140850 85311.6 1.83724e+06 3.25395e+06 74469.4 44629.7 28180 198066 3.15615e+06 3.19612e+07 7.15918e+06 153557 1.00104e+07 9.66512e+06 35992.7 4.14302e+06 7.19921e+06 9.63713e+06 9.10072e+06 1.60604e+06 7.91949e+06 2.54193e+06 101971 359980 38132.5
threshold=27.500000000000004 266073.12000000005 0 121858.00000000001 1690.1800000000003 6.5000000000000009 121498.39000000001 866.50000000000011 641814.37000000011 8.5000000000000018 135684.95500000005 398568.70500000002 8.5000000000000018 5.8662408264353884e-11 384819.90000000008 547950.20500000007 365977.51000000007 3354.1400000000008 117501.19500000002 203917.35500000001 5938.3350000000328 6.5000000000000009 191770.58500000002 1319.7350000000004 200540.16500000001 186749.90500000003 249411.70821428575 1186782.2450000001 56181.265000000007 196097.88500000004
decision_type=2 2 9 2 2 2 2 2 2 2 2 2 2 2 2 2 2 2 2 2 2 2 2 2 2 2 2 2 2 2
left_child=2 -2 11 5 -5 6 7 -4 -9 -6 -7 16 -13 14 -14 -16 19 18 -18 24 21 22 -21 -24 29 -26 -27 -22 -29 -1
right_child=1 -3 3 4 9 10 -8 8 -10 -11 -12 12 13 -15 15 -17 17 -19 -20 20 27 -23 23 -25 25 26 -28 28 -30 -31
leaf_value=-0.031996912608236387 50.184220447254191 -1.675797674631496 -0.20141801045226793 -1.0243198304619583 -2.3939559574827913 -17.254665506638187 -0.078974756668843363 -113.2991017844293 -5.6559430838731259 -107.21597928046991 -0.48032565644750752 0.01527461369403149 -1.1020313480275847 -0.36572272150881352 293.64807119551767 -1.6325482426273408 -0.33554566842898587 -0.30328413185104086 -221.34575903703194 -0.56348041832966467 -0.051503890762180371 81.869041994655333 -254.2208802913209 -0.17830932976288189 -3.3851168821540165 167.00229484236013 -0.95977252633102916 -0.39764063531948657 -20.986956775111604 -4.1478971854171336
leaf_weight=17888.978861439242 0.14700008723211588 5.1202569440285526 83.007974481763839 0.24371646412815495 0.064540615308942506 0.61245801671789513 651.28602204740082 0.0026105211948393983 2.7365745655503266 0.26914519480978027 0.60478860193511108 2840.010806187669 12.66158058721061 145.17411250702989 0.23141257586790479 0.23310140322437897 0.97377643991806373 195.04651714916741 0.011966363176914352 1.8070672721379559 755.40397703614531 0.0099428929919110898 0.060290867462773012 0.53029849671293072 4.9471959509910581 0.078896786358185866 0.27027164958417416 11.011614403033926 1.6422128052534102 4.6292321275686836
leaf_count=1104205 183 4284 513741 24052 6336 81341 218031 563591 24888 703909 166298 55264 11283 19296 234 78 7717 11403 10649 11898 6729 6896 6123 29 1881 815 252 1207 5303 2738
internal_value=-0.0441838 7.54716 -0.046287 -0.495703 -88.6933 -0.313536 -0.275297 -1.74829 -36.0329 -103.942 -12.8981 -0.0308371 0.111512 1.82711 24.3891 245.531 -0.0534822 -1.44202 -113.137 -0.0388255 -0.373219 -55.3834 -79.8823 -169.639 -0.0244111 25.2236 132.64 -0.128984 -4.41146 -0.0332937
internal_weight=22607.8 5.26726 22602.5 738.828 0.577402 738.25 737.033 85.7472 2.73919 0.333686 1.21725 21863.7 2998.31 158.3 13.1261 0.464514 18865.4 196.032 0.985743 18669.4 770.465 2.4076 2.39766 0.590589 17898.9 5.29636 0.349168 768.058 12.6538 17893.6
internal_count=3570654 4467 3566187 2302187 734297 1567890 1320251 1102220 588479 710245 247639 1264000 86155 30891 11595 312 1177845 29769 18366 1148076 38185 24946 18050 6152 1109891 2948 1067 13239 6510 1106943
cat_boundaries=0 1
cat_threshold=2
is_linear=0
shrinkage=0.05


Tree=70
num_leaves=31
num_cat=1
split_feature=2 13 3 4 3 3 4 9 7 3 6 3 8 14 8 3 10 3 3 3 2 1 2 3 2 14 3 2 7 0
split_gain=45255 246881 2.95842e+07 1.05302e+07 3.11317e+06 2.24188e+06 2.92198e+07 2.76974e+06 1.44609e+06 482854 888533 423991 188594 145837 132584 95294.1 59772.5 578966 178875 37420.6 618072 250221 6.77724e+06 5.71985e+06 132408 174306 109368 2.95644e+06 2.68188e+06 140103
threshold=165905.12000000002 2.0725110516650605e-10 300659.00000000006 1126387.9800000002 813873.76500000013 203917.35500000001 1595396.4650000003 17.500000000000004 2906757.3650000007 196097.88500000004 8.5000000000000018 222732.50000000003 486400.04218750005 2.8194335754960779e-11 501255.36000000004 892689.65000000014 4.5000000000000009 309164.30000000005 321264.32500000007 49116.785000000011 6515.045000000001 0 123547.48500000002 111647.50000000001 6325.3700000000008 1252209.0150000004 49735.500000000007 83835.480000000025 165358.53500000003 119.50000000000001
decision_type=2 2 2 2 2 2 2 2 2 2 2 2 2 2 2 2 2 2 2 2 2 9 2 2 2 2 2 2 2 2
left_child=19 2 5 4 -4 9 12 -8 -9 -2 -11 -10 -7 -12 -13 -5 -3 -18 -19 -1 24 22 23 -22 25 -21 27 28 29 -23
right_child=1 16 3 15 -6 6 7 8 11 10 13 14 -14 -15 -16 -17 17 18 -20 20 21 26 -24 -25 -26 -27 -28 -29 -30 -31
leaf_value=-0.04491570615555715 -0.28642645972146097 0.0075118153848576178 -317.16250755709757 -40.313743914188919 -22.158066730497037 -271.20729360117497 -2.5079161687136522 -7.1725987768898269 -4.5214381086529238 -9.2631286662446737 59.794005605687005 111.94368591160676 -2.4329643570648418 -1.6113894894901983 -1.1886178265643716 -3.7723502169369532 -0.75868212657444156 33.100587336259046 -3.2455363728580524 -43.234810295247641 -30.441151150716106 -0.48629696235256037 -0.51150602084218566 172.39643968014209 -0.67854504277723837 -1.6849670024074144 0.077125017611096899 -0.46930670681690367 -2.7292391996655905 120.49780058526679
leaf_weight=10607.683232285806 1255.5203985400829 5046.968994559601 0.046128282597668158 0.81261340037963814 0.27579029973731634 0.066680944149052013 6.532995526296026 0.23372204108832795 0.0051538612061208305 0.59076238275249071 0.015290651470422745 0.0055977425438273817 0.024982241273391992 0.050240937957805265 0.0051515749655663967 0.44853514272495998 12.567383982418106 0.84785521030425992 0.21166423771904797 0.22803018496244021 0.14114754128943266 0.01622378587369061 17.446744559929559 0.049209383759032138 0.4271249882894006 0.42461005662335083 7559.332026205966 33.233660347505463 0.74940547871336338 0.013468361441034971
leaf_count=1590221 531448 460429 20298 8491 51828 13346 1178 556 301 2772 128 743 136 489 58 37901 5135 10 1844 153034 3539 598 2698 3777 4212 2228 670166 1376 834 1991
internal_value=-0.0242204 -0.139436 -0.764016 -169.804 -272.382 -0.417978 -27.014 10.1598 78.397 -0.251059 26.7287 105.149 -267.29 55.3817 110.186 -34.7357 0.0167642 3.20842 27.7869 0.0157836 0.100366 0.1078 4.77341 122.767 -27.1533 -33.5821 0.089931 2.87812 65.6749 118.114
internal_weight=24545 6325.23 1264.63 1.58307 0.321919 1263.05 6.87428 6.78262 0.249625 1256.18 0.656294 0.0159032 0.0916632 0.0655316 0.0107493 1.26115 5060.6 13.6269 1.05952 18219.7 7612.06 7610.98 17.6371 0.190357 1.07977 0.65264 7593.34 34.0128 0.779098 0.0296921
internal_count=3571765 1137091 669673 118518 72126 551155 16318 2836 1658 534837 3389 1102 13482 617 801 46392 467418 6989 1854 2434674 844453 684979 10014 7316 159474 155262 674965 4799 3423 2589
cat_boundaries=0 1
cat_threshold=16
is_linear=0
shrinkage=0.05


Tree=71
num_leaves=31
num_cat=1
split_feature=12 9 10 3 7 2 1 3 2 0 2 9 2 3 13 2 4 0 3 6 3 13 4 4 9 2 4 0 3 2
split_gain=267069 913939 33175.5 75001.1 36017.6 29548.4 24759.3 5.01617e+06 743347 199988 1.2239e+06 174907 90074 2.06298e+06 1.89968e+06 1.03408e+06 342846 101670 83909.7 81832.9 28616.1 19845.3 229897 722006 525189 435723 38864 598990 18809.3 18231.5
threshold=27.500000000000004 3.5000000000000004 2.5000000000000004 91389.24500000001 550519.1050000001 48479.575000000004 0 125479.34000000001 3963.6200000000003 9.5000000000000018 1868.4450000000004 7.5000000000000009 121498.39000000001 4545.0000000000009 158256.55000000002 123547.48500000002 574908.75500000012 136.50000000000003 31471.275000000005 14.500000000000002 1060.5000000000002 571302.72500000009 74208.785000000018 70108.485000000015 3.5000000000000004 19644.630000000001 190266.51500000004 141.50000000000003 121858.00000000001 407610.41000000009
decision_type=2 2 2 2 2 2 9 2 2 2 2 2 2 2 2 2 2 2 2 2 2 2 2 2 2 2 2 2 2 2
left_child=2 -2 6 -4 -5 -6 21 9 -9 10 -8 12 13 20 19 16 17 -14 -13 -15 -11 29 23 24 -23 -26 27 -24 -7 -1
right_child=1 -3 3 4 5 28 7 8 -10 11 -12 18 15 14 -16 -17 -18 -19 -20 -21 -22 22 26 -25 25 -27 -28 -29 -30 -31
leaf_value=-0.043795107857259902 -3.409025310491236 50.939658541343498 -0.48088575262162259 -0.60094670063907585 -0.35481745010846688 -2.4386009022866424 58.021931684660139 -1.3836520375539207 -114.45423817271099 -0.15911899863655979 -1.7616106141164427 -1.0597474800319666 60.487993622717205 -101.06186243582307 -6.2407845709771692 -0.054562874272878342 -1.0210363487771328 -1.1091881997105009 -25.466006625957036 -1.1899030565470459 -7.1356372161176695 -0.60527946970751678 -0.30970430005066718 37.494200246467926 41.402279797277387 -0.75805099680649046 0.056219000128379916 26.370202235577736 -11.246587531910606 0.096063439457093294
leaf_weight=18936.546617925844 2.1304356766754382 0.12290464698755776 83.592561054223054 3.182229405544466 1.3181439781761009 1.5596206412557352 0.04710474977373369 0.19605951722378406 0.10344057809861568 79.772250773815898 4.3985453280563886 0.68209528248639095 0.0094076702107256799 0.0032951634262506488 1.559460288876906 598.41463370032704 0.2850081643724397 0.033712892861497659 0.010970158770698291 0.045665311304126807 0.49892323263097083 16.825787119358704 24.343549407065854 0.62490789428365801 0.46803713869303842 0.99117587592905787 1568.6516219296932 1.3004674526205651 2.5512290439728682 2656.1203144163046
leaf_count=1060921 4218 210 26391 1098 1738 668 2564 54685 661346 513296 22717 182187 328 506348 21560 213466 492 652 56452 2166 43875 2626 2400 81 36 293 108647 159 10677 67934
internal_value=-0.0245084 14.3003 -0.0264506 -0.967946 -5.15355 -7.31275 -0.0227766 -0.316399 -98.4635 -0.134822 9.40933 -0.210805 -0.170619 -1.7155 -45.4766 0.0431479 44.1135 57.4291 -16.2622 -97.8532 -0.28981 -0.0139401 0.155163 5.49479 2.51341 24.0994 0.0884219 1.98205 -9.03687 -0.0265872
internal_weight=23986.4 2.25334 23984.1 92.2038 8.61122 5.42899 23891.9 686.061 0.2995 685.761 4.44565 681.315 680.622 81.8796 1.60842 598.743 0.328129 0.0431206 0.693065 0.0489605 80.2712 23205.9 1613.21 18.9099 18.285 1.45921 1594.3 25.644 4.11085 21592.7
internal_count=3570231 4428 3565803 40572 14181 13083 3525231 2282134 716031 1566103 25281 1540822 1302183 1087245 530074 214938 1472 980 238639 508514 557171 1243097 114242 3036 2955 329 111206 2559 11345 1128855
cat_boundaries=0 1
cat_threshold=2
is_linear=0
shrinkage=0.05


Tree=72
num_leaves=31
num_cat=1
split_feature=12 6 10 1 0 2 9 2 13 2 14 2 2 9 2 8 7 7 2 9 0 2 0 11 4 4 0 8 10 8
split_gain=303354 1.09518e+06 38907.4 31567.4 372482 1.06166e+06 271687 84113.7 74762.7 60118.8 136525 3.76435e+06 359845 23127.6 60258.9 21505.6 18967.7 66401.7 1.29793e+06 2.67893e+06 18859.1 22505.4 22450.6 18488.9 316919 654954 90477.3 526295 347545 16873.8
threshold=27.500000000000004 28.500000000000004 2.5000000000000004 0 9.5000000000000018 1169.3550000000002 6.5000000000000009 339.10500000000008 8.2218321040272723e-10 677.47000000000014 26542.010000000002 121498.39000000001 834.44000000000017 75.500000000000014 15015.625000000002 74228.193571428594 4243089.5500000017 4035107.3750000005 417788.98000000004 26.500000000000004 163.50000000000003 32183.350000000002 140.50000000000003 4.5000000000000009 28773.645000000004 1685.8400000000004 21.500000000000004 310968.22562500014 1.0000000180025095e-35 6778.9650000000011
decision_type=2 2 2 9 2 2 2 2 2 2 2 2 2 2 2 2 2 2 2 2 2 2 2 2 2 2 2 2 2 2
left_child=2 -2 3 13 5 -5 9 -8 -9 -6 11 12 -11 16 15 -15 17 23 -19 -20 21 22 -16 -1 25 -25 -26 -28 -29 -14
right_child=1 -3 -4 4 6 -7 7 8 -10 10 -12 -13 29 14 20 -17 -18 18 19 -21 -22 -23 -24 24 26 -27 27 28 -30 -31
leaf_value=-0.023610653306939539 57.0177693358727 -5.9431960378471667 -1.2049769362644513 57.353086372507825 0.1394948943629499 -4.6213645152788727 -2.0059716324122188 -27.286447725798382 -0.68694374663726832 -0.13608380179395516 -0.30199061430607321 -1.3468515200774294 -103.4192293097762 -1.7394216188801022 -9.2926287954802813 -10.781946601086032 -0.21864488885575556 -0.37665244471296472 -0.3993548273362803 82.563132946460314 -0.13917664234407098 -0.62223170091263391 -0.49794101985814332 -0.65389227483156631 0.07169977730884991 40.795935339309437 -0.38259196776973931 39.718229752814729 -0.10229831666311165 -0.24329478846463234
leaf_weight=19149.576551796592 0.046326848200785142 1.5668553635523692 71.229570518236869 0.060178503427318453 285.74380462870351 1.6112764648986551 1.0184390592890471 0.48658131598420873 0.38611356955835141 0.09625285895329011 272.28315960400403 78.688619141647877 0.0070211578295027123 1.7993621099041395 0.51913876306736639 0.79091716421382074 1149.986374731845 55.999497664034827 2.8081506054199443 0.48122033746523296 800.1816637085775 183.31713481379214 1.6253135546316104 2.6112590939436244 603.37523611086488 0.47328388573524716 10.849350143988071 0.53531458923076181 0.84367492530637955 0.0088220759485836166
leaf_count=1005933 609 3867 40463 2022 49828 34907 1018 498843 2409 11432 406774 94053 1178260 581 1640 2389 139440 10013 657 109 20592 31525 260 520 27215 187 1761 109 147 3782
internal_value=-0.0443964 16.9904 -0.0463575 -0.0426535 -0.385723 18.2417 -0.468945 -15.7636 -22.1716 -0.398875 -0.836215 -2.65516 -94.0116 -0.0324439 -0.268715 -6.73592 -0.0213164 -0.00986074 1.64698 28.1553 -0.244904 -0.697849 -4.90675 -0.0149132 0.253884 14.1356 0.161508 4.25208 25.5513 -102.768
internal_weight=22679 1.61318 22677.4 22606.2 640.39 1.67145 638.719 1.89113 0.872695 636.828 351.084 78.8007 0.112096 21965.8 988.234 2.59028 20977.5 19827.6 59.2889 3.28937 985.643 185.462 2.14445 19768.3 618.688 3.08454 615.604 12.2283 1.37899 0.0158432
internal_count=3571345 4476 3566869 3526406 2283328 36929 2246399 502270 501252 1744129 1694301 1287527 1193474 1243078 56987 2970 1186091 1046651 10779 766 54017 33425 1900 1035872 29939 707 29232 2017 256 1182042
cat_boundaries=0 1
cat_threshold=2
is_linear=0
shrinkage=0.05


Tree=73
num_leaves=31
num_cat=1
split_feature=12 3 3 10 3 1 3 8 9 2 2 3 12 3 3 3 2 13 3 2 6 3 3 4 6 14 4 6 13 13
split_gain=111544 1.25507e+06 72228.6 66702.3 68671.4 55755.8 2.65422e+06 923634 166596 135044 117455 3.29851e+06 1.4805e+06 84176 52472.5 32902.4 22998.7 75286.1 1.75761e+06 7.60926e+06 453775 370488 919259 7.53976e+06 4.61793e+06 2.48977e+06 1.49426e+06 790243 308546 271769
threshold=27.500000000000004 290745.03000000009 39728.500000000007 2.5000000000000004 71969.810000000012 0 125479.34000000001 253282.73666666669 7.5000000000000009 1321881.0250000001 123547.48500000002 774.40500000000009 1.5000000000000002 31471.275000000005 309164.30000000005 134403.82000000004 117501.19500000002 3354.1400000000008 448517.83500000002 675815.54500000004 19.500000000000004 423012.74500000005 290745.03000000009 1163290.3350000002 10.500000000000002 1.4779288903810087e-11 1956880.0550000002 11.500000000000002 1.4042598195374014e-09 5938.3350000000328
decision_type=2 2 2 2 2 9 2 2 2 2 2 2 2 2 2 2 2 2 2 2 2 2 2 2 2 2 2 2 2 2
left_child=3 2 -2 5 -5 16 8 9 10 -8 11 -7 -13 -10 15 -6 -1 18 21 20 -20 22 -18 24 28 26 -25 -23 -24 -19
right_child=1 -3 -4 4 14 6 7 -9 13 -11 -12 12 -14 -15 -16 -17 17 29 19 -21 -22 27 23 25 -26 -27 -28 -29 -30 -31
leaf_value=0.0012503519421477873 -19.617239824221524 53.513190276596077 -2.1356558210906145 -0.95356168791020401 -4.5739831931494184 -0.27546115620549899 -94.706532799234978 -9.40847326921328 -1.0416386259686143 -7.6958800207408986 -0.044046747869229012 -109.38907304463993 -10.55716733888015 -25.245836772963703 -2.6446279898211991 -19.614582292117539 -0.25842935607561252 11.591049161130327 -149.29803056976263 27.029900269950822 -10.240684476174557 -10.831209420170437 -178.94430719193133 -2.065146304379081 -4.8135727031849633 -9.5395384627853161 91.967547945605659 46.407183120056317 -0.14244123593172484 0.00264119444045197
leaf_weight=14418.865296295991 0.19821239367274923 0.089682063670583401 1.7462350394550805 31.520803610751116 1.9733321996310589 63.32745335283694 0.01781898969096829 1.0686512693533754 0.70108354759250635 0.2500102625712679 568.90846192258482 0.0078281800094582854 1.0044662398335709 0.0058967496122154231 5.8233437227711624 0.093546662582419615 2439.5951309513189 4.0653761595622191 0.025424029150509092 1.2325583696367364 0.2312001699009463 0.59117506445089996 0.012298787370857212 0.57118214865250061 0.74849425593856722 3.1401598690740271 0.25920186392135147 0.2494549731136505 0.026407712837681174 4238.6291862112566
leaf_count=503142 2728 1263 552 25908 1557 510789 558336 155937 182448 2746 217528 572323 27199 56504 11277 1935 453238 1302 7978 528 520 677 6421 137 396 1494 266 149 17 266523
internal_value=-0.0507733 9.53543 -9.97662 -0.0521064 -2.08162 -0.048332 -0.505828 -53.7077 -0.317221 -83.6225 -0.274726 -2.28248 -65.3045 -15.9179 -5.97338 -11.43 -0.0342834 -0.110917 -0.33174 -42.3257 -131.867 -0.288871 -0.305634 -20.2609 -106.154 14.6977 61.4931 22.1361 -174.54 0.0164752
internal_weight=21785 2.03413 1.94445 21782.9 39.411 21743.5 635.292 1.33648 633.955 0.267829 633.248 64.3397 1.01229 0.70698 7.89022 2.06688 21108.2 6689.38 2446.68 1.48918 0.256624 2445.19 2444.35 4.75774 0.787201 3.97054 0.830384 0.84063 0.0387065 4242.69
internal_count=3571818 4543 3280 3567275 40677 3526598 2283810 717019 1566791 561082 1327839 1110311 599522 238952 14769 3492 1242788 739646 471821 9026 8498 462795 461969 8731 6834 1897 403 826 6438 267825
cat_boundaries=0 1
cat_threshold=2
is_linear=0
shrinkage=0.05


Tree=74
num_leaves=31
num_cat=1
split_feature=10 12 3 1 3 7 3 9 13 13 3 4 3 13 6 11 0 0 2 3 2 8 13 8 3 13 2 4 4 8
split_gain=91866.3 162441 1.05603e+06 38195.8 206524 34830.6 251098 1.06535e+06 687521 726712 523359 439238 59451.5 38808.3 29977.9 28499.7 23473.6 21209.9 208833 840028 85652.5 25274.1 46713.2 849538 39425.1 3.89934e+06 4.85898e+06 5.19776e+06 3.63244e+06 213109
threshold=2.5000000000000004 27.500000000000004 290745.03000000009 0 1060.5000000000002 3765194.8700000006 118610.99500000001 2.5000000000000004 8.7766238721087588e-11 199904.58000000005 115033.45000000001 4704807.2950000009 156821.69000000003 883548.28500000003 38.500000000000007 4.5000000000000009 14.500000000000002 9.5000000000000018 485261.38500000007 981591.0900000002 1169.3550000000002 217919.19333333333 905090.54500000004 111850.82050000002 267587.45500000002 2.9785951483063406e-11 266706.07000000007 885672.97000000009 28773.645000000004 222898.50986111115
decision_type=2 2 2 9 2 2 2 2 2 2 2 2 2 2 2 2 2 2 2 2 2 2 2 2 2 2 2 2 2 2
left_child=1 3 16 5 -5 17 10 13 12 -10 -7 -12 -9 -8 -6 -2 -3 18 20 -20 -1 22 -19 -24 -23 26 -26 28 -28 -27
right_child=15 2 -4 4 14 6 7 8 9 -11 11 -13 -14 -15 -16 -17 -18 21 19 -21 -22 24 23 -25 25 29 27 -29 -30 -31
leaf_value=1.9870691960565301 -6.9065685053454304 -1.0093720354715703 49.046557734795044 -1.0296125877581923 -23.009595122486203 -0.2037870924468459 -5.6957762323802399 -2.3183629934404295 -75.62726608045908 -5.9953999785050121 -2.4699310647162744 39.765753109431451 -14.198907584137864 -0.17732288905922097 -0.17546394195857379 -2.078046793239404 -10.380039034962305 -0.064334280168404284 -1.7337348315552523 43.846750954952526 -0.0081002013241724333 0.029904272801463377 36.316793628698143 0.41346219703022635 -7.2009192562507085 9.1931520681337719 -6.0731801909764922 -9.1627520062839984 189.38939745260291 -0.11506048373777755
leaf_weight=58.700689185137776 2.8078486742332869 1.4283084275691202 0.20585509393830648 7.1915863008677183 0.49536415523230187 1167.73360439821 2.5350374407842358 2.3471265221305901 0.10867612314152542 0.85632143588189613 0.85746022194343374 0.50207501590084913 2.0060891705660686 33.042292302535387 0.17663496732711798 27.957607362285742 0.8485248826647952 16210.365268338155 3.5949848670525109 0.36915680766106218 543.41437924271042 5520.1397147346479 0.67630581220993136 98.070863014913527 1.6630026302647145 5.2569239353741741 0.22034746408462672 0.56348799207318012 0.2203887099724485 355.78549224115989
leaf_count=57 10311 424 847 544531 1445705 213858 3262 1256 4827 1926 279 150 4867 2277 5281 31827 1831 904431 2199 67 14368 347609 92 15075 3795 468 267 982 652 7684
internal_value=-0.0353301 -0.0317748 10.7659 -0.0333394 -2.28262 -0.0315437 -0.292859 -4.09626 -23.0181 -48.3362 -0.156423 23.3683 -9.42388 -0.715642 -20.7053 -2.72244 -6.6051 -0.0176765 0.273904 10.4875 0.189374 -0.0256516 -0.0577002 1.02103 0.0631758 0.566668 51.8649 104.47 155.276 0.0454752
internal_weight=24050.1 24019.4 2.48269 24016.9 7.86359 24009 1209.99 40.8955 5.31821 0.964998 1169.09 1.35954 4.35322 35.5773 0.671999 30.7655 2.27683 22799 606.079 3.96414 602.115 22193 16309.1 98.7472 5883.85 363.71 2.66723 1.00422 0.440736 361.042
internal_count=3571205 3529067 3102 3525965 1995517 1530448 232702 18415 12876 6753 214287 429 6123 5539 1450986 42138 2255 1297746 16691 2266 14425 1281055 919598 15167 361457 13848 5696 1901 919 8152
cat_boundaries=0 1
cat_threshold=18
is_linear=0
shrinkage=0.05


Tree=75
num_leaves=31
num_cat=0
split_feature=12 13 10 7 3 6 3 13 8 8 2 14 6 13 3 6 4 3 14 3 2 2 13 7 3 8 3 3 9 4
split_gain=59091.3 1.12647e+06 38039.9 29370.9 211572 803243 890818 665353 476545 989897 796238 378337 861126 323916 298971 884862 282967 270752 224425 137846 195114 114308 80255.9 47185.5 928330 435122 69325.5 42318.7 294653 54343.5
threshold=27.500000000000004 88393.430000000008 3.5000000000000004 1586704.2650000004 118610.99500000001 18.500000000000004 692315.43000000005 46370.130000000041 222898.50986111115 225027.25000000003 54538.475000000013 1.0000000180025095e-35 13.500000000000002 760027.45000000019 115033.45000000001 26.500000000000004 1595396.4650000003 152370.96000000005 685319.04000000015 638511.03500000015 252539.39000000004 339.10500000000008 5938.3350000000328 1566352.1100000001 200540.16500000001 223970.27503571429 231374.46000000005 99704.085000000006 5.5000000000000009 1685.8400000000004
decision_type=2 2 2 2 2 2 2 2 2 2 2 2 2 2 2 2 2 2 2 2 2 2 2 2 2 2 2 2 2 2
left_child=2 -2 3 23 14 6 8 21 10 17 -6 12 -11 19 27 -16 -14 -10 -12 20 22 -7 -13 -1 -25 26 -26 -5 -29 -30
right_child=1 -3 -4 4 5 7 -8 -9 9 11 18 13 16 -15 15 -17 -18 -19 -20 -21 -22 -23 -24 24 25 -27 -28 28 29 -31
leaf_value=-0.021124117192002283 49.600268172137483 -3.9022945641954223 -2.7501843847167677 -0.11648241366584862 -0.72642557216542691 -0.090518643970454768 42.21464954069387 -5.5417449868694284 49.833037819180909 -5.6096754326474008 -51.907069579346107 -13.974068023305438 58.298049249388853 -0.40709157060640816 -4.3428132201338254 48.375071756366928 -2.8031849541529001 -1.5473439220079177 -10.677575284879964 -0.27961408666808069 -26.395714647984853 -44.5176290970049 -3.02411418458736 -0.41651674791642979 60.581576325842086 -0.55060667318686984 -0.93038267494047122 -0.72305321649013576 -0.66077555099174234 -26.387671412379287
leaf_weight=19531.589616934001 0.1622382849437719 5.6916211981823706 11.96968509052749 3100.8775019020345 4.3047515539296528 0.1597751826047823 0.16115171978380161 3.7300711367214299 0.21853528550616974 1.3776207493468902 0.38067966178383361 2.0488035194137737 0.044801149517297689 49.778799444778748 1.8334485808484979 0.23672614041212914 0.12453852812170146 0.25054069692674841 1.353350809613479 3.2309217453002921 1.146328018356465 1.1651194306718335 5.4649167751262659 20.384385836685965 0.0062004002043649078 0.41858986382027424 0.016613216901760097 25.562448963318019 0.3025386659428469 0.40414661267212521
leaf_count=2700684 141 4317 20094 569668 3113 48 132428 29375 92 2381 11139 7841 87 7228 1297 145 558 400 4494 698 6848 42520 5571 5648 40 957 1115 5898 177 6683
internal_value=-0.041677 4.60028 -0.0430727 -0.0415278 -0.181823 -2.78954 -1.25725 -20.2666 -1.95326 -0.579418 -14.3006 -1.49912 17.4364 -2.24484 -0.118499 15.4768 49.3891 40.0138 -35.4056 -9.30936 -12.3 -41.5055 -7.30114 -0.0185285 2.30499 41.0852 58.6679 -0.133769 -2.095 -22.2172
internal_weight=22774.4 5.85386 22768.5 22756.6 3204.16 74.9407 69.8857 5.05497 69.7246 63.6858 6.03878 63.2167 1.54696 61.6698 3129.22 2.07017 0.16934 0.469076 1.73403 11.891 8.66005 1.32489 7.51372 19552.4 20.8258 0.441403 0.0228136 3127.15 26.2691 0.706685
internal_count=3571685 4458 3567227 3547133 838689 254821 182878 71943 50450 31704 18746 31212 3026 28186 583868 1442 645 492 15633 20958 20260 42568 13412 2708444 7760 2112 1155 582426 12758 6860
is_linear=0
shrinkage=0.05


Tree=76
num_leaves=31
num_cat=1
split_feature=10 12 0 6 1 3 6 9 2 3 3 2 14 8 8 3 7 4 9 9 9 8 8 3 2 3 3 4 14 14
split_gain=34261.8 39500 916465 43574.3 27842.7 4.38466e+06 776017 162110 154665 43741.6 43703.4 2.6473e+06 1.94817e+06 23072.4 79942.9 1.0889e+06 2.51521e+06 1.43039e+06 22238.7 33584.9 446749 873293 3.07214e+06 324060 879402 102127 1.11144e+06 2.02152e+06 86663.4 368660
threshold=3.5000000000000004 27.500000000000004 23.500000000000004 28.500000000000004 0 125479.34000000001 26.500000000000004 7.5000000000000009 1169.3550000000002 31471.275000000005 1060.5000000000002 121498.39000000001 113983.34000000004 223970.27503571429 225984.28960317463 111647.50000000001 1121543.1250000002 668620.92500000016 3.5000000000000004 11.500000000000002 10.500000000000002 270705.9200000001 262954.27500000008 300659.00000000006 675815.54500000004 290745.03000000009 107996.56000000001 5592866.5850000009 242482.34500000003 239246.78500000018
decision_type=2 2 2 2 9 2 2 2 2 2 2 2 2 2 2 2 2 2 2 2 2 2 2 2 2 2 2 2 2 2
left_child=1 4 3 -3 13 7 8 10 -7 -9 -6 12 -12 -1 15 -15 -17 -18 -16 20 28 22 -22 25 -25 26 -21 -28 29 -20
right_child=-2 2 -4 -5 5 6 -8 9 -10 -11 11 -13 -14 14 18 16 17 -19 19 23 21 -23 -24 24 -26 -27 27 -29 -30 -31
leaf_value=-0.063391284653225397 -2.3935977831835333 -9.9665446565348894 40.905721622099627 -0.57899237751605115 0.058020415065323683 -0.38252239442971281 -5.5657788925500977 -1.0775985632883995 -114.24910983065773 -20.814444036084442 -106.78969185300605 -0.16571050608356319 -8.5591058277206002 -0.34336608808101726 -0.089096840147827441 -0.76817963177182369 -0.9103950549791503 107.34092045373734 0.95913850279430568 0.04064608547852791 -0.67701487986620046 -0.52697677066830428 90.365833692676347 -43.735079704502859 0.011213104039475494 4.6286870290990043 -51.535951575611229 36.362303318556101 0.075091910705152309 17.460308023999534
leaf_weight=16047.890253402282 14.487818564528423 0.40236163690150739 0.4057483465876438 11.809089770489484 636.81294881836607 0.037756347906324025 0.34617344141861706 0.51801737954574134 0.019650100371346693 0.20392565792090211 0.0023896371585544465 207.11094711923545 1.4201964956027973 43.13478759863245 2275.7814946382632 2.9947613442855099 0.39780581444480856 0.10967846003190496 152.92249974851586 2509.106667357069 2.8990905510174669 7.0218700017520703 0.35175167493173809 0.57180425699921666 4.2659926414490146 11.012553255038709 1.3971006246740385 0.10558255988715259 1127.2621457556493 2.4677465676228385
leaf_count=834768 20918 521 158 2873 613100 16034 23001 182415 684192 56501 552411 130538 34761 7033 159843 228 97 378 13817 157749 848 1894 132 5070 111 309 8798 1325 59720 341
internal_value=-0.0426684 -0.0410867 2.65107 -1.61966 -0.0426765 -0.322282 -88.6259 -0.179383 -110.55 -15.5057 -0.147983 -0.774367 -52.7389 -0.0318365 0.0505572 2.09088 25.4901 78.1675 0.0346044 0.108317 0.31547 10.226 28.1138 0.00222124 -11.7645 0.0294527 0.00744171 -33.2964 0.228188 1.3312
internal_weight=23063.3 23048.8 12.6172 12.2115 23036.2 846.472 0.40358 846.068 0.0574064 0.721943 845.346 208.534 1.42259 22189.7 6141.8 46.637 3.50225 0.507484 6095.17 3819.38 1292.93 10.2727 3.25084 2526.46 4.8378 2521.62 2510.61 1.50268 1282.65 155.39
internal_count=3569884 3548966 3552 3394 3545414 2292953 723227 1569726 700226 238916 1330810 717710 587172 1252461 417693 7736 703 475 409957 250114 76752 2874 980 173362 5181 168181 167872 10123 73878 14158
cat_boundaries=0 1
cat_threshold=2
is_linear=0
shrinkage=0.05


Tree=77
num_leaves=31
num_cat=2
split_feature=10 6 3 12 4 1 3 12 13 5 0 3 5 1 3 10 5 3 5 5 7 3 5 5 3 5 8 0 9 10
split_gain=43946.4 26709.7 382127 77825.3 78517.8 45704.3 167333 24250.5 205878 21993.6 14479.3 170565 717766 19680.8 3.66954e+06 765196 115271 41871.6 3.81606e+06 1.35887e+06 59757.2 24718.3 473453 152300 4.52763e+06 107433 169164 257107 59003.9 31432
threshold=3.5000000000000004 30.500000000000004 98083.380000000019 61.500000000000007 21941129.980000004 0 163.50000000000003 27.500000000000004 1064621.0750000004 14.689456181532107 9.5000000000000018 403869.50000000006 13.09244502357611 1 121858.00000000001 1.0000000180025095e-35 11.724388948763094 1060.5000000000002 11.724388948763094 11.707664521161814 11619915.855 12197.500000000002 8.8435162415097732 9.5688284710925426 15081.500000000002 8.7524818884018742 258694.62833333336 321.50000000000006 17.500000000000004 2.5000000000000004
decision_type=2 2 2 2 2 9 2 2 2 2 2 2 2 9 2 2 2 2 2 2 2 2 2 2 2 2 2 2 2 2
left_child=1 5 -3 4 9 7 -7 10 -9 -4 11 -1 -13 14 17 16 -16 -12 19 20 -19 -15 25 24 -24 26 27 -23 -26 -25
right_child=-2 2 3 -5 -6 6 -8 8 -10 -11 13 12 -14 21 15 -17 -18 18 -20 -21 -22 22 23 29 28 -27 -28 -29 -30 -31
leaf_value=0.13307261537599116 -3.0524543181151484 -0.42637645569138266 -37.119836633361324 -0.2492083740557266 -0.37894933819067522 -1.874131194020566 -24.312008810873529 9.7406889844754971 -0.19291669479223317 -0.59459503781067147 0.075883827015761227 -1.8884219358881542 38.125779315846387 -0.092497356057347366 -0.28396799924328436 -4.5123295362836737 -104.52509506806445 -111.97558407567209 -0.14789126166438868 -0.26901743311497228 0 -48.190275097348142 99.501961192303014 0.024555316539925379 -11.209091588322408 -2.1764870006550341 -5.6772940952371052 -0.44163432442696043 -2.09196496497837 -2.5485824011949401
leaf_weight=782.34401146543178 10.950882289362196 125.6498523846933 0.050577605955089366 0.28696577911545984 0.21590984603227131 2.5881685203600502 0.37464928404035092 5.0318417016675872 38.2909243559846 0.077638067305088043 610.81471783414599 3.8932957267260622 0.52679032915655755 6904.8271685970522 0.032917284166663674 0.37087822492645539 0.042742536712930768 0.052440861878175538 185.98123792691109 0.38398025887173592 0.012062183581292629 0.043676956497285757 0.16139619968655239 14618.76892388982 1.451212426363649 1.1879569816221098 1.4844789153866291 0.41217739877017578 9.07513476574597 10.877929279067756
leaf_count=16962 20892 38197 17082 58 295 467491 1516714 173 703 60 158048 785 167 762907 3032 4001 19062 13132 79371 232 26 7249 499 428045 6910 907 1611 70 3112 2873
internal_value=-0.021207 -0.0196516 -0.741981 -24.7899 -29.8401 -0.0156842 -2.87551 -0.0139476 1.15447 -35.1378 -0.0161919 0.194489 9.03389 -0.0236182 -0.265786 -79.8333 -101.604 -0.124588 -0.778337 -81.6203 -110.707 -0.0145112 0.0222551 0.0270276 5.73237 -16.9079 -22.1179 -34.9786 -4.21276 0.0224676
internal_weight=23316.3 23305.3 126.281 0.631091 0.344126 23179 2.96282 23176.1 43.3228 0.128216 23132.7 786.764 4.42009 22346 797.691 0.446538 0.0756598 797.244 186.43 0.448483 0.064503 21548.3 14643.5 14640.3 10.6877 3.12829 1.94033 0.455854 10.5263 14629.6
internal_count=3570666 3549774 55692 17495 17437 3494082 1984205 1509877 876 17142 1509001 17914 952 1491087 276904 26095 22094 250809 92761 13390 13158 1214183 451276 441439 10521 9837 8930 7319 10022 430918
cat_boundaries=0 1 2
cat_threshold=18 16
is_linear=0
shrinkage=0.05


Tree=78
num_leaves=31
num_cat=0
split_feature=7 3 9 6 0 13 14 13 2 4 3 3 3 13 6 6 4 14 3 0 3 3 2 14 3 3 10 4 0 3
split_gain=22462.1 209689 90302.4 71227.7 968192 221695 62676.1 994490 194209 21044.1 337736 1.07346e+06 121268 302920 108991 40247.7 157229 806436 383144 263222 96692.6 66474.9 83358.8 44102.2 3.68251e+06 1.1114e+06 32094.2 29954.2 173692 891957
threshold=9657104.8350000028 99704.085000000006 2.5000000000000004 34.500000000000007 310.50000000000006 1.1596057447604836e-10 7742368.6700000018 4.4019543565809732e-10 102230.30500000001 1544492.6450000003 692315.43000000005 749171.40000000014 365977.51000000007 16893.145000000004 17.500000000000004 6.5000000000000009 1853701.2200000004 2476705.5000000005 278687.50000000006 33.500000000000007 161526.34500000003 300659.00000000006 76649.840000000011 5.8435034588910652e-11 94470.000000000015 156821.69000000003 2.5000000000000004 776862.67000000016 315.00000000000006 80678.000000000015
decision_type=2 2 2 2 2 2 2 2 2 2 2 2 2 2 2 2 2 2 2 2 2 2 2 2 2 2 2 2 2 2
left_child=3 -2 -3 6 -5 -6 9 8 -8 27 12 14 15 -14 -12 16 17 18 20 -19 -11 23 -23 24 -17 -26 -25 -1 -29 -30
right_child=1 2 -4 4 5 -7 7 -9 -10 10 11 -13 13 -15 -16 21 -18 19 -20 -21 -22 22 -24 26 25 -27 -28 28 29 -31
leaf_value=-0.030390141144927947 -0.39796332889119035 -3.3911194443432544 -25.745463041541328 -0.96086892330884321 -0.14222932584400444 51.410546126199669 -0.63993216751116855 -0.56844904597430013 51.911902892679564 -0.31749452913135229 -1.8725389429768204 -7.5789708012947177 -29.315855333598094 -1.9193361633426882 60.642402613289022 -0.47609990506877226 0.15159041856399305 47.558405115879061 18.621315215884426 -0.20580616003817742 2.9215316865190317 -0.45864741370955686 -17.31915387312165 -0.036195696994948422 -8.2900536322838789 106.39132128678153 -4.5795456592880024 -0.31100631066779466 -0.43929821057648061 46.905676893792418
leaf_weight=17777.214274915055 123.85308288637599 1.3589842859230756 0.15181908041231817 11.920594547446944 0.24605854277251782 0.18746166306200007 0.17869941318642774 15.036487759126281 0.15782023111563453 54.212538449352138 0.012326331714815513 1.1270833985721398 0.18560546163490421 7.9995781973067901 0.0010728801565849612 54.923329556011609 939.61327346159817 0.28668616555436943 2.218047688614603 0.36046035270976629 38.8483153886542 1.9133942540669009 0.24926011130915471 2446.7993248656103 0.096461116998878049 0.060394857657188994 2.8932903004128994 1382.551455846042 5.8054003591366365 0.19599885322718424
leaf_count=2573170 37824 5376 11633 7168 115 121 60 4388 187 15106 1131 122767 7315 6927 475 33324 64968 147 254 92 593 938 3369 292783 1641 1600 10090 361648 3881 2027
internal_value=-0.0264739 -0.691263 -14.9987 -0.0227794 3.62778 42.459 -0.024923 3.06751 44.4029 -0.0271508 0.0846204 19.9398 0.072629 -5.66513 58.0293 0.087483 0.349546 2.26694 1.64951 36.9777 1.05127 -0.0208616 -7.26521 -0.0117079 1.37467 89.6586 -0.0434303 -0.0478678 -0.271442 7.58485
internal_weight=22870.7 125.364 1.5108 22745.3 12.3541 0.43352 22732.9 15.373 0.33652 22717.6 3551.8 1.14048 3550.66 8.18518 0.0133992 3542.47 1035.54 95.926 95.2789 0.647147 93.0609 2506.94 2.16265 2504.77 55.0802 0.156856 2449.69 19165.8 1388.55 6.0014
internal_count=3571118 54833 17009 3516285 7404 236 3508881 4635 247 3504246 563520 124373 439147 14242 1606 424905 81160 16192 15953 239 15699 343745 4307 339438 36565 3241 302873 2940726 367556 5908
is_linear=0
shrinkage=0.05


Tree=79
num_leaves=31
num_cat=1
split_feature=1 9 6 3 6 3 0 2 3 12 4 7 14 10 3 2 6 3 6 3 2 3 13 3 2 11 14 13 7 2
split_gain=45428.9 42101.1 39260 270350 47626.1 758843 503014 36812.8 53392.8 21536.2 150289 166932 23679.7 60278.4 47935.3 28815.1 16814.5 164914 27444.3 273151 1.01497e+06 16719.5 56261.8 15238 125402 8.50961e+06 1.04522e+06 305913 1.07881e+07 2.06847e+06
threshold=0 3.5000000000000004 30.500000000000004 106760.50000000001 29.500000000000004 82611.000000000015 95.500000000000014 946715.66500000015 1091834.8400000001 27.500000000000004 4184626.8900000006 6503382.7800000003 1979595.2450000003 2.5000000000000004 321264.32500000007 53004.80000000001 23.500000000000004 104316.00000000001 22.500000000000004 20192.345000000005 24498.655000000002 98083.380000000019 229562.09000000003 309164.30000000005 308411.78000000009 1.0000000180025095e-35 390167.12500000017 11223.760000000075 531684.25000000012 352924.50500000006
decision_type=9 2 2 2 2 2 2 2 2 2 2 2 2 2 2 2 2 2 2 2 2 2 2 2 2 2 2 2 2 2
left_child=2 -2 4 -4 9 -6 -7 8 -5 12 11 -11 16 14 21 -16 18 -18 23 -20 -21 -14 -23 -1 25 26 -25 28 -26 -30
right_child=1 -3 3 7 5 6 -8 -9 -10 10 -12 -13 13 -15 15 -17 17 -19 19 20 -22 22 -24 24 27 -27 -28 -29 29 -31
leaf_value=-0.031645865774919034 -4.1318233319501108 -17.779407914104898 -0.66212414911420447 -28.464975229875513 -0.44353644399812914 54.158834965312295 -4.2403199320969334 -2.4423906534270738 -0.25416679606150988 -0.47391501007464865 -0.1943027983242693 14.102979347376076 -0.19711959973367602 -4.8747283037014322 -0.32398196662136741 -13.050029338367537 -0.3278288099250759 -13.140019590310693 -0.19222045893301479 53.628563143335136 -3.4085082050190412 -10.51636659354515 -0.85492085949345131 -143.07675672701561 -0.8427591188400938 -0.1940869878976263 -12.370256925161657 0.072873481109276259 35.038907421124406 143.26362552649718
leaf_weight=19810.07560472325 2.4183574827323628 0.45495366152014804 78.821759052961951 0.18340787590137486 16.781023552222052 0.10603357334522945 0.35265319684660534 0.51419879232344101 0.21702612437264202 3.5443093506885566 39.77593004268666 3.2349565453332758 380.94459691592954 6.387948198683147 0.79938560288263261 0.18056963671051918 120.29203323773464 1.5670091924236533 26.11448161573766 0.12999189948459555 2.1756911090577531 0.64878198913469631 20.885677642608538 0.16889429536162637 72.38976163565097 181.37779000121282 0.41666062351974376 3740.3657760392844 2.0605027833146865 0.42016409506318764
leaf_count=1323181 1563147 447045 34782 2869 4683 84 497 327 35 117 526 97 75123 14001 348 2525 36713 3499 7310 125 2042 1612 4733 19587 5452 11709 2212 4035 654 2927
internal_value=-0.0225408 -2.88304 -0.0209029 -1.12168 -0.0172729 2.53673 37.1298 -19.6922 -24.2782 -0.0191804 1.04382 7.40004 -0.0212543 -0.397635 -0.31486 -8.07818 -0.0147989 -0.598235 -0.011791 1.51439 15.056 -0.275971 -1.59998 -0.0136766 0.0753634 -1.20337 -116.534 0.136652 3.27986 89.2644
internal_weight=24513.8 2.87331 24510.9 79.7364 24431.2 17.2397 0.458687 0.914633 0.400434 24414 46.5552 6.77927 24367.4 409.847 403.459 0.979955 23957.6 121.859 23835.7 28.4202 2.30568 402.479 21.5345 23807.3 3997.2 181.963 0.585555 3815.24 74.8704 2.48067
internal_count=3571997 2010192 1561805 38013 1523792 5264 581 3231 2904 1518528 740 214 1517788 98342 84341 2873 1419446 40212 1379234 9477 2167 81468 6345 1369757 46576 33508 21799 13068 9033 3581
cat_boundaries=0 1
cat_threshold=18
is_linear=0
shrinkage=0.05


Tree=80
num_leaves=31
num_cat=0
split_feature=6 3 9 6 0 3 11 0 12 0 4 14 3 2 10 0 2 9 3 2 3 3 3 8 3 8 9 4 0 0
split_gain=47532.9 70674.8 257748 43991.1 454849 708558 226831 23489.5 22825.6 226647 288499 27652.5 44276 42811.7 35408.1 20009.8 18901.9 181499 275801 28972.3 1.40884e+06 830383 1.0593e+06 521071 540925 377761 250129 88792.9 94892.1 23143.6
threshold=30.500000000000004 99704.085000000006 2.5000000000000004 29.500000000000004 90.500000000000014 13718.500000000002 1.5000000000000002 3.5000000000000004 27.500000000000004 19.500000000000004 5813841.7350000013 1979595.2450000003 350669.0400000001 152614.72000000003 2.5000000000000004 7.5000000000000009 1169.3550000000002 5.5000000000000009 1.0000000180025095e-35 13666.770000000002 9060.5000000000018 8053.5000000000009 2414.5000000000005 223970.27503571429 59101.805000000008 166374.09758928575 126.50000000000001 1853701.2200000004 11.500000000000002 21.500000000000004
decision_type=2 2 2 2 2 2 2 2 2 2 2 2 2 2 2 2 2 2 2 2 2 2 2 2 2 2 2 2 2 2
left_child=3 -2 -3 7 5 -5 -7 -1 11 -10 -11 16 14 -14 -13 -16 17 -9 -19 20 21 22 -18 24 26 -23 27 28 -22 -25
right_child=1 2 -4 4 -6 6 -8 8 9 10 -12 12 13 -15 15 -17 19 18 -20 -21 23 25 -24 29 -26 -27 -28 -29 -30 -31
leaf_value=-4.775287599483991 -0.88722285431288705 -1.0881064003086072 -28.771577438266036 -0.39818188607469868 0.44395478067992128 58.547937195942168 -1.2307209910070926 0.21576203161709989 -0.18636017047502518 22.482725808819438 -0.40219474711535269 -0.3551453201481235 -1.0335561795033359 -12.380022687911065 -0.44704772468117304 -6.639511649824037 -0.1266229413095866 -1.8101311826342912 -30.133835117147107 -0.027007783154069709 -2.9146091985048943 -4.13973770594201 -45.661719323752578 -1.2448314604308699 -12.119459892078961 49.897090253563121 -0.34515240428254679 -2.5686204444737801 -76.480811436973852 -9.4482259013045216
leaf_weight=1.6109710555610934 55.132541411110992 4.181535294927019 0.080890949347686703 1.6073604601878388 99.840109087871269 0.037706755288700433 0.13959024689366489 1093.3657553832604 41.410868761716671 1.6498421393237026 2.7948972241914363 316.4618852925426 2.283154543972997 0.52780097104734158 2.3069167464311144 2.5568475128971482 833.64265417268484 3.3807525050554825 0.22381389283523834 21557.999619725892 0.13144187864376755 0.24941921484504392 0.27919666726370351 1.6428718030566152 2.1164306682854561 0.19734595909106956 0.17047188731509388 0.12978227513465357 0.1328683654844045 2.2379458691401255
leaf_count=3455 38634 4642 12835 558 6916 155 351 90142 819 146 130 94167 17018 19435 167 14691 343701 1540 4195 2435721 7128 4689 36513 1114 215418 217 148 697 201523 13527
internal_value=-0.0321019 -1.43305 -6.98195 -0.0285705 1.00442 20.9379 50.4105 -0.033011 -0.0324906 1.07 10.6606 -0.034658 -0.492614 -5.85484 -0.427671 -4.28037 -0.0283194 0.174235 -9.73228 -0.0382469 -0.325991 -0.131114 -0.196546 -21.8107 -35.5979 37.7164 -59.6085 -66.6042 -71.1419 -6.94305
internal_weight=24028.5 59.395 4.26243 23969.1 101.625 1.78466 0.177297 23867.5 23865.9 45.8556 4.44474 23820 324.137 2.81096 321.326 4.86376 23495.9 1096.97 3.60457 22398.9 840.93 834.369 833.922 6.56181 2.681 0.446765 0.564564 0.394093 0.26431 3.88082
internal_count=3570392 56111 17477 3514281 7980 1064 506 3506301 3502846 1095 276 3501751 145478 36453 109025 14858 3356273 95877 5735 3260396 824675 385120 380214 439555 424914 4906 209496 209348 208651 14641
is_linear=0
shrinkage=0.05


Tree=81
num_leaves=31
num_cat=0
split_feature=0 4 6 9 3 9 7 3 4 7 3 3 0 7 3 2 3 9 3 3 2 13 3 6 3 7 2 9 8 8
split_gain=470710 190299 62253.2 56992.6 228258 55264.1 35443.2 1.11055e+06 3.4217e+06 70409 518208 744455 44552.6 28087 71705.5 60749.4 28516.5 256803 260099 82119 24886.4 134511 1.86751e+07 5.66144e+06 3.2785e+06 2.29768e+07 3.05796e+06 2.17696e+06 1.60177e+06 2.21743e+06
threshold=1.5000000000000002 1685.8400000000004 30.500000000000004 5.5000000000000009 50374.500000000007 6.5000000000000009 7317277.4800000004 115033.45000000001 4842762.5450000009 7589735.205000001 20192.345000000005 20683.500000000004 16.500000000000004 4545426.995000002 321264.32500000007 144041.90000000005 30649.500000000004 11.500000000000002 55428.500000000007 300659.00000000006 107905.28000000001 2.0725110516650605e-10 321264.32500000007 5.5000000000000009 188459.50000000003 630655.69000000006 179600.97000000003 23.500000000000004 177020.54800000004 235913.73937500003
decision_type=2 2 2 2 2 2 2 2 2 2 2 2 2 2 2 2 2 2 2 2 2 2 2 2 2 2 2 2 2 2
left_child=1 -1 6 -4 -5 -6 13 9 -9 10 -8 -12 -10 20 16 -16 -15 -18 -19 -20 -2 22 24 -24 -22 26 -26 -27 -29 -30
right_child=2 -3 3 4 5 -7 7 8 12 -11 11 -13 -14 14 15 -17 17 18 19 -21 21 -23 23 -25 25 27 -28 28 29 -31
leaf_value=26.500922325561177 0.013789642321062027 -5.8010810886151454 -0.66360370601728247 -2.1669809846319317 -1.0057925623376398 -28.338507683447673 -0.23687826674846049 93.608900762179175 -0.98019632801758838 0.02533495155824252 54.609487168967547 -1.2464187015447514 -17.507227117071928 -0.19645556536275435 -0.94658679465360562 -17.300151923571143 -0.65724261735086187 -1.7109760274072359 -38.697229106135843 -1.063300343459296 -0.17841395043071029 0.028818436980263613 -222.63952173968516 -29.833469063485964 -15.544153698726427 -20.438017108177014 -266.0374148401736 -10.473797338779287 82.696829865030907 -8.9457866757715152
leaf_weight=1.2921029737210645 14679.083681927228 0.18153648591918758 30.002875918043983 12.351358311250017 0.31131939948335513 0.16279435688082494 13.641547197574956 0.25465076849249535 0.70656733489795109 257.08398252479759 0.12070953565057663 1.1828047973812428 0.67137879147279311 256.11912442855385 1.3518141742871734 0.16781964471172317 58.717590137115501 1.6836046020123265 0.056824491677244793 0.23581786476892375 2387.8799742266438 6260.4966243213366 0.19407504366481187 1.1106917514397565 0.28908988670125479 2.4195803397150235 0.023892790628353366 0.97611946468402933 1.0204101958184306 0.71644942884734875
leaf_count=1141 1956411 1017 24081 20770 614 10752 4276 2991 1388 38915 44 1010 14486 92797 17176 21809 13745 3224 6329 237 654738 503467 82274 67388 6061 6411 13235 1661 1561 1621
internal_value=-0.0268793 21.7831 -0.0291291 -1.91181 -4.57221 -23.2518 -0.0256791 0.539039 32.8582 0.225419 3.4495 25.3854 -13.0108 -0.0322356 -0.497985 -8.90393 -0.42976 -1.39505 -15.7285 -32.6581 -0.0258605 -0.0931014 -0.411728 -142.671 -0.274617 -35.8864 -222.727 9.96723 35.2868 55.4364
internal_weight=23970.5 1.47364 23969 42.8283 12.8255 0.474114 23926.2 273.662 1.6326 272.029 14.9451 1.30351 1.37795 23652.5 318.333 1.51963 316.813 60.6938 1.97625 0.292642 23334.2 8655.13 2394.63 1.30477 2393.33 5.44554 0.312983 5.13256 2.71298 1.73686
internal_count=3571630 2158 3569472 56217 32136 11366 3513255 63110 18865 44245 5330 1054 15874 3450145 155317 38985 116332 23535 9790 6566 3294828 1338417 834950 149662 685288 30550 19296 11254 4843 3182
is_linear=0
shrinkage=0.05


Tree=82
num_leaves=31
num_cat=0
split_feature=7 3 14 13 7 3 2 3 2 8 7 3 3 14 8 3 13 3 3 2 13 3 4 2 10 14 3 14 2 7
split_gain=31853 310986 85348.6 1.00784e+06 28267.5 1.77166e+06 3.04905e+06 385370 316905 122605 60240.6 1.0336e+06 383544 45212 43985.2 391866 340542 54728.9 37242.2 62162 653545 191838 236762 52597.8 31442.9 27774.6 310369 155859 1.01573e+06 200335
threshold=9657104.8350000028 118610.99500000001 7742368.6700000018 4.2746250983327634e-11 1586704.2650000004 596754.24500000011 583963.12000000011 321264.32500000007 163638.23000000001 138901.02633333337 1566352.1100000001 200540.16500000001 203917.35500000001 1.0000000180025095e-35 208761.8391666667 115033.45000000001 5938.3350000000328 118610.99500000001 30649.500000000004 125469.93000000001 1319.7350000000004 31471.275000000005 1.0000000180025095e-35 54538.475000000013 2.5000000000000004 1.182343112304807e-10 55428.500000000007 1.764419721439481e-10 21870.215000000004 2787846.8000000003
decision_type=2 2 2 2 2 2 2 2 2 2 2 2 2 2 2 2 2 2 2 2 2 2 2 2 2 2 2 2 2 2
left_child=2 -2 4 -4 10 7 -7 14 -9 -10 -1 -12 -13 -11 15 18 17 -17 -6 20 21 -20 -23 -22 25 26 -16 28 29 -27
right_child=1 -3 3 -5 5 6 -8 8 9 13 11 12 -14 -15 24 16 -18 -19 19 -21 23 22 -24 -25 -26 27 -28 -29 -30 -31
leaf_value=-0.0043130892106777617 -0.60651752794856184 -24.745655621909236 47.629203977292057 -0.86718727428450115 -0.27777084606208019 -8.767059882871246 108.20759800093977 -1.9057834155442372 -1.0076056215018239 -4.9512969206898685 -0.51133335563564175 60.215168861946019 -1.5894958337121934 -36.0568316673967 -0.39611234889011426 -1.6524273510953795 -5.2012951010430282 -38.188175085204072 -0.15609117765988775 -0.20429354731522961 -0.56695745231786465 -0.76570490685538262 -52.100321765717581 -9.5593165558211215 -3.3695734096489214 56.150128526370352 -17.982761713045928 -0.072368719571641663 -0.84630030657268096 -0.7710594530386119
leaf_weight=19756.581090781889 73.580813298551007 0.36051922292629868 0.20028595843054375 9.6646103024225827 390.08173742493102 0.94037115869759458 0.013521337384466703 3.2813763371808475 0.49054074287454796 0.52102716682722794 15.760888227879631 0.016466151922940375 0.26681045258053243 0.654143181115588 66.61107789096576 0.21406667605261387 4.6655290370892954 0.30135928958439684 0.36998600224995831 33.423799906362007 22.885768402820631 0.32084375573322188 0.096737441710302907 0.76597936779065534 6.2833868277084539 0.083918090049402205 1.6093303289761127 2168.6834045666687 6.3141974698195806 0.14893284440040588
leaf_count=2706610 38887 16051 196 4583 137898 178219 2404 9453 221 1029 5655 15 2090 9816 48746 239 5553 7181 259 15579 1949 218 5253 2291 13921 99 7675 344868 3996 178
internal_value=-0.023795 -1.05291 -0.0203648 4.41012 -0.0225052 -0.173952 47.4204 -0.20822 -12.9224 -25.7665 -0.00174973 2.9695 46.1226 -30.8846 -0.180176 -0.629052 -13.134 -34.1209 -0.455475 -1.6283 -3.49103 -32.6564 -41.0253 -1.23435 -0.0895252 -0.0788391 -1.06485 -0.047438 7.12547 48.6444
internal_weight=22565.2 73.9413 22491.3 9.8649 22481.4 2708.76 0.953892 2707.81 4.94709 1.66571 19772.6 16.0442 0.283277 1.17517 2702.86 453.126 5.18096 0.515426 447.945 57.8631 24.4393 0.787567 0.417581 23.6517 2249.73 2243.45 68.2204 2175.23 6.54705 0.232851
internal_count=3571132 54938 3516194 4779 3511415 797045 180623 616422 20519 11066 2714370 7760 2105 10845 595903 176420 12973 7420 163447 25549 9970 5730 5471 4240 419483 405562 56421 349141 4273 277
is_linear=0
shrinkage=0.05


Tree=83
num_leaves=31
num_cat=0
split_feature=7 3 14 4 13 10 10 3 0 3 5 0 6 3 5 5 3 5 0 5 3 13 4 5 8 6 8 5 10 9
split_gain=69654.4 308581 111684 1.12129e+06 202003 47084.1 34614.5 67652.6 30118 8.15778e+06 2.15087e+06 2.51361e+06 30469 411845 3.51654e+06 258723 148744 331443 81374.5 139370 112949 739973 601824 168211 370383 94264 65087.4 50833.5 39388.1 39113.4
threshold=9657104.8350000028 118610.99500000001 7742368.6700000018 4430545.5750000011 760027.45000000019 8.5000000000000018 4.5000000000000009 309164.30000000005 311.50000000000006 129818.50000000001 12.215462547049023 321.50000000000006 6.5000000000000009 448517.83500000002 13.025703335870601 11.724388948763094 309164.30000000005 11.921240640754862 249.50000000000003 9.5450106287562377 53994.500000000007 3354.1400000000008 1.0000000180025095e-35 12.464963614468486 248114.44944444447 36.500000000000007 138901.02633333337 13.632968027630422 2.5000000000000004 26.500000000000004
decision_type=2 2 2 2 2 2 2 2 2 2 2 2 2 2 2 2 2 2 2 2 2 2 2 2 2 2 2 2 2 2
left_child=2 -2 6 4 -4 -3 8 -8 12 -10 -11 -12 -1 16 15 -15 18 -18 28 -20 -21 22 -22 24 25 -24 -19 -28 29 -14
right_child=1 5 3 -5 -6 -7 7 -9 9 10 11 -13 13 14 -16 -17 17 26 19 20 21 -23 23 -25 -26 -27 27 -29 -30 -31
leaf_value=0.010861248112749709 -1.2904941625071593 -30.434575813368323 58.736451896957227 -1.5902846410571596 -1.34293358125483 -0.11734818649847197 -0.74146513524663094 4.3347600828632693 0.019703914014726015 24.559478332568528 170.09981479914953 -18.008716161508449 -0.050787201271781782 -1.0354600857529059 90.532069807292899 -29.330372393807821 -0.72864069977350565 -3.9945077945929786 -13.350025707957284 -0.38128759893055963 -0.69828890998223914 -0.63748366133309453 -66.92970287361797 -8.5403527924365417 -11.3521442081007 -0.55029563727935882 -32.227988563296002 -0.4327947052144489 -5.662701026452889 -1.1110959803118952
leaf_weight=18338.578169444361 34.74721123684624 0.084192724744451025 0.033528654573864142 6.7387504091207999 0.1111254870772915 0.15441033475508695 12.569893036626723 12.186895676757871 750.57822004170646 1.204741012172152 0.053086052082919243 0.0047951124168529652 3507.2345468429962 2.4086685664477994 0.14024189904598072 0.27833503982278829 6.5339215611543775 0.75046722970813917 1.2645859375211888 217.13302069657334 2.7701763959860966 43.337252334415993 0.095113470651139953 1.310779342390975 1.3116550376824856 0.073965341784060001 0.42092100727551762 0.16850027173849114 2.1592191802028529 88.193817248789856
leaf_count=2568274 38760 16077 57 4276 436 90 7237 3053 48520 9558 1126 2968 402675 82657 8983 114661 6181 750 8137 146507 485 5776 8845 5329 3700 61 6555 574 10744 58457
internal_value=-0.00486512 -2.20292 -0.00142541 5.9488 51.7262 -26.7539 -0.00346578 1.82847 -0.0055203 0.305504 95.1029 152.219 -0.0160605 -0.14342 16.2506 -11.1279 -0.159582 -6.62578 -0.144697 -0.984729 -0.876158 -3.02182 -18.6715 -31.6176 -40.3666 -63.205 -22.7795 -29.1327 -0.0820255 -0.0770991
internal_weight=23032.6 34.9858 22997.6 6.8834 0.144654 0.238603 22990.8 24.7568 22966 751.841 1.26262 0.0578812 22214.2 3875.59 2.82725 2.687 3872.76 7.87381 3864.88 267.297 266.032 48.8989 5.56169 2.79151 1.48073 0.169079 1.33989 0.589421 3597.59 3595.43
internal_count=3571509 54927 3516582 4769 493 16167 3511813 10290 3501523 62172 13652 4094 3439351 871077 206301 197318 664776 14060 650716 178840 170703 24196 18420 17935 12606 8906 7879 7129 471876 461132
is_linear=0
shrinkage=0.05


Tree=84
num_leaves=31
num_cat=0
split_feature=7 3 3 2 2 6 9 9 4 8 0 9 14 8 8 7 11 0 14 6 4 11 3 3 4 3 8 12 3 3
split_gain=89217.7 178729 33996.4 509938 108698 132316 9.45961e+06 6.16578e+06 3.98279e+06 2.36197e+06 701091 426521 601171 1.04072e+06 1.11175e+06 298781 380290 132564 1.06343e+06 122697 705068 107101 93509.3 81397.6 73975.2 117809 70891.4 63423.7 56935.7 49303.6
threshold=9657104.8350000028 118610.99500000001 78786.345000000016 13365.185000000001 78471.400000000009 13.500000000000002 18.500000000000004 33.500000000000007 1648649.7400000002 301908.94066666672 284.50000000000006 8.5000000000000018 487395.10500000004 251976.52200000003 254530.67464285719 2315195.7100000004 1.0000000180025095e-35 315.00000000000006 399601.39000000007 1.0000000180025095e-35 36206.010000000009 1.0000000180025095e-35 104316.00000000001 107996.56000000001 6291460.0200000005 102884.74500000001 273905.10321428574 5.5000000000000009 115033.45000000001 115033.45000000001
decision_type=2 2 2 2 2 2 2 2 2 2 2 2 2 2 2 2 2 2 2 2 2 2 2 2 2 2 2 2 2 2
left_child=2 -2 -1 21 19 15 11 8 -8 10 -10 12 13 29 -15 17 -17 27 23 20 -5 26 -18 -19 25 -14 -4 -6 -29 -7
right_child=1 -3 3 4 5 6 7 -9 9 -11 -12 -13 24 14 -16 16 22 18 -20 -21 -22 -23 -24 -25 -26 -27 -28 28 -30 -31
leaf_value=-0.066197566362472801 -1.8101382689515491 -19.08889731358687 -39.05069401735701 -45.960677237152602 0.077346736744547492 -0.65120353255723085 -9.9544007402499854 -21.386757980658711 195.03444089409459 -6.8584499223496556 -3.9747167915112089 -26.847492466905535 -0.29361997422085234 55.869015239443662 -3.9652964076045834 -25.545684860882474 -0.40158483563021197 -0.83432339530017652 47.100690079070802 -0.71002966384263566 -0.83974755734133633 -0.46923209512051489 -9.9756198324563101 -18.01650514734926 0.24198031503240133 -12.066262937133409 -5.034364246428928 -0.49762858551502848 -6.973574100318384 -13.221489426725695
leaf_weight=13218.12405398448 22.810742036516938 0.63095574509755792 0.097060815826499836 0.014872927536429326 8597.2080393601827 2.3967243609017075 0.22870616447111958 0.4602312000944081 0.47688637749987595 0.092064625138202905 0.0050847061600316481 0.43937789545103001 6.4733049485045973 1.1802954673767099 1.0126711997612645 1.3829503977921564 8.9187240417981108 1.6756008273572647 0.2491125430096871 293.16525505189986 6.1681620875606313 0.4082943849087427 2.623914061746917 0.31041393112136639 228.80278984874593 2.2025449192754172 0.5847441673563708 8.2131827540929319 4.9966100269898623 0.24465403990691781
leaf_count=2500281 38693 16144 201620 101662 358028 1033 5210 12739 7682 2997 1759 15623 1537 234 5545 26793 1656 858 687 145194 12628 13788 26240 4935 3122 27789 3219 2009 19754 11304
internal_value=-0.0181775 -3.03739 -0.0148805 0.0590891 0.0647117 0.09638 1.24216 102.996 146.617 175.694 191.666 0.292362 0.451734 16.3081 35.6487 0.0638255 -7.25413 0.0756495 10.1952 -0.870788 -7.33237 -24.6352 -3.2002 -8.65582 0.0618952 -4.22103 -30.22 0.0718384 -3.26588 -5.12804
internal_weight=22411.6 23.4417 22388.2 9170.03 9168.94 8869.59 244.015 1.26297 0.802742 0.574036 0.481971 242.752 242.313 4.83435 2.19297 8625.58 12.9256 8612.65 2.23513 299.348 6.18304 1.0901 11.5426 1.98601 237.479 8.67585 0.681805 8610.42 13.2098 2.64138
internal_count=3570763 54837 3515926 1015645 797018 537534 96574 30387 17648 12438 9441 66187 50564 18116 5779 440960 54689 386271 6480 259484 114290 218627 27896 5793 32448 29326 204839 379791 21763 12337
is_linear=0
shrinkage=0.05


Tree=85
num_leaves=31
num_cat=0
split_feature=6 11 14 10 3 3 6 0 14 9 3 7 3 3 3 5 0 7 14 0 8 8 3 13 9 3 3 13 5 6
split_gain=83979.8 73483.3 45096.6 31970.7 429071 377949 32295.2 1.31903e+06 3.91814e+06 107986 98361.5 31330.2 527309 855352 700890 237804 122549 83732.2 1.12701e+06 243626 72244.4 50093.3 433098 53134.5 37959.8 529036 35636.4 563282 43316.2 31985.9
threshold=35.500000000000007 1.0000000180025095e-35 2397146.9500000002 4.5000000000000009 309164.30000000005 321264.32500000007 29.500000000000004 90.500000000000014 500318.75500000012 6.5000000000000009 30363.500000000004 1586704.2650000004 692315.43000000005 749171.40000000014 365977.51000000007 11.724388948763094 321.50000000000006 1566352.1100000001 1.4779288903810087e-11 186.50000000000003 135775.08966666672 208761.8391666667 111647.50000000001 43820.560000000005 37.500000000000007 55428.500000000007 53994.500000000007 1319.7350000000004 11.657878475555753 27.500000000000004
decision_type=2 2 2 2 2 2 2 2 2 2 2 2 2 2 2 2 2 2 2 2 2 2 2 2 2 2 2 2 2 2
left_child=3 2 -2 6 -5 -6 11 8 -8 -9 -11 17 14 -14 21 -16 20 -1 19 -19 -17 22 26 29 -23 -26 -13 28 -28 -24
right_child=1 -3 -4 4 5 -7 7 9 -10 10 -12 12 13 -15 15 16 -18 18 -20 -21 -22 24 23 -25 25 -27 27 -29 -30 -31
leaf_value=0.0067664618189504358 -16.834216207718899 -1.4084061278363937 -1.117449927536811 -0.4450157138935758 34.095584020339111 -1.7331224456038403 107.47386810033214 0.23389317734618054 -2.5336792449516339 -2.3275263325638891 -20.052450870961842 -0.34564271974532379 56.914031405002234 -9.7169342013800026 -2.0770992083479847 -0.88538940120422238 -1.1031629703202779 59.598688414563014 -0.71209148077593865 -0.68501181090573027 -48.254251648355307 -0.056071353372349378 -23.151185290922015 -6.7979161938761949 -0.55402431643107697 -32.684920461893839 -38.448399441538754 -0.64030227360096004 -1.836401524466593 -0.77754780742731811
leaf_weight=20288.783717158163 0.73949987558257824 4.9006690895567351 0.82658244055709928 24.183532716511102 0.79400917341016231 1.0922735548751419 0.1382137614213369 186.51039544485621 2.6500493180650042 3.2233193741892401 0.20180798655038223 343.02205900142479 0.020073475852620259 0.45762419903500101 0.79316174765350878 0.12714206383600724 0.24506697058677673 0.021942295442614168 11.332547301416753 0.17342676811994928 0.22184141846055716 2681.7771357828251 1.2544332956269877 2.8778066235680342 41.995437229873623 0.3228608269194585 0.1079099084853849 27.922574113750869 0.20133062552109487 0.24926045537015484
leaf_count=2704736 15352 12128 811 8069 18 3309 41 12533 4206 11440 7573 145624 2223 171013 6988 200 173 229 6883 687 12653 371831 8410 5784 40022 6702 2468 5098 4411 127
internal_value=-0.00771007 -5.30951 -12.209 -0.00603365 1.7113 19.9345 -0.0080038 0.634917 29.8488 0.0519459 -7.6685 -0.0133256 -0.161307 29.7002 -0.175481 -27.2578 -38.4809 0.00929032 4.09571 50.2754 -44.4498 -0.154572 -0.695066 -14.7794 -0.0798119 -1.54815 -0.489576 -2.16657 -34.2248 -21.2363
internal_weight=23627.2 6.46675 1.56608 23620.7 26.0698 1.88628 23594.6 192.724 2.78826 189.936 3.42513 23401.9 3101.6 0.477698 3101.12 1.38721 0.59405 20300.3 11.5279 0.195369 0.348983 3099.73 375.635 4.3815 2724.1 42.3183 371.254 28.2318 0.309241 1.50369
internal_count=3571742 28291 16163 3543451 11396 3327 3532055 35793 4247 31546 19013 3496262 783727 173236 610491 20014 13026 2712535 7799 916 12853 590477 171922 14321 418555 46724 157601 11977 6879 8537
is_linear=0
shrinkage=0.05


Tree=86
num_leaves=31
num_cat=2
split_feature=7 3 3 2 2 3 6 13 13 2 1 0 3 13 2 2 2 14 8 0 3 3 2 9 1 12 2 9 2 2
split_gain=116802 258793 27386.7 932517 908800 1.20054e+07 200902 108107 89046.9 93168.3 47140.8 1.03527e+06 3.4384e+06 773135 429326 315555 231672 86892.2 40333.6 34224 124299 76366.8 27042 102383 47406 264228 1.20346e+06 46849.7 26375.5 359158
threshold=9657104.8350000028 104316.00000000001 30649.500000000004 13973.795000000002 32183.350000000002 31471.275000000005 13.500000000000002 14054.400000000001 1574017.4100000001 56181.265000000007 0 9.5000000000000018 121858.00000000001 1319.7350000000004 127513.48500000002 125469.93000000001 148180.10000000003 3689.9849999999874 273905.10321428574 321.50000000000006 100542.50000000001 104316.00000000001 1169.3550000000002 5.5000000000000009 1 1.0000000180025095e-35 123547.48500000002 28.500000000000004 226438.50000000003 223522.86000000002
decision_type=2 2 2 2 2 2 2 2 2 2 9 2 2 2 2 2 2 2 2 2 2 2 2 2 9 2 2 2 2 2
left_child=2 -2 22 6 5 -5 18 -7 10 -10 19 16 14 -14 15 -13 -12 -18 -4 28 -21 -22 23 -1 -24 26 27 -26 29 -6
right_child=1 -3 3 4 8 7 -8 -9 9 -11 11 12 13 -15 -16 -17 17 -19 -20 20 21 -23 24 -25 25 -27 -28 -29 -30 -31
leaf_value=0.19630615374669413 -2.2408246392288649 -25.982641386752377 -50.617435248464567 178.61018314852186 0.097010516906604199 -19.572455728551486 -5.0366678715380537 -1.9131861146365079 -0.87422505884172164 -11.157454595758308 -0.73409043744706737 -43.189824033068177 -103.38180971770896 -4.8401748020607727 -0.15921468340421982 -0.10102809824024386 56.982732675744458 -1.3699379284123872 -7.0370672432742012 -0.58355818371657664 -0.35125652414883246 -21.827503034643282 -0.074144388755328847 -8.9451858907766155 -61.494793066599982 -0.52191360280052446 -1.1943381281571073 -0.041858087129978926 -0.045869279902525727 8.5951032768170439
leaf_weight=1144.4611397312467 16.564328977639679 0.25963626661017158 0.09529032241570462 0.0076857827742137222 9255.3642198515918 0.021532498188528204 0.87833345329913581 7.905529011824763 6.2304503150109101 2.5787956457160002 0.20032169452531759 0.014007043421190635 0.0015783931310675006 0.37831256973159183 123.81596685674002 0.73986112353041356 0.0021879825499744208 0.01900100514020207 0.45944025674758399 13.820970253121047 0.67993221603319454 0.21224514309069442 9088.0747461457941 2.0714488440123651 0.034151741931386405 70.828860959007102 5.315453882488554 0.03354651853488607 3948.6978663217178 11.450109574543601
leaf_count=57694 38205 16571 333299 3363 179561 142980 6922 20105 2222 27883 3845 48678 277830 169666 86007 687 2846 1848 6861 1973 125 1591 916031 3367 749923 250408 103498 19730 94065 1875
internal_value=0.00136186 -4.04468 0.00440679 0.0516151 0.0572428 15.9983 -30.8999 -4.14883 0.0465814 -4.71558 0.0500757 -0.875765 -1.38213 -79.8768 -0.508507 -25.0735 44.8791 54.5506 -42.2684 0.059518 -2.27257 -14.2985 -0.056823 0.172005 -0.0854676 -1.24621 -11.153 -59.6079 0.0623315 0.108438
internal_weight=23701.2 16.824 23684.4 13373.6 13372.1 7.93475 1.43306 7.92706 13364.2 8.80925 13355.4 125.171 124.95 0.379891 124.57 0.753868 0.221511 0.021189 0.554731 13230.2 14.7131 0.892177 10310.8 1146.53 9164.29 76.212 5.38315 0.0676983 13215.5 9266.81
internal_count=3569659 54776 3514883 1414232 1067150 166448 347082 163085 900702 30105 870597 591407 582868 447496 135372 49365 8539 4694 340160 279190 3689 1716 2100651 61061 2039590 1123559 873151 769653 275501 181436
cat_boundaries=0 1 2
cat_threshold=2 2
is_linear=0
shrinkage=0.05


Tree=87
num_leaves=31
num_cat=1
split_feature=6 3 11 0 3 3 2 13 12 0 8 3 2 13 6 2 6 2 11 7 3 10 1 2 7 0 13 3 6 14
split_gain=72431.7 59532 44491.6 624712 457819 35837.7 609214 305058 209906 132862 706815 941720 254189 5.52073e+06 626164 91888.1 91474.9 136292 87897.3 196992 84233.2 68384.1 56064.6 9.24093e+06 2.26651e+06 901448 2.17671e+06 613932 42161.6 5.67694e+06
threshold=35.500000000000007 99704.085000000006 11.500000000000002 16.500000000000004 300659.00000000006 73433.195000000022 17751.890000000003 63815.27000000007 5.5000000000000009 277.50000000000006 1.0000000180025095e-35 94470.000000000015 121498.39000000001 1319.7350000000004 17.500000000000004 73150.085000000006 6.5000000000000009 53004.80000000001 1.0000000180025095e-35 1059613.4650000005 107996.56000000001 2.5000000000000004 0 125469.93000000001 599086.2100000002 9.5000000000000018 1319.7350000000004 121858.00000000001 13.500000000000002 3.5106495488435035e-10
decision_type=2 2 2 2 2 2 2 2 2 2 2 2 2 2 2 2 2 2 2 2 2 2 9 2 2 2 2 2 2 2
left_child=2 -2 5 -4 -5 -1 7 8 -7 15 11 -11 16 14 -14 18 -12 -18 19 20 -8 22 23 24 -17 -25 27 -27 -24 -30
right_child=1 -3 3 4 -6 6 9 -9 -10 10 12 -13 13 -15 -16 21 17 -19 -20 -21 -22 -23 28 25 -26 26 -28 -29 29 -31
leaf_value=-0.054336640819122262 -2.5926115028045138 -15.700091811543016 -1.2741469811684152 -0.34583489334673656 45.880049180438583 -52.366676546503072 -1.9265528822587044 -0.50544127925473081 -0.31355208893218772 -2.3980443001267857 -0.0075254930267526976 -52.59802144738461 -115.6553641709022 -0.4195951092136026 -12.579573835126666 162.14414814010414 -0.88962584873992334 -19.904108981541569 -0.49135520951032324 -23.29914011525878 -16.274708570333452 -5.7217157800625946 0.10726286002287524 41.464402873675937 -2.0148304559175112 -1.3881160559356089 -0.22346939622563644 -82.95321408692476 90.9412005442598 0.24475256144481375
leaf_weight=13329.036628164102 6.882002301844329 0.1238535277306817 13.496135592643506 0.87285829010927163 0.32718154999302285 0.02155226880266925 29.493332023307659 0.70419349889790295 0.25418813526630402 2.6602465197966487 278.09976495354897 0.5317573900016529 0.18791968673448328 37.056880924927384 0.48524735898084709 0.10011316836426268 3.0249396746554651 0.43975085238172607 169.24368163219685 0.21058279562666982 0.090059111127628877 3.9689248912818575 8015.4822961578939 0.2488845164067176 0.22992348620864397 0.34182222727652456 75.406741982259035 0.033675846457041581 0.73260826813651547 412.79983313444887
leaf_count=2490901 19497 8735 15457 574 203 251296 17061 15553 553 3131 21587 23708 43304 14066 7226 1090 5593 11669 49986 25028 78645 9347 350099 629 981 5974 10450 11702 10654 67070
internal_value=-0.00206579 -4.75709 -0.000364233 2.66073 27.3806 -0.0022323 0.0746593 -27.6574 -42.2449 0.0807309 -0.914287 -21.3144 -0.644421 -4.44233 -93.283 0.117679 -0.121558 -7.2217 -0.941613 -3.40011 -2.50111 0.142565 0.145975 1.40777 132.247 -0.686796 -1.36352 -63.6964 0.13255 0.624436
internal_weight=22382.6 7.00586 22375.6 14.6962 1.20004 22360.9 9031.85 0.979934 0.27574 9030.87 322.487 3.192 319.295 37.73 0.673167 8708.38 281.564 3.46469 199.038 29.794 29.5834 8509.34 8505.38 76.3612 0.330037 76.0311 75.7822 0.375498 8429.01 413.532
internal_count=3571769 28232 3543537 16234 777 3527303 1036402 267402 251849 769000 130284 26839 103445 64596 50530 638716 38849 17262 170720 120734 95706 467996 458649 30826 2071 28755 28126 17676 427823 77724
cat_boundaries=0 1
cat_threshold=16
is_linear=0
shrinkage=0.05


Tree=88
num_leaves=31
num_cat=0
split_feature=6 0 3 4 4 4 6 3 13 3 3 9 9 9 3 13 4 9 8 2 2 0 0 6 11 0 13 13 2 13
split_gain=102591 66280.9 662854 1.2373e+07 2.00244e+07 2.15312e+06 50125.3 45684.4 45057.8 32103.4 154442 3.60023e+06 533701 700345 436642 1.35577e+06 191399 201518 114472 148475 108663 78727.7 423688 891633 365825 189465 555420 120273 113038 62913.6
threshold=35.500000000000007 310.50000000000006 129818.50000000001 1200126.3300000003 190266.51500000004 288732.22000000003 30.500000000000004 66098.000000000015 3354.1400000000008 156821.69000000003 115033.45000000001 16.500000000000004 12.500000000000002 15.500000000000002 125479.34000000001 1.4042598195374014e-09 1674816.4800000002 96.500000000000014 473245.44450000004 191770.58500000002 156830.25500000003 303.50000000000006 302.50000000000006 4.5000000000000009 1.0000000180025095e-35 287.50000000000006 8662.8550000000214 2.501110429875553e-11 127513.48500000002 790694.30500000028
decision_type=2 2 2 2 2 2 2 2 2 2 2 2 2 2 2 2 2 2 2 2 2 2 2 2 2 2 2 2 2 2
left_child=1 6 -3 4 -4 -6 9 -2 -8 10 -1 12 14 -14 15 -12 17 -13 21 -20 -16 22 25 -24 -23 29 28 -25 -27 -11
right_child=7 2 3 -5 5 -7 8 -9 -10 18 11 16 13 -15 20 -17 -18 -19 19 -21 -22 24 23 27 -26 26 -28 -29 -30 -31
leaf_value=-0.052103720586777459 -3.5366895453336009 0.096111537029340388 -5.3580823474538235 -0.14254566770449148 -1.6066215281742453 295.92060159279242 -8.298959449386885 -16.320265571654229 -1.0802632277623239 0.091648245350741536 -64.969495460595326 -93.295923795698542 -10.039775822373443 52.556778315580175 -0.2378677153624508 -4.4128020789407527 -12.071903545185389 -6.4296770193914714 -1.9679055419846432 -22.091788602901271 -4.6253972498481257 -27.102288329575813 -1.9559021484261683 59.604083156452738 -0.49523410912093307 -1.1758660607462408 -0.35958309654933773 -1.291597671424618 -43.327942780671343 -3.6077756182012806
leaf_weight=15236.198537768147 4.301786447215231 848.33257707437645 1.3913354922389642 40.410960011433687 0.05325248464941975 0.0060397459373153 2.355997814941035 0.14849575314078212 7.1366935609816951 5441.8539196822167 0.051995319452203925 0.14685496263667691 0.32247965342431234 0.042867556830696374 230.29767316130938 9.287457395411078 0.53454798391500902 0.2403293819483549 3.9570127954662722 0.29625277288452512 14.044144952756538 0.49945307705577313 1.6419645898753314 0.0092773325744887614 9.6240482277132031 0.25198167515939807 4.5901661293374465 0.042865634214854509 0.13672786773503387 10.517314543549217
leaf_count=2603500 18913 55116 5856 4295 986 4597 15561 9409 11733 610768 16844 11912 1607 706 40892 4895 2674 923 16085 12177 11094 26761 2233 953 6731 14420 2769 948 11586 45270
internal_value=-0.0212915 -0.0195806 0.402741 6.46931 115.559 279.442 -0.0375236 -6.88029 -3.49253 -0.0357924 -0.0725697 -1.29056 -0.771742 30.4152 -0.935925 -11.0015 -69.4721 -82.885 0.06829 -7.30907 -0.507897 0.0753632 0.0839113 19.9074 -4.12685 0.0741106 -8.82179 55.8908 -36.5298 0.0838511
internal_weight=21868.7 21864.3 890.194 41.8616 1.45063 0.0592922 20974.1 4.45028 9.49269 20964.6 15491.2 254.968 254.047 0.365347 253.681 9.33945 0.921732 0.387184 5473.42 4.25327 244.342 5469.17 5459.04 1.69411 10.1235 5457.35 4.97888 0.052143 0.38871 5452.37
internal_count=3572214 3543892 70850 15734 11439 5583 3473042 28322 27294 3445748 2695047 91547 76038 2313 73725 21739 15509 12835 750701 28262 51986 722439 688947 4134 33492 684813 28775 1901 26006 656038
is_linear=0
shrinkage=0.05


Tree=89
num_leaves=31
num_cat=1
split_feature=1 3 0 2 3 14 6 0 2 10 3 2 9 4 0 2 3 0 4 9 13 2 2 2 3 2 3 2 13 9
split_gain=48810.9 1.53561e+06 4.81182e+06 193093 2.19048e+06 2.33666e+06 286614 68809.9 48428.9 41990 31347.1 141151 231364 1.43776e+06 176921 218069 101834 43807.5 43463.8 431685 31706.8 200382 66228 31124.2 28166.2 274664 3.64134e+07 1.42845e+07 1.70533e+06 1.08009e+06
threshold=0 111647.50000000001 9.5000000000000018 123547.48500000002 1060.5000000000002 16696.865000000002 6.5000000000000009 9.5000000000000018 334744.60000000003 5.5000000000000009 70207.810000000012 69595.540000000023 5.5000000000000009 36206.010000000009 36.500000000000007 4133.3600000000006 61211.880000000012 11.500000000000002 240623.53500000003 5.5000000000000009 3354.1400000000008 189306.45500000005 194290.97000000003 113714.07000000002 203917.35500000001 191770.58500000002 188459.50000000003 245739.89500000005 1.0000000180025095e-35 4.5000000000000009
decision_type=9 2 2 2 2 2 2 2 2 2 2 2 2 2 2 2 2 2 2 2 2 2 2 2 2 2 2 2 2 2
left_child=10 3 -3 4 -2 6 -6 8 -5 -10 16 12 -12 -14 -15 -16 23 20 -18 -20 21 -13 -23 -1 25 -19 29 28 -28 -27
right_child=1 2 -4 7 5 -7 -8 -9 9 -11 11 17 13 14 15 -17 18 24 19 -21 -22 22 -24 -25 -26 26 27 -29 -30 -31
leaf_value=-0.012330136737758393 -0.37464832454516728 55.349087081568555 -104.25891072550878 -1.4933782537895968 -109.70106960521971 -8.4891015823137774 -3.7536295855598336 -0.002371329383815097 -19.528358083560544 -0.65847360347468742 -0.73127039429360352 -0.74221023647919371 -1.1875772589536333 -2.0684354745832723 -7.3806212246412475 -61.780523043270229 -1.4862343578109893 0.10712944748532122 -1.5035724750564932 -34.136022070028453 -0.84032610669524765 -0.23285673604387014 -28.062072686491941 -0.23230025415057184 -0.019412730023769573 0.15550821639732351 362.46905157544239 -2.3489835315865424 -3.0458848414647117 -45.242887902161527
leaf_weight=9523.0318649044511 43.924942855250549 0.0010566403262931559 0.18316729922195241 2.3822881990462492 0.024090011043080367 2.3095361315813916 0.14659261644922097 461.37475488168513 0.02649144405850401 0.5165537309326963 165.79133859741989 6.505807706182174 15.32141294369195 0.31746983528137185 0.57131815864836299 0.38169615106782262 41.090986004022142 6353.5955426957053 9.5976482176359053 0.14840585957290287 28.620518716061259 0.2907949390937577 0.040447253268215244 1933.8553106931759 3667.7983724325213 129.72318143410914 0.0027613925743656216 0.37100721521034213 0.015862328975148849 0.32344759812673274
leaf_count=416565 543820 14519 739249 2328 548901 63143 8010 380861 2664 586 24782 909 3741 407 831 14044 8001 44887 3652 3876 3250 43 1355 640326 54844 21456 583 2223 468 19809
internal_value=-0.014081 -0.49196 -57.3736 -0.368963 -3.40867 -41.593 -99.645 -0.0584715 -6.65048 -13.6414 -0.00267308 0.0603721 -1.3145 -6.76915 -43.9088 -49.6485 -0.0594865 0.0851135 -2.27064 -5.13131 -1.64505 -4.47599 -22.1618 -0.0494773 0.0913184 0.153949 2.41636 257.007 353.782 -0.301748
internal_weight=22388.3 510.889 0.184224 510.705 46.4052 2.48022 0.170683 464.3 2.92533 0.543045 21877.4 10369.7 182.383 16.5919 1.27048 0.953014 11507.7 10187.3 50.837 9.74605 35.4576 6.83705 0.331242 11456.9 10151.8 6484.03 130.436 0.389631 0.0186237 130.047
internal_count=3570133 2304081 753768 1550313 1163874 620054 556911 386439 5578 3250 1266052 193632 43805 19023 15282 14875 1072420 149827 15529 7528 5557 2307 1398 1056891 144270 89426 44539 3274 1051 41265
cat_boundaries=0 1
cat_threshold=2
is_linear=0
shrinkage=0.05


Tree=90
num_leaves=31
num_cat=0
split_feature=13 3 3 2 4 0 12 0 3 2 11 2 13 9 7 3 7 2 3 9 4 4 8 12 3 8 2 9 3 7
split_gain=23756.8 27182.3 23278.9 590241 60736.6 58362.3 57057.8 51000.9 102047 31920.5 163757 28458.9 26465.6 26145.8 2.04003e+06 1.07596e+06 440946 351940 1.81625e+06 314049 822306 319650 265708 202176 757082 69691.4 50607.6 46753.3 73561.9 38244
threshold=1951024.6100000001 30363.500000000004 49735.500000000007 15015.625000000002 36206.010000000009 8.5000000000000018 5.5000000000000009 321.50000000000006 174408.02000000005 49926.545000000006 1.0000000180025095e-35 113714.07000000002 221350.16000000006 12.500000000000002 2787846.8000000003 55428.500000000007 3478084.27 359463.52500000008 121858.00000000001 11.500000000000002 1990446.5750000002 2139129.1300000004 190330.22891025647 1.5000000000000002 98083.380000000019 473245.44450000004 125469.93000000001 16.500000000000004 105516.50000000001 2003168.8400000003
decision_type=2 2 2 2 2 2 2 2 2 2 2 2 2 2 2 2 2 2 2 2 2 2 2 2 2 2 2 2 2 2
left_child=2 -2 11 4 -4 -5 12 9 -9 10 -7 -1 -6 19 17 -16 -17 23 -19 25 -21 -22 -18 27 26 -11 -25 28 -15 -29
right_child=1 -3 3 5 6 7 -8 8 -10 13 -12 -13 -14 14 15 16 22 18 -20 20 21 -23 -24 24 -26 -27 -28 29 -30 -31
leaf_value=-0.021750635041452807 -0.45616156215598846 -3.1921983150162831 -5.7188758389405265 -6.291926692853778 -32.916348528501587 -18.19337804207338 -0.66873912219817266 -1.493861454315045 -17.817668376326015 0.1151397029578764 -0.57239660588456143 -0.25088921825576865 -0.045284883468334564 -1.3701885845482222 -1.9281224352722965 -14.45463725852581 -6.3082595248938231 -0.095690621675959209 -60.690708668570096 -3.6759667590791412 59.144829449599129 -2.856497264157198 -76.990589246274624 -6.5382134335052555 -31.938610661578856 -5.796159226362569 -0.11339453701839525 0.023407814019785842 -13.9700153504412 0.76441419515209164
leaf_weight=9254.945897661968 43.63365117146013 10.62218812588044 1.090797647596552 2.6257186381772035 0.62525451054883929 0.33656231828359651 0.21151876778458245 7.9221572374457061 0.13101525227343724 7817.6143580869766 109.01565130391458 1586.5732309945506 0.066814849667063525 7.3742512841660828 2.122603871721461 1.4361338461922153 0.35812626268366166 7.7844171537190281 0.47093890936318761 1.6870838807848292 0.030621610101661617 0.15042482103728619 0.51624280561212543 2.8519721214130831 1.3062541372801089 3.9895188249747653 15.191789083129466 4033.1143804811659 0.44382042261831056 180.98637507111425
leaf_count=1369283 38270 26588 260027 5876 31210 157743 2934 4903 7968 404975 35561 922877 6670 1862 2635 14786 3188 10664 17475 3430 97 1323 44889 1509 28960 14948 3404 124620 7512 14814
internal_value=-0.00447783 -1.03999 -0.0019942 0.0453817 -22.1508 0.0508269 -28.5597 0.0527088 -3.69876 0.0554915 -0.79105 -0.0553038 -31.6481 0.0632216 -0.0365391 -30.6552 -48.4903 0.00260573 -9.73684 0.117464 16.6597 48.8251 -66.8539 0.0238548 -4.94789 0.111383 -1.41916 0.0478089 -3.58916 0.0554074
internal_weight=23095.2 54.2558 23041 12199.5 1.99439 12197.5 0.903588 12194.8 8.05317 12186.8 109.352 10841.5 0.692069 12077.4 4253.96 4.43311 2.3105 4249.52 8.25536 7823.47 1.86813 0.181046 0.874369 4241.27 19.35 7821.6 18.0438 4221.92 7.81807 4214.1
internal_count=3571001 64858 3506143 1213983 300841 913142 40814 907266 12871 894395 193304 2292160 37880 701091 276318 65498 62863 210820 28139 424773 4850 1420 48077 182681 33873 419923 4913 148808 9374 139434
is_linear=0
shrinkage=0.05


Tree=91
num_leaves=31
num_cat=1
split_feature=3 2 0 3 13 13 2 13 2 7 3 2 10 8 3 2 2 3 3 1 3 3 2 12 2 2 4 3 7 2
split_gain=31206 501877 118484 78917 58428.6 43786.7 38720.6 36048.2 29003.6 554045 1.52709e+07 1.25736e+07 5.7182e+06 151610 139781 824904 109077 384224 100524 98084.9 3.08901e+06 1.66542e+06 178747 65812.9 102303 51744.4 49886.6 45122.5 31004.1 28943.8
threshold=49735.500000000007 11075.645000000002 321.50000000000006 106760.50000000001 1951024.6100000001 363947.33500000002 32183.350000000002 14054.400000000001 191770.58500000002 7167.3950000000013 188459.50000000003 946715.66500000015 1.0000000180025095e-35 473245.44450000004 64171.44000000001 196805.11000000002 209716.81500000003 118610.99500000001 80678.000000000015 0 107996.56000000001 118610.99500000001 127513.48500000002 5.5000000000000009 56181.265000000007 123547.48500000002 8000365.4750000006 100542.50000000001 858996.84000000008 282487.21500000003
decision_type=2 2 2 2 2 2 2 2 2 2 2 2 2 2 2 2 2 2 2 9 2 2 2 2 2 2 2 2 2 2
left_child=-1 5 4 -4 6 -2 7 -3 19 10 14 12 -12 16 -10 -16 17 -11 -15 20 22 -22 25 -21 -25 -8 29 -28 -26 -18
right_child=1 2 3 -5 -6 -7 8 -9 9 13 11 -13 -14 18 15 -17 26 -19 -20 23 21 -23 -24 24 28 -27 27 -29 -30 -31
leaf_value=-0.070139511576901487 -24.340344967843006 -9.0384780910343689 -2.0693450066579917 -17.676579225527515 -4.6268270790973949 -0.025506944239300812 -24.42870311706379 -1.2877041510719156 -0.15591586850622022 -0.30601936396190133 -276.43476962662044 41.692485036525433 -0.089563041943745092 -0.73342324535904491 -0.44722984535782495 -47.846184672693909 -0.24448477735628882 -22.951529828856117 -22.050291781853154 0.10920700094215595 -1.2763893830121962 110.02904806686963 -0.17293837953119384 -0.802940251650897 -1.3763982920043141 -0.1095651726129615 -0.39235881574230935 -12.983301112021437 -12.361398263214156 0.11962042414943158
leaf_weight=10258.158675760071 1.293102890739964 1.0824250944157903 2.4245062801446631 0.52074711461046375 5.6600632827030486 0.20415250939790874 0.057889865011510389 7.0415888005966751 62.522425020238657 9.7006138562961475 0.087052170235306564 0.24923945561336325 0.22696447958878971 1.0947868054021146 6.3013615058162573 0.078400113490362133 659.99047685161759 1.3298121116744361 0.29012883243206733 8416.5589650149668 0.46892696328511629 0.013102471744749766 13.239721331897149 14.604647374630909 1.1624032890760463 0.28768143153705883 1.5876644344354072 0.39450034709931214 2.089356719002267 3131.9150689033286
leaf_count=2334606 239644 161035 3623 9751 23619 5455 2626 20583 9472 6388 17686 1465 73 1496 570 20030 89882 23216 11669 411626 391 4919 1740 4526 1346 109 1099 6436 23044 134093
internal_value=-0.00569705 0.0478637 0.0523952 -8.61113 0.0551614 -22.3648 0.0576856 -3.19839 0.0600917 -0.0531449 -4.44625 -158.979 -228.775 0.0281752 -0.926679 -7.43489 0.0360664 -4.7174 -12.5745 0.11204 3.23645 73.9464 -1.95104 0.102487 -2.84809 -19.3144 0.0511275 -6.4133 -9.68307 0.056198
internal_weight=22600.6 12342.5 12341 2.94525 12338 1.49726 12332.4 8.12401 12324.3 3875.77 69.4654 0.563256 0.314017 3806.3 68.9022 6.37976 3804.92 11.0304 1.38492 8448.48 14.0673 0.482029 13.5853 8434.42 17.8564 0.345571 3793.89 1.98216 3.25176 3791.91
internal_count=3572218 1237612 992513 13374 979139 245099 955520 181618 773902 323575 49296 19224 17759 274279 30072 20600 261114 29604 13165 450327 9785 5310 4475 440542 28916 2735 231510 7535 24390 223975
cat_boundaries=0 1
cat_threshold=16
is_linear=0
shrinkage=0.05


Tree=92
num_leaves=31
num_cat=1
split_feature=6 3 7 3 2 3 2 13 4 0 3 1 3 4 2 2 2 7 3 4 2 10 8 6 3 8 4 3 9 14
split_gain=67487.4 242322 66220.5 31599.6 488911 67918.7 144524 940926 104275 56755.9 221669 49173.3 1.22909e+06 2.84858e+06 301049 48530.1 40442.3 1.38523e+07 2.03613e+07 44573.5 829269 391985 42778.5 726200 604746 81709.6 1.54719e+06 5.07904e+06 4.35556e+06 1.1439e+06
threshold=30.500000000000004 99704.085000000006 6503382.7800000003 49116.785000000011 13973.795000000002 39728.500000000007 125469.93000000001 2.9785951483063406e-11 6291460.0200000005 321.50000000000006 55428.500000000007 0 111647.50000000001 40471.905000000006 125469.93000000001 123547.48500000002 54538.475000000013 7167.3950000000013 66098.000000000015 8456741.9550000019 346368.02500000008 1.5000000000000002 217919.19333333333 11.500000000000002 53994.500000000007 301908.94066666672 1990446.5750000002 278687.50000000006 11.500000000000002 829426.33000000007
decision_type=2 2 2 2 2 2 2 2 2 2 2 9 2 2 2 2 2 2 2 2 2 2 2 2 2 2 2 2 2 2
left_child=3 -2 -3 5 -5 -1 7 8 -7 11 -11 16 14 -14 15 -13 17 18 -6 22 -21 -22 23 -18 -25 26 29 -28 -29 -24
right_child=1 2 -4 4 9 6 -8 -9 -10 10 -12 12 13 -15 -16 -17 19 -19 -20 20 21 -23 25 24 -26 -27 27 28 -30 -31
leaf_value=-0.040092320439443038 -1.2509677987147758 -1.2451041014912763 -27.705496439729984 -19.785351384593493 280.4085062717989 -49.764832877799186 -0.29243061690174404 -2.083003111589504 -0.0014787075115726734 -0.16739432350328926 -21.258638433888542 -29.379311555583474 -93.182565687875538 37.319794276739479 -0.22468961574411389 -0.004542718162170634 0.010774906032578359 -0.18181347562535102 -0.29251848201097702 -2.0265131985548552 -4.8427070307236058 50.728810662893579 0.28306103657232318 -0.24754853388585027 -27.51483672364073 0.048272350170603565 0.98362880716363055 -6.7794193849138695 160.02116082633711 20.206252431010824
leaf_weight=9845.4761387213912 28.937196376912105 0.42208852060248392 0.15811863757917632 2.1006863677976062 0.089348375800383129 0.24033207044397575 56.178356074400902 16.964976786653157 0.11531613439004185 6.82076912382992 0.52875368162993464 0.038032392550500782 0.021048661548512169 0.015769703673519243 110.34173370094571 0.16338680055061511 8059.9015584310109 399.25614485483356 1.5823054593984831 9.0470024052648608 0.21471503536256117 0.20439052263133964 1361.2511323574147 3.8201330508212918 3.3936548993693427 3189.3246655555795 5.4794695713486927 0.49370210518572244 0.075086628457616045 6.243288162352882
leaf_count=2205952 38662 985 16583 290316 2010 45695 30460 7319 204 1025 11852 69846 91744 467047 55499 382 130047 25232 6126 2670 464 58 18157 1589 12115 25464 7517 1268 851 5255
internal_value=0.0128033 -2.33694 -21.4288 0.0159099 0.0667001 -0.0514776 -1.5555 -5.41235 -45.5366 0.0713731 -4.04974 0.0739844 -0.927496 -55.1983 -0.497828 -25.3924 0.083195 0.577032 114.05 0.0675513 3.32926 38.9046 0.0648429 -0.00436638 -14.8639 0.18718 0.509445 23.8759 103.204 0.388723
internal_weight=23108.9 29.5174 0.580207 23079.4 13160.4 9918.98 73.499 17.3206 0.355648 13158.3 7.34952 13151 110.58 0.0368184 110.543 0.201419 13040.4 400.928 1.67165 12639.4 9.46611 0.419106 12630 8067.12 7.21379 4562.87 1373.54 6.04826 0.568789 1367.49
internal_count=3572394 56230 17568 3516164 1226534 2289630 83678 53218 45899 936218 12877 923341 684518 558791 125727 70228 238823 33368 8136 205455 3192 522 202263 143751 13704 58512 33048 9636 2119 23412
cat_boundaries=0 1
cat_threshold=2
is_linear=0
shrinkage=0.05


Tree=93
num_leaves=31
num_cat=0
split_feature=4 3 6 3 2 6 9 13 3 4 7 13 6 3 3 6 3 13 3 9 2 7 3 3 13 3 2 3 3 4
split_gain=32334 122290 104807 775952 102844 27607.8 26128 21807.2 46256.1 19383.2 350596 705075 131678 1.01358e+06 282920 57564.7 431270 291009 17905.6 28770.7 16030 320175 2.35608e+07 1.71089e+07 7.45271e+06 424816 76403.1 1.14575e+06 69092.8 74157.1
threshold=8000365.4750000006 111647.50000000001 34.500000000000007 118610.99500000001 159029.94000000003 30.500000000000004 6.5000000000000009 1951024.6100000001 139520.00000000003 7170104.330000001 111746.78500000002 19515.355000000007 29.500000000000004 78786.345000000016 121858.00000000001 19.500000000000004 98083.380000000019 6.2755134422332059e-10 53994.500000000007 7.5000000000000009 201885.82500000004 7167.3950000000013 121858.00000000001 1351313.6350000002 5938.3350000000328 1640306.2100000002 199425.23500000002 200540.16500000001 1.0000000180025095e-35 44603.125000000007
decision_type=2 2 2 2 2 2 2 2 2 2 2 2 2 2 2 2 2 2 2 2 2 2 2 2 2 2 2 2 2 2
left_child=2 -2 5 -4 -3 7 -7 9 -9 12 11 -11 15 -14 -15 20 18 -18 -17 -20 26 22 28 24 -24 -25 -1 -28 29 -22
right_child=1 4 3 -5 -6 6 -8 8 -10 10 -12 -13 13 14 -16 16 17 -19 19 -21 21 -23 23 25 -26 -27 27 -29 -30 -31
leaf_value=0.018403343299318722 -0.5000549394084004 -1.9781045095141541 -2.5232036771846094 42.078551616689673 -17.720425185654861 -0.91236950586486465 -7.7092407988886453 -0.79166811118855229 -8.8869771271400761 -0.19062868112251929 0.19674423398671187 43.860159421889854 -0.64059440888188501 58.730957089820755 -3.4623512199271058 -0.46110480774170015 -37.612159385303222 -4.8643386240618716 -0.73711326374985731 -10.170337622547256 -18.738291392065431 -0.0088512421999996978 -343.13155323982767 57.960409951385003 -0.0063391137427594091 -4.2398750251891961 -0.84175465976935415 52.463540125559192 -0.28401502883225954 -0.81230026912265041
leaf_weight=19045.7294115396 96.311021695030618 2.9025839576421371 4.3164864168580568 0.22448441818724241 0.92408541837323666 5.002492162822799 1.1762563604079517 32.013534468802909 0.89100186853413887 2.6016956716802033 420.54938330903133 0.38845939232044235 6.9745264402824301 0.030223032622272425 0.094549320088364266 125.63894938946878 0.29517735025768255 2.2105358113004225 2.7793324489420872 0.25582211888761941 0.058894479028416602 4873.6633908112562 0.0081981197743933309 0.025852754759283503 0.18779535591602325 0.20225593812821629 10.887557056564381 0.10769604667513633 149.60793392628696 1.4831769583724745
leaf_count=2467248 58193 11222 11425 4834 12748 7866 9936 37461 16841 690 10403 83 3856 163 1717 82772 23111 18102 2054 2285 518 642303 18894 308 26 4265 8644 2893 101008 8818
internal_value=-0.00249746 -0.894683 0.00115734 6.87695 -8.66443 -0.000385963 -3.10065 0.000515717 -1.26668 0.00225921 0.337186 15.0888 -0.00361113 6.37065 50.4202 -0.00574329 -1.04633 -18.3519 -0.570366 -3.85684 -3.1584e-05 -0.0794623 -2.3349 -204.758 -289.263 44.2603 0.020917 4.01011 -0.424869 -8.60084
internal_weight=24787.5 100.138 24687.4 4.54097 3.82667 24682.9 6.17875 24676.7 32.9045 24643.8 423.54 2.99016 24220.2 7.0993 0.124772 24213.1 131.18 2.50571 128.674 3.03515 24082 5025.24 151.574 0.424102 0.195993 0.228109 19056.7 10.9953 151.15 1.54207
internal_count=3570687 82163 3488524 16259 23970 3472265 17802 3454463 54302 3400161 11176 773 3388985 5736 1880 3383249 128324 41213 87111 4339 3254925 776140 133837 23493 18920 4573 2478785 11537 110344 9336
is_linear=0
shrinkage=0.05


Tree=94
num_leaves=31
num_cat=0
split_feature=6 3 2 4 6 13 3 13 2 0 7 0 13 2 3 13 3 8 3 0 2 0 2 4 6 3 13 4 2 3
split_gain=88906.2 257501 52060.6 48282.1 66177.1 27220.2 31525.6 20786.5 20511.7 20008.1 34151.6 33405.6 83448.4 949531 394258 953187 151801 100396 47094.9 39232.1 123956 3.22418e+06 2.3286e+06 241103 64009.7 672417 87785.8 143567 89791.9 50358.7
threshold=30.500000000000004 99704.085000000006 28429.565000000006 15890731.275000002 1.0000000180025095e-35 1951024.6100000001 174408.02000000005 8.2218321040272723e-10 107905.28000000001 129.50000000000003 9657104.8350000028 139.50000000000003 24878.410000000007 30273.515000000003 196097.88500000004 1.4042598195374014e-09 104316.00000000001 291855.16450000007 57027.320000000007 153.50000000000003 17751.890000000003 143.50000000000003 13973.795000000002 274325.98500000004 17.500000000000004 106760.50000000001 90861.095000000176 13133900.195000002 3244.5300000000007 53994.500000000007
decision_type=2 2 2 2 2 2 2 2 2 2 2 2 2 2 2 2 2 2 2 2 2 2 2 2 2 2 2 2 2 2
left_child=3 7 -3 5 -5 9 -7 -2 -8 -1 11 12 13 16 18 17 -11 -16 -15 20 21 -13 -23 -24 -21 29 27 28 -27 -26
right_child=1 2 -4 4 -6 6 8 -9 -10 10 -12 19 -14 14 15 -17 -18 -19 -20 24 -22 22 23 -25 25 26 -28 -29 -30 -31
leaf_value=0.049733101412375039 -4.6637071050884913 -0.86274722437290452 -28.497769494272429 4.5905837004713339 -1.0848329493199331 -1.0257293547720945 -0.81139180482568607 -0.7721648535247484 -12.139154338640839 -50.042049814348388 -6.1480248497080137 -0.232191751262811 -0.10575062686527668 -0.31524939862998608 -60.650007407966328 -0.36758786345998562 -1.1024825877062507 -4.5811969842084617 -2.6895257994208817 -0.03913639482509184 0.1602114035352051 -1.0399462331562226 -0.1414189716910017 121.23514975879311 -0.44666301452659235 -0.091118816621219012 -5.7461828324391586 -0.2543390371906562 -47.336963338470724 -5.8879352120667408
leaf_weight=8599.7091468155832 3.585734508653581 0.27597329020500216 0.15628399923090663 12.020910317946525 7.9508311767979682 30.467424547503505 0.8672018607115588 15.963850072574143 0.11943865922750929 0.15008889697378958 1.2924756986049022 33.890678022374416 898.95261767015427 170.46072204191606 0.0048676051418315427 2.9936305796751794 0.23749341303635507 0.2809736894696449 22.868965283763941 12803.311098788834 1167.2070837972647 0.67556827655061802 0.040131147950887625 0.0093571422624326162 105.9003079785584 0.11480322061107073 0.82335721607158818 0.24644991755485535 0.13629028705755319 3.444886984810025
leaf_count=809947 20042 1391 16207 943 11179 41930 5568 18490 12274 65433 11777 22747 80616 68981 17368 790 16464 2796 12410 2137884 46692 6098 910 69 90277 354 11555 179 31202 6418
internal_value=-0.0139467 -3.26724 -23.7788 -0.0110856 2.38695 -0.0131944 -1.46025 -1.6784 -7.60534 -0.0112216 -0.0456797 -0.0447568 -0.310546 -1.23981 -0.944039 -15.958 -42.4639 -51.9649 -0.608523 -0.0241 0.249021 3.15489 69.8354 116.454 -0.0495354 -1.24146 -27.8769 -36.204 -43.0784 -0.66994
internal_weight=23884.2 19.9818 0.432257 23864.2 19.9717 23844.2 31.4541 19.5496 0.986641 23812.8 15213 15211.7 1095.95 196.997 196.609 3.27947 0.387582 0.285841 193.33 14115.8 1201.82 34.6157 0.725057 0.0494883 12914 110.666 1.3209 0.497543 0.251094 109.345
internal_count=3568991 56130 17598 3512861 12122 3500739 59772 38532 17842 3440967 2631020 2619243 264858 184242 102345 20954 81897 20164 81391 2354385 76516 29824 7077 979 2277869 139985 43290 31735 31556 96695
is_linear=0
shrinkage=0.05


Tree=95
num_leaves=31
num_cat=0
split_feature=4 6 0 9 0 12 2 2 11 13 9 14 2 4 2 2 9 2 2 2 9 6 2 2 9 4 0 0 4 2
split_gain=30119.6 105072 1.20813e+06 174269 26428.1 24160.2 94409.6 938004 196698 35825.6 19286.4 17552.1 96938.8 812854 295756 148592 78238 107726 73438.4 96835.9 69072.7 68326.8 39786.8 595332 583447 625407 203962 170748 114439 88710.1
threshold=8000365.4750000006 34.500000000000007 308.50000000000006 2.5000000000000004 311.50000000000006 23.500000000000004 299238.00000000006 270505.40000000008 3.5000000000000004 1951024.6100000001 5.5000000000000009 7.7307049650698916e-12 946715.66500000015 194686.41 1104257.6900000002 428973.84500000003 18.500000000000004 5580.1750000000002 675815.54500000004 30273.515000000003 139.50000000000003 10.500000000000002 201885.82500000004 196805.11000000002 -1.0000000180025095e-35 1.0000000180025095e-35 272.50000000000006 53.500000000000007 1.0000000180025095e-35 186749.90500000003
decision_type=2 2 2 2 2 2 2 2 2 2 2 2 2 2 2 2 2 2 2 2 2 2 2 2 2 2 2 2 2 2
left_child=1 4 -3 -4 5 9 7 -7 -9 11 -2 12 15 -14 -15 22 -13 -18 19 -19 -17 -21 23 29 25 26 27 -25 -24 -1
right_child=10 2 3 -5 -6 6 -8 8 -10 -11 -12 16 13 14 -16 20 17 18 -20 21 -22 -23 28 24 -26 -27 -28 -29 -30 -31
leaf_value=0.059996003298631917 -0.53221588853612045 -3.1513413438835665 59.870402509480527 -2.4945912779281314 -0.97665577618083843 -0.9550723633163507 0.25962842277823694 50.765524544719135 -0.36040600530801969 -2.5135683054657427 -2.312418647036921 -0.019268189266601659 -2.6390843487816507 48.716248704398566 -2.3332955194863514 -4.5881777611307637 -12.156821917254508 -0.09557874079525619 1.6842555429449182 -1.0555270672775037 -0.086204627467890607 -3.5706879354155605 -1.5748216520960352 -0.84471526559998156 -0.83073286398552537 -0.53966044475736319 -0.46665675548268643 45.047397286106488 -0.020482289085116949 2.2939610523669849
leaf_weight=7832.0677245823226 79.082815726432401 4.9462126700069762 0.018977050449729055 0.039435512790063992 69.369756316493294 8.4708101454880804 369.74242034590787 0.20153122710738186 0.20622828632733453 13.316344362086964 18.161087198161894 11627.807910368645 5.3779095891795272 0.24971134282538798 0.25397361295016196 24.344376209608527 1.0009153511366538 358.52772371418195 34.556541682951433 269.45685233429936 12.896633408512569 29.335566246383394 139.52596198926756 0.17968056591102222 3.9259528130077839 1.5569766630119413 0.29111028084753332 1.6907022258701543 752.99689507683263 43.693377611229153
leaf_count=1577952 41960 15641 42 581 61595 2975 1247 38 167 52705 40040 1165332 10526 1161 4537 44425 7985 27333 15678 200773 299 98451 68046 440 3486 1737 434 1399 108893 15035
internal_value=-0.0113994 -0.00742706 6.60575 55.1851 -0.00926518 -0.00610304 0.389248 5.21395 43.0163 -0.0131978 -0.884888 -0.0115037 0.0423438 5.97442 38.5389 0.0377071 -0.050048 -0.565813 -0.531516 -0.650393 -3.07229 -1.31357 0.0512536 0.087084 13.2014 25.0537 37.8303 41.8786 -0.264965 0.07268
internal_weight=21703.3 21606 5.00463 0.0584126 21601 21531.7 378.621 8.87857 0.40776 21153.1 97.2439 21139.7 8819.05 5.88159 0.503685 8813.17 12320.7 692.878 691.877 657.32 37.241 298.792 8775.93 7883.41 7.64442 3.71847 2.16149 1.87038 892.523 7875.76
internal_count=3570913 3488913 16264 623 3472649 3411054 4427 3180 205 3406627 82000 3353922 1838370 16224 5698 1822146 1515552 350220 342235 326557 44724 299224 1777422 1600483 7496 4010 2273 1839 176939 1592987
is_linear=0
shrinkage=0.05


Tree=96
num_leaves=31
num_cat=0
split_feature=7 7 13 0 13 3 6 3 0 13 10 8 10 8 3 7 8 13 0 2 13 2 9 3 8 3 14 9 3 0
split_gain=100855 176132 925639 374773 94073.9 783881 32699.3 121438 57165.1 23378 21645.9 14692 35643.3 33669.3 72335.3 3.80813e+06 1.98589e+06 31401.7 292291 872176 224167 1.08726e+06 210993 697605 345553 188043 45806.2 34435.4 80279.2 31030.5
threshold=7589735.205000001 7317277.4800000004 1.4779288903810087e-11 90.500000000000014 1.4042598195374014e-09 53994.500000000007 24.500000000000004 50852.55000000001 94.500000000000014 2543858.6900000009 1.0000000180025095e-35 219873.18984848491 2.5000000000000004 280634.12656250008 423012.74500000005 1105507.7100000002 225027.25000000003 1.168700691778213e-10 34.500000000000007 41537.310000000005 1.1596057447604836e-10 14310.640000000001 6.5000000000000009 53994.500000000007 254530.67464285719 19428.500000000004 167307.66000000006 10.500000000000002 40211.500000000007 297.50000000000006
decision_type=2 2 2 2 2 2 2 2 2 2 2 2 2 2 2 2 2 2 2 2 2 2 2 2 2 2 2 2 2 2
left_child=1 6 3 -3 5 -2 9 -8 -9 11 -10 29 13 14 17 -16 -17 18 19 25 22 -22 23 26 -25 -13 -20 -19 -29 -1
right_child=4 2 -4 -5 -6 -7 7 8 10 -11 -12 12 -14 -15 15 16 -18 27 20 -21 21 -23 -24 24 -26 -27 -28 28 -30 -31
leaf_value=-0.0022008506276901102 -2.0848581831726789 60.192871906753055 -1.6968504243670575 -1.9227414503709934 -0.90806341467429308 -46.468987913031484 -0.71776610294348986 -1.3871360633347118 -22.853485092944538 -2.6256600181240222 -0.7163821599138569 -0.43597801143666709 -4.7905574129035733 -0.044357443339040049 -0.18276118412897438 120.13350893763749 -10.981725205321258 0.019032653771459039 4.3365355155331269 -1.2689149893400102 54.842588913798558 -2.6321073532189052 0.17973298169309787 -3.1504610972808544 51.201587759159615 55.957254090284096 -0.48749197977147829 -0.84769796159790678 -16.168317578738023 -0.32311079040153662
leaf_weight=14855.782414574436 13.392185966791924 0.013522676146863172 4.32025831699183 0.24053570319791509 46.020127506863666 0.085637657149128965 24.354002190701205 0.85136692973500605 0.080758783917842802 7.4216317863319992 0.19807858433663644 0.15312433686487126 2.7756420645528115 3514.8113179477582 45.765801283435344 0.0082084827380875802 0.19132880502513919 2052.5908569601047 12.915977955536377 2.8083266138309924 0.088791267601203372 3.0336769144755689 1912.9759122501107 0.2457311850577521 0.15165900729632414 0.087489277124502829 7.3228322264095107 4.7517188359966802 0.078921525603081188 792.53141555923321
leaf_count=2388736 35101 90 6907 2072 49972 18320 25704 1674 11483 31335 1475 181 11295 372298 21539 5656 47867 112441 716 2260 309 7425 110180 675 356 95 4386 6877 1625 292737
internal_value=0.00304607 0.0083519 8.89507 46.7415 -2.03579 -5.55741 0.00622004 -1.74967 -13.2079 0.00822294 -19.9888 0.00917849 0.0664051 0.068823 0.167201 2.11815 90.0612 0.144241 0.288515 13.7092 0.26032 11.9079 0.235363 5.1454 39.3857 48.6414 2.65009 0.00813984 -3.82892 -0.0184737
internal_weight=23306 23246.6 4.57432 0.254058 59.498 13.4778 23242 25.4842 1.1302 23216.5 0.278837 23209.1 7560.76 7557.98 4043.17 45.9653 0.199537 3997.21 1939.78 3.04894 1936.73 3.12247 1933.61 20.6362 0.39739 0.240614 20.2388 2057.42 4.83064 15648.3
internal_count=3571787 3468394 9069 2162 103393 53421 3459325 40336 14632 3418989 12958 3387654 706181 694886 322588 75062 53523 247526 126583 2536 124047 7734 116313 6133 1031 276 5102 120943 8502 2681473
is_linear=0
shrinkage=0.05


Tree=97
num_leaves=31
num_cat=0
split_feature=6 3 3 2 2 9 4 10 4 6 4 13 9 4 3 12 3 3 13 3 9 6 10 4 8 0 3 2 8 3
split_gain=88772 93444.6 34251.9 275644 80620.6 218216 774256 67005.6 55422.2 45428.4 3.26904e+06 6.60391e+06 4.57284e+06 2.83092e+06 1.00465e+06 94091.2 124375 41330.5 29640.9 270909 31219.5 28420.5 27749.2 27449.8 247718 23275.3 23238.6 21672.1 5.65824e+06 1.96489e+07
threshold=33.500000000000007 51317.500000000007 62331.500000000007 14310.640000000001 62826.405000000006 5.5000000000000009 1.0000000180025095e-35 2.5000000000000004 985332.81500000006 17.500000000000004 4842762.5450000009 2.3317170416703453e-10 33.500000000000007 2179619.9500000007 115033.45000000001 6.5000000000000009 111647.50000000001 61211.880000000012 534277.50000000012 5267754.6250000009 4.5000000000000009 19.500000000000004 5.5000000000000009 1.0000000180025095e-35 6778.9650000000011 16.500000000000004 88821.310000000012 194290.97000000003 1.0000000180025095e-35 188459.50000000003
decision_type=2 2 2 2 2 2 2 2 2 2 2 2 2 2 2 2 2 2 2 2 2 2 2 2 2 2 2 2 2 2
left_child=2 -2 17 -4 5 23 -7 9 -9 15 11 12 13 -11 -15 27 -17 21 19 20 -12 -1 -3 24 -5 -18 -13 -6 29 -29
right_child=1 22 3 4 7 6 -8 8 -10 10 18 26 -14 14 -16 16 25 -19 -20 -21 -22 -23 -24 -25 -26 -27 -28 28 -30 -31
leaf_value=-0.050643260691714778 -2.2978276270891755 -19.356943180821311 -12.624556531874836 -26.613523140335868 0.11192770228030427 -0.9681730864195679 -50.547463252458407 -1.8203436281989369 -11.79644142128347 -15.996129511094587 -2.7897554879844111 -0.73874512224442668 -8.3983294325146645 -6.0781991371842183 197.07289856419089 -0.83519198168872111 -2.6870393808799076 -4.0211878111399058 0.29551523626685683 0.0474898550686529 -27.998553841487805 -0.91021141939977035 -0.10282819597173175 -0.56066374119127926 -0.38623347756568815 -17.214874114462059 -14.127129354484692 -5.8229205544187721 0.05996203035082788 -204.09004988656505
leaf_weight=11727.9905604425 6.9375019847586632 0.28907008115720578 3.2818238278268828 0.021837482806535635 7717.4926954363254 3.763815873341219 0.0098528014000963671 6.4640206176746755 0.97952074926333033 0.025014342037670695 0.42510889909803856 0.51895925254333075 0.36325123674689175 0.0027871035570200256 0.16024403484516742 5.7594794354702348 0.82931880358717325 5.581333083964636 506.69250655040611 16.408786773681641 0.021315028760993837 95.963985512315048 0.23208247125173387 121.14907119392714 7.8386366040280206 0.96029065734941987 1.1434099312355981 7.579633396025331 3838.1938893021643 0.51172383759863382
leaf_count=2309802 24264 13079 253184 98421 270800 3177 60674 4087 8574 7148 3226 1249 5380 1148 9087 3735 6826 9410 4077 4611 8021 118140 128 59841 1300 20978 21438 20773 197494 18776
internal_value=-0.00103653 -5.12235 0.000762947 0.0593956 0.0638289 -1.15688 -11.6604 0.0773145 -4.37534 0.0804162 0.534533 50.8095 125.506 173.521 191.356 0.0597378 -5.18384 -0.0599066 0.225492 -1.77787 -22.5218 -0.0576964 -16.4902 -0.762275 -3.45506 -13.8609 -11.7968 0.0636093 -0.0333431 -39.4321
internal_weight=24077.6 7.45865 24070.1 12240.6 12237.3 132.783 3.77367 12104.5 7.44354 12097.1 525.761 2.21367 0.551297 0.188045 0.163031 11571.3 7.54909 11829.5 523.548 16.8552 0.446424 11824 0.521153 129.01 7.86047 1.78961 1.66237 11563.8 3846.29 8.09136
internal_count=3568848 37471 3531377 1094025 840841 223413 63851 617428 12661 604767 65385 45450 22763 17383 10235 539382 31539 2437352 19935 15858 11247 2427942 13207 159562 99721 27804 22687 507843 237043 39549
is_linear=0
shrinkage=0.05


Tree=98
num_leaves=31
num_cat=0
split_feature=6 4 13 0 11 2 4 7 2 0 4 13 2 9 0 0 4 4 2 7 4 4 0 0 2 0 0 2 13 9
split_gain=79875 22197 19947.6 16574.9 16243.5 24316.9 101962 347990 394599 516613 84868.6 138546 83332 79716.6 55623.3 407656 750074 307646 53850.4 600140 402244 638493 890289 6.66002e+06 228181 275766 487295 65570.5 32165.3 31896.5
threshold=33.500000000000007 6291460.0200000005 2543858.6900000009 322.50000000000006 4.5000000000000009 199425.23500000002 1.0000000180025095e-35 1.0000000180025095e-35 428973.84500000003 8.5000000000000018 3196756.9800000004 1.4042598195374014e-09 204502.29500000001 16.500000000000004 280.50000000000006 279.50000000000006 859623.07500000007 1014909.7000000001 186749.90500000003 1.0000000180025095e-35 36206.010000000009 28773.645000000004 109.50000000000001 43.500000000000007 189306.45500000005 212.50000000000003 235.50000000000003 196805.11000000002 8662.8550000000214 49.500000000000007
decision_type=2 2 2 2 2 2 2 2 2 2 2 2 2 2 2 2 2 2 2 2 2 2 2 2 2 2 2 2 2 2
left_child=2 -2 3 4 5 18 7 8 12 -10 14 13 -7 -12 15 29 -17 -18 -1 20 21 22 23 -20 25 -24 -27 -26 -9 -8
right_child=1 -3 -4 -5 -6 6 10 28 9 -11 11 -13 -14 -15 -16 16 17 -19 19 -21 -22 -23 24 -25 27 26 -28 -29 -30 -31
leaf_value=0.0016430754354991584 -2.6259925781397198 -8.9952903923243142 -1.6929444187954346 -1.6087045161697653 0.16713142366491701 -15.975397995245046 0.016857976014048023 -1.3703530318526216 -0.70060857296646961 -36.307074720211027 -3.9997478062408933 -0.75521937252850968 -2.8232064613595993 -15.01258382094624 -1.4838800888520718 -0.63768839087136164 59.894160905393711 -0.51496780933471553 -0.3853446086161153 -0.10298340660631836 -0.19156239154602811 42.707206888147091 -0.15440964323838763 111.56776677158371 -0.36542931145000418 41.012856939256288 -0.23795960675982855 -11.240517765568633 -0.057107250202340171 -1.3621484222342293
leaf_weight=16909.443554063466 6.1299832407997945 1.550049157209848 16.448313382217748 15.034719997485807 1357.2336291404099 0.28717754485691571 3711.7698156780007 53.699931225351008 2.0203811363549988 1.1414766828381453 7.7504086041073874 44.458280243526971 60.405677743560048 1.6473753520225241 61.774085935074254 2.0931379566343002 0.021075529851650232 0.24409135338861215 6.9128799735097228 360.39348572961052 16.840345841089402 0.42722167417061285 3.1310753146198378 0.64242930842261792 14.784907608929798 0.491737603693437 1.3541032567203837 0.53876894389133489 316.66291934210875 41.411426000541724
leaf_count=2467441 13309 24100 40360 23522 74460 2254 488605 33554 175 20627 27670 47441 54544 41916 90225 1739 195 1236 1430 55748 3538 126 480 111 2980 95 420 1066 14519 36736
internal_value=-0.00480543 -4.80029 -0.00299602 -0.00171328 -0.00059161 -0.011128 -0.117454 -0.843061 -4.22184 -19.1914 -0.0358665 -1.98856 -3.14346 -7.18888 -0.00780233 0.0168646 17.4294 47.8283 0.015315 0.583993 5.95414 9.49517 7.52326 21.0615 1.73223 10.034 21.2996 -1.41327 -0.250709 0.00128234
internal_weight=23016.7 7.68003 23009.1 22992.6 22977.6 21620.3 4305.39 434.218 63.8547 3.16186 3871.17 53.8561 60.6929 9.39778 3817.31 3755.54 2.3583 0.265167 17315 405.517 45.1235 28.2831 27.8559 7.55531 20.3006 4.97692 1.84584 15.3237 370.363 3753.18
internal_count=3570622 37409 3533213 3492853 3469331 3394871 861436 125673 77600 20802 735763 117027 56798 69586 618736 528511 3170 1431 2533435 65994 10246 6708 6582 1541 5041 995 515 4046 48073 525341
is_linear=0
shrinkage=0.05


Tree=99
num_leaves=31
num_cat=1
split_feature=6 3 8 3 2 3 3 7 3 2 3 2 9 10 3 0 6 14 2 8 3 3 1 2 3 2 3 2 7 9
split_gain=57380.4 142660 28707.6 71659.5 120273 47888.1 31431 21330.6 19860.9 506889 140916 79236.3 327796 39240.8 36584.1 33303.6 29087.1 27932.6 27686.8 7.02481e+06 1.08336e+07 2.83446e+06 447541 9.06998e+06 3.47661e+06 467893 2.90902e+06 1.74872e+06 838641 78926.6
threshold=33.500000000000007 53994.500000000007 486400.04218750005 59101.805000000008 159029.94000000003 73433.195000000022 4005879.7250000001 10793438.285000002 62331.500000000007 17751.890000000003 61211.880000000012 62826.405000000006 6.5000000000000009 2.5000000000000004 106760.50000000001 13.500000000000002 19.500000000000004 1.0000000180025095e-35 201885.82500000004 1.0000000180025095e-35 121858.00000000001 1941548.1400000004 0 125469.93000000001 121858.00000000001 191770.58500000002 196097.88500000004 196805.11000000002 7167.3950000000013 -1.0000000180025095e-35
decision_type=2 2 2 2 2 2 2 2 2 2 2 2 2 2 2 2 2 2 2 2 2 2 9 2 2 2 2 2 2 2
left_child=2 -2 7 -4 -5 -6 -7 8 10 -10 16 12 -11 18 -15 -12 -1 -14 22 20 -20 -22 23 24 -13 -24 29 -28 -29 -27
right_child=1 -3 3 4 5 6 -8 -9 9 11 15 13 17 14 -16 -17 -18 -19 19 -21 21 -23 25 -25 -26 26 27 28 -30 -31
leaf_value=-0.041358118443771928 -1.4346819310084262 -19.941958663185705 -0.34271786012247613 -1.902564256185302 -0.29274597919217993 -21.006460886890931 -0.025433098375962866 -4.2628178901310934 -24.507645459876358 -0.84722606592625649 -0.44278471593448487 -10.898888628144782 -6.6477808388341124 -0.73777359094233541 -7.0434874113142776 -18.117572208551461 -1.0836539222381139 -25.835324363976152 -0.50519475335835018 0.04385001681997952 -153.47861261468429 -1.6758970496735199 0.090632155945289977 -1.1678291042181344 182.04711957379493 -0.8016253979533563 -2.574592137413958 121.10652791736271 -4.9703656594799606 -15.283244406735946
leaf_weight=10882.269871945709 9.1568038839794994 0.20645018153309003 118.03493554842147 11.415100876402944 0.48871043697795868 0.56762725784761248 0.20471850037574768 1.9375847407864046 1.1018772321058339 104.2204457791827 0.39805999940588921 0.16575995649525851 1.4251877271134743 6.9674197591566243 2.6527424446040024 0.33343846281306111 66.352553438629911 0.33193917139539664 4.0781367731476337 4338.3603530703804 1.1958173809132029 0.38356542221533452 6978.2619157676691 10.288180048390815 0.0070629572919961572 5.1205521657638835 0.45630969330100679 0.0096033125231564653 0.064615465774136932 0.18980067545132318
leaf_count=2253365 24445 12965 60539 15445 794 10707 5610 9334 285639 129544 415 1341 17374 1045 10055 8765 108680 37134 14250 222383 19169 4202 293779 3782 1718 1153 6552 614 5826 3373
internal_value=-0.00848135 -3.72815 -0.00677043 -0.742782 -4.1702 -14.7748 -18.6002 -0.00244364 -0.00188474 0.044138 -0.0500341 0.0486395 -1.30578 0.0614024 -2.97653 -14.3129 -0.0477736 -18.33 0.0642426 -0.0348949 -51.3562 -131.557 0.12581 7.33585 145.48 0.103311 13.1735 73.9735 108.891 -3.65992
internal_weight=22546.6 9.36325 22537.3 130.711 12.6762 1.26106 0.772346 22406.6 22404.6 11455.3 10949.4 11454.2 105.978 11348.2 9.62016 0.731498 10948.6 1.75713 11338.6 4344.02 5.65752 1.57938 6994.56 10.461 0.172823 6984.1 5.84088 0.530528 0.0742188 5.31035
internal_count=3569997 37410 3532587 93095 32556 17111 16317 3439492 3430158 1058933 2371225 773294 184052 589242 11100 9180 2362045 54508 578142 260004 37621 23371 318138 6841 3059 311297 17518 12992 6440 4526
cat_boundaries=0 1
cat_threshold=16
is_linear=0
shrinkage=0.05


Tree=100
num_leaves=31
num_cat=0
split_feature=12 10 7 3 9 10 14 4 0 6 13 3 2 2 3 4 9 3 2 13 3 3 2 3 9 3 7 3 6 0
split_gain=204390 100087 33942.4 111902 19029.9 15331.8 15008.9 12830.6 11035.3 54493.9 163078 435760 61442.2 47331.1 59454.4 26716.4 16603.4 886797 571674 232647 2.27674e+06 221522 144982 99427.3 72667.2 1.24499e+06 217580 101422 61195.2 58474.4
threshold=28.500000000000004 1.5000000000000002 10793438.285000002 50852.55000000001 1.5000000000000002 4.5000000000000009 7742368.6700000018 688885.46500000008 310.50000000000006 24.500000000000004 1.4042598195374014e-09 53994.500000000007 2396346.4800000004 274378.49500000005 68682.785000000018 44603.125000000007 12.500000000000002 448517.83500000002 6325.3700000000008 8.7766238721087588e-11 53994.500000000007 1640306.2100000002 2396346.4800000004 53.045000000000009 17.500000000000004 101646.00000000001 3892045.6600000006 55428.500000000007 1.5000000000000002 31.000000000000004
decision_type=2 2 2 2 2 2 2 2 2 2 2 2 2 2 2 2 2 2 2 2 2 2 2 2 2 2 2 2 2 2
left_child=2 -2 5 -4 -5 6 8 -7 9 16 11 -11 15 -10 -15 -13 -1 18 23 24 -21 22 -19 -18 25 27 29 -20 -29 -27
right_child=1 -3 3 4 -6 7 -8 -9 13 10 -12 12 -14 14 -16 -17 17 21 19 20 -22 -23 -24 -25 -26 26 -28 28 -30 -31
leaf_value=-0.0016191085811451328 -3.6715374027728185 12.636183388130252 -0.93246479536845528 -0.95633897808437673 -19.541205334662465 0.99121630345896861 -3.4814794759046039 -1.3241107255818223 0.14497277187746796 -2.6159072830518793 -0.46694685654998108 -0.22951040942209172 -0.35516193833760207 -0.85938329637045374 -14.653810981083419 -40.562837315454068 -3.2506267373440694 -46.019491198384024 -0.36354636599218448 -1.0294210207580758 -76.9340596648032 -0.54307163102652722 -0.35347979166637256 -28.493913170971798 -0.036717415368073471 -0.039805844022811593 -2.5887916460850939 -2.0140618440695506 -17.048698138168007 -53.007096443175534
leaf_weight=15163.79691508484 0.70317277434475745 3.607963853439677 11.84201830145884 0.28439631631406415 0.051351508858561545 56.093198625580129 2.1413415788374541 5.8136671050032467 1136.7654083702034 6.3858264446628716 43.52990926250375 0.054810985922813651 0.13477040827274328 2.6244957907511597 0.20427098220187101 0.093118878169316008 0.83866924844117163 0.48542552924209048 108.54509918538689 15.103180010982189 0.059324793595828207 0.47177584539167727 0.21474571526050568 1.0557378691189765 5767.1756159676243 0.055873062461620604 0.40991280799621366 1.859693059664685 0.46191719466322201 0.40392924577754807
leaf_count=2526493 1876 1999 23901 2237 10594 1508 4853 9325 56837 30875 34379 35 70 9695 3841 16487 6350 39610 85462 42772 8071 134939 51 11692 487834 5 956 1023 5045 10564
internal_value=-0.0225394 9.78488 -0.0248715 -2.56172 -16.304 -0.0233721 -0.0255747 0.756112 -0.0250855 -0.0332687 -1.66253 -8.38763 -35.0784 0.126402 -5.42394 -38.8413 -0.0293064 -0.100488 -0.0887047 -0.0777812 -6.06837 -32.0437 -40.4623 -22.3043 -0.0613004 -1.3185 -41.7819 -0.630376 -9.23901 -51.0105
internal_weight=22331.3 4.31114 22327 12.1778 0.335748 22314.8 22252.9 61.9069 22250.7 21111.1 50.1984 6.66853 0.2827 1139.59 2.82877 0.14793 21060.9 5897.14 5895.97 5894.07 15.1625 1.17195 0.700171 1.89441 5878.91 111.736 0.869715 110.867 2.32161 0.459802
internal_count=3569379 3875 3565504 36732 12831 3528772 3517939 10833 3513086 3442713 81846 47467 16592 70373 13536 16522 3360867 834374 659774 641732 50843 174600 39661 18042 590889 103055 11525 91530 6068 10569
is_linear=0
shrinkage=0.05


Tree=101
num_leaves=31
num_cat=0
split_feature=6 3 3 2 2 9 4 14 6 4 7 9 2 7 0 2 3 9 3 9 3 7 3 8 7 2 2 4 3 3
split_gain=32021.2 53071.9 22661.6 241654 158542 362739 1.62308e+06 87269.5 44032.9 41049.8 450297 42116 35221.9 9.08405e+06 2.3754e+07 1.41496e+06 6.60086e+06 3.84375e+06 65372.1 948106 294841 61308.5 47425.6 38877.6 429650 38011.4 202028 1.59631e+06 3.13009e+06 735094
threshold=35.500000000000007 52787.680000000008 73433.195000000022 28429.565000000006 73150.085000000006 5.5000000000000009 1.0000000180025095e-35 2171871.5850000004 19.500000000000004 1.0000000180025095e-35 7167.3950000000013 1.5000000000000002 201885.82500000004 1.0000000180025095e-35 9.5000000000000018 191770.58500000002 188459.50000000003 -1.0000000180025095e-35 207731.44500000004 6.5000000000000009 118610.99500000001 1.0000000180025095e-35 121858.00000000001 347943.25410714292 477888.12000000005 163638.23000000001 165905.12000000002 18188.925000000003 161526.34500000003 188459.50000000003
decision_type=2 2 2 2 2 2 2 2 2 2 2 2 2 2 2 2 2 2 2 2 2 2 2 2 2 2 2 2 2 2
left_child=2 -2 8 -4 5 9 -7 -8 -1 10 11 -5 15 14 22 25 21 -18 19 -15 -21 -17 -14 -20 -25 -6 27 -27 -29 -30
right_child=1 -3 3 4 12 6 7 -9 -10 -11 -12 -13 13 18 -16 16 17 -19 23 20 -22 -23 -24 24 -26 26 -28 28 29 -31
leaf_value=-0.021129667318939616 -1.0672849248310108 -11.643487743725245 -13.210502940256667 -37.135566101411897 0.10632751326891927 -1.1618578052905624 -71.816520879582384 -0.70224166199174409 -1.2934465882280091 -0.77088573428280449 -0.42052160420009765 -0.037135854182061771 -0.50667589927253409 -0.55062446751650207 -256.07928693839636 -0.97335656074479771 161.93313701119632 -8.4054924724269444 0.10288732540664797 -0.21916639435549001 -53.373947622275892 -13.854503470743214 -11.537135904137642 -0.095193739554693124 -19.005607126755184 -0.11005283051360049 0.35330010640366499 -1.9083599580109649 118.07842696039157 -2.1265495675003074
leaf_weight=13337.81668644602 7.0196375400630524 0.49613194447716136 2.4237447024643179 0.017781447316723153 4924.1129267409542 4.90390458363846 0.049095899488680206 0.065942198038101196 67.351890235031533 89.896360932935309 9.0518108802221544 0.085179323657986972 3.383698431655171 55.423720928846485 0.25047657803689949 4.4736356903200134 0.12562006804041631 0.33688621749102149 4534.1657781934964 0.3495586665751319 0.1370206605261135 0.22753696085976916 0.4288189069753664 47.83625489169637 2.2057047030414472 17.832325235821404 619.12206362537108 1.6625093512496774 0.021110123113451021 0.10551828965762126
leaf_count=2374420 18437 9797 332832 30477 222393 2727 54210 880 126019 53939 1134 18 363 27449 32139 982 1272 13119 144967 18153 15416 3179 1968 1786 26154 525 51739 669 83 3494
internal_value=0.0141551 -3.05133 0.015255 0.0709505 0.0753516 -1.85699 -13.7832 -68.2452 -0.0276186 -1.12092 -4.14319 -34.3087 0.095224 -0.00645234 -66.9439 0.180017 24.1233 116.945 0.0665701 -1.61766 -41.0258 -3.91844 -3.8879 0.0874608 -1.28483 0.153459 0.51606 5.38524 40.5606 104.928
internal_weight=23731.4 7.51577 23723.9 10318.7 10316.3 104.07 5.01894 0.115038 13405.2 99.0511 9.15477 0.102961 10212.2 4644.18 4.06299 5568.02 5.16368 0.462506 4640.12 55.9103 0.486579 4.70117 3.81252 4584.21 50.042 5562.86 638.744 19.6215 1.78914 0.126628
internal_count=3570740 28234 3542506 1042067 709235 143385 57817 55090 2500439 85568 31629 30495 565850 268395 34470 297455 18552 14391 233925 61018 33569 4161 2331 172907 27940 278903 56510 4771 4246 3577
is_linear=0
shrinkage=0.05


Tree=102
num_leaves=31
num_cat=0
split_feature=6 3 4 14 3 3 12 3 12 7 14 3 4 3 2 13 3 2 2 2 13 7 14 3 2 3 11 3 2 0
split_gain=40651.8 70686.3 20043.6 72680 2.25235e+06 3.02394e+06 27438.4 53995.6 20356.8 450995 974588 198277 999614 213877 53049.1 50068.6 186910 18962.1 17924.9 165359 20659.1 24020.6 16281.2 15326 15147.1 104912 3.58339e+06 817476 534971 64002
threshold=35.500000000000007 52787.680000000008 7170104.330000001 108721.27000000028 78786.345000000016 115033.45000000001 11.500000000000002 100542.50000000001 4.5000000000000009 6691214.6300000008 1004236.505 423012.74500000005 74208.785000000018 448517.83500000002 117501.19500000002 1319.7350000000004 55428.500000000007 318131.34000000003 1.0000000180025095e-35 339.10500000000008 138060.58000000005 7846029.2599999988 665199.71000000031 98083.380000000019 407610.41000000009 403869.50000000006 1.0000000180025095e-35 749171.40000000014 398568.70500000002 286.50000000000006
decision_type=2 2 2 2 2 2 2 2 2 2 2 2 2 2 2 2 2 2 2 2 2 2 2 2 2 2 2 2 2 2
left_child=2 -2 6 4 -4 -6 8 -8 18 11 14 15 13 -13 22 16 -10 -5 -1 20 21 -20 -11 -19 25 -21 27 28 -27 -26
right_child=1 -3 3 17 5 -7 7 -9 9 10 -12 12 -14 -15 -16 -17 -18 23 19 24 -22 -23 -24 -25 29 26 -28 -29 -30 -31
leaf_value=0.35709680342825667 -1.3201609222560737 -15.362449627190626 -0.40397353691617549 0.15847934517711257 109.21431408190512 -7.7598201488498466 -0.78635919003787269 -8.0617945878281034 -0.94422287001367877 61.061961353276423 -2.0136025462596874 56.686698069703993 -4.4530314941188669 -0.45465847259438663 -0.3377123930540783 0.089633377865985783 -21.594583548870542 -1.0576538073137365 -20.388404599084264 -0.039360589369902756 -2.7604851553456187 -0.090474847189135732 -0.24444206406252272 -7.4804985995368272 0.11256979722998157 -96.340656207028871 -0.30410659288816433 -5.6080546312176152 -2.7530889336003215 -4.2564086050608134
leaf_weight=293.98229980457472 5.4805327504443486 0.13281153692810654 37.092783528966024 676.30488662785876 0.11410841191832111 0.85597649186515079 42.072824211166775 1.7436117857528319 10.781901785942704 0.0023818053444623322 1.651642687697559 0.078062185654958066 2.6504332122985863 0.17427809895550392 0.025385970319709489 3014.1106670572885 0.23427757552978867 4.6114126650910183 0.23542353119894305 17080.477707646824 0.79053458618989025 0.17596462579949929 0.0027549577244787029 0.33456746229299916 2035.0177168307009 0.35180831613072205 109.89812090032686 0.6154908087769172 0.2404678665011204 7.4175871112829546
leaf_count=3 18433 9779 16811 40917 613 6879 37800 18577 17232 45 6420 17 44685 499 536 121983 3551 13608 26849 2533851 564 21 188 3533 187028 64922 133828 227267 222 33811
internal_value=-0.00629916 -3.92587 -0.00518727 0.254461 2.35201 54.4492 -0.0134615 -1.24941 -0.0110054 0.109562 20.6034 0.091377 11.3541 48.3678 58.8109 0.0768197 -3.14438 0.133984 -0.0297148 -0.0356451 -13.7368 -17.9254 60.6458 -2.67797 -0.0340746 -0.0493696 -1.57395 -64.644 -83.9391 0.0946252
internal_weight=23327.7 5.61334 23322 719.314 38.0629 0.970085 22602.7 43.8164 22558.9 3029.71 1.68217 3028.03 2.90277 0.25234 0.0305227 3025.13 11.0162 681.251 19529.2 19235.2 1.20192 0.411388 0.00513676 4.94598 19234 17191.6 111.106 1.20777 0.592276 2042.44
internal_count=3570472 28212 3542260 82361 24303 7492 3459899 56377 3403522 195156 7189 187967 45201 516 769 142766 20783 58058 3208366 3208363 27434 26870 233 17141 3180929 2960090 426239 292411 65144 220839
is_linear=0
shrinkage=0.05


Tree=103
num_leaves=31
num_cat=1
split_feature=6 3 4 3 7 6 12 4 2 2 6 12 3 13 2 0 3 2 4 0 1 3 0 2 3 2 11 9 0 13
split_gain=49531.2 33918.3 17980.8 226066 22530.7 862452 462946 21660 185068 885386 205484 30280.4 75570.2 20071.2 19296.9 521219 393397 298708 137822 57097.2 29644.1 2.72733e+06 191662 1.24148e+06 147348 3.53353e+06 1.28422e+06 438725 61508.8 47351
threshold=35.500000000000007 99704.085000000006 8000365.4750000006 82611.000000000015 9657104.8350000028 26.500000000000004 8.5000000000000018 7170104.330000001 89263.535000000018 80231.920000000027 13.500000000000002 11.500000000000002 106760.50000000001 46370.130000000041 946715.66500000015 9.5000000000000018 88821.310000000012 1104257.6900000002 1.0000000180025095e-35 308.50000000000006 0 125479.34000000001 9.5000000000000018 1169.3550000000002 685.31000000000006 123547.48500000002 1.5000000000000002 31.500000000000004 8.5000000000000018 511152.17000000033
decision_type=2 2 2 2 2 2 2 2 2 2 2 2 2 2 2 2 2 2 2 2 9 2 2 2 2 2 2 2 2 2
left_child=2 -2 4 -4 7 6 -6 11 9 -9 -11 14 -13 -5 20 16 18 -18 -16 -17 -1 22 23 28 -24 26 27 29 -22 -26
right_child=1 -3 3 13 5 -7 -8 8 -10 10 -12 12 -14 -15 15 19 17 -19 -20 -21 21 -23 24 -25 25 -27 -28 -29 -30 -31
leaf_value=-0.011200890798898803 -2.0065487698494615 -12.447094596041365 -0.31110138849954383 -23.676398313034674 -2.0279536032910932 -0.17349896667557427 55.431506731968433 -0.61790397510352646 0.19592616747166319 52.650399586533595 -0.13191077548054711 -0.91719953023651579 -11.782209505529451 -5.2533066991733914 11.061912710241758 0.04589601565880954 45.009401632486885 -1.4573517204803226 -1.4637901386123766 2.5408521772866481 -0.38282409819922092 -80.631991710060035 0.1111010265548073 -2.449526303113883 -112.43222714630758 -0.29113204282692456 -5.1482976967721594 -5.0963042959190474 60.240183543008335 -0.24232788195513633
leaf_weight=20772.459307576621 3.6710433078715345 0.22602574252048446 91.657507437476099 0.057698375704929972 0.41586772104864989 43.128844750463429 0.094373638423225992 5.2662725436483466 655.12382510187854 0.15952515338932827 0.21310658308432984 35.252723890612941 0.69318101005617805 1.11996253825643 4.4584907399638674 1186.0188614754841 0.34716678620066282 0.38334357710548644 3.3232998167869683 22.384687174461988 0.030384291345201819 0.058489473156042915 257.23942686828047 4.1121938028379903 0.075236088947898294 53.888013128293458 0.69678148034258558 0.21789561615385344 0.012727310415357351 0.013945575803765375
leaf_count=1182748 19352 8783 46398 11501 1946 8280 637 2190 8234 105 126 37866 17907 9572 159 52407 51 242 879 2798 1129 679244 626870 23551 603461 190829 13101 19361 506 1322
internal_value=-0.00319936 -5.0312 -0.00213493 -0.692866 0.000677225 1.1229 38.2631 -0.0015003 0.280409 8.58688 44.356 -0.00985028 -1.44009 -16.6161 -0.00748075 0.186034 11.8444 33.871 6.15455 0.0941799 -0.0186559 -0.490771 -0.237319 9.32631 -0.39403 -2.72095 -67.9161 -97.4339 58.1025 -111.223
internal_weight=23142.8 3.89707 23138.9 92.8352 23046.1 43.6391 0.510241 23002.4 660.763 5.6389 0.372632 22341.7 35.9459 1.17766 22305.7 1216.92 8.5123 0.73051 7.78179 1208.4 21088.8 316.345 316.287 4.15531 312.131 54.8919 1.00386 0.307077 0.0431116 0.0891817
internal_count=3571555 28135 3543420 67471 3475949 10863 2583 3465086 10655 2421 231 3454431 55773 21073 3398658 56536 1331 293 1038 55205 3342122 2159374 1480130 25186 1454944 828074 637245 624144 1635 604783
cat_boundaries=0 1
cat_threshold=2
is_linear=0
shrinkage=0.05


Tree=104
num_leaves=31
num_cat=0
split_feature=6 4 3 3 8 6 3 13 0 4 3 3 13 6 9 9 9 3 7 2 3 0 3 9 13 3 7 13 7 9
split_gain=75054.1 43171.2 988266 42405.1 18803 74083.2 143021 91074.6 39354 38319 678816 586615 29083.9 269684 1.00698e+06 183150 130627 580890 151516 45654.5 43640.8 28369.3 137471 27973.6 120750 517754 27005.9 24883.2 75395.5 23539.1
threshold=35.500000000000007 15890731.275000002 121858.00000000001 59101.805000000008 217919.19333333333 19.500000000000004 52108.500000000007 656350.20000000007 322.50000000000006 7170104.330000001 78786.345000000016 82611.000000000015 1.4779288903810087e-11 29.500000000000004 8.5000000000000018 7.5000000000000009 25.500000000000004 57027.320000000007 738162.10500000021 428973.84500000003 61211.880000000012 321.50000000000006 53994.500000000007 14.500000000000002 1.4042598195374014e-09 59101.805000000008 9657104.8350000028 1118649.1450000003 1136543.3350000002 17.500000000000004
decision_type=2 2 2 2 2 2 2 2 2 2 2 2 2 2 2 2 2 2 2 2 2 2 2 2 2 2 2 2 2 2
left_child=1 4 -3 -2 5 9 -7 8 -8 21 -11 -12 13 19 15 -15 23 -18 -19 29 -21 27 -23 26 25 -25 -14 -1 -29 -6
right_child=3 2 -4 -5 12 6 7 -9 -10 10 11 -13 16 14 -16 -17 17 18 -20 20 -22 22 -24 24 -26 -27 -28 28 -30 -31
leaf_value=-0.040406753043491672 -2.5068771143508126 -0.27578323374269281 46.15901948052953 -15.89968072837873 0.40246766463012956 -1.4210688639529938 -25.863583649363392 -0.49716708311255059 -0.27728849409338213 -0.61716443627803175 52.465050684291214 -5.1656025193343549 0.016252224281564535 -1.1287473565720041 -1.8215105749827272 59.88129887152386 -1.4398431446860731 -1.0963624046107907 -46.051101998075957 -1.3334191436432765 -12.654711727391657 -0.71814560996120103 -18.375787283864941 -1.3531156982598622 0.043340670191376975 -32.419473674539482 -2.4484211686370414 3.8809512328405003 0.23500923645401317 0.087270688111415501
leaf_weight=14536.17204718727 2.4755105037289526 21.605200586846085 0.20934933801424804 0.075422365382467382 805.68120832984368 13.329099780014536 0.26033170811568568 0.75249398809638168 0.19595299661159543 17.575302529498376 0.16643311083316764 0.45084868377998016 4760.4022452490281 0.098449351340278962 2.8904869641281996 0.018823556747477294 12.354105528477556 0.2923753892423564 0.0042150772066217304 3.3316411557064991 0.29887057591134425 13.246452229294178 0.2126282587212075 10.078736268544505 46.736168873032163 0.56545797042508894 10.140250090256812 14.538308149291593 164.25070467679262 2232.5942521967722
leaf_count=2562937 18500 9443 3322 9650 92521 34878 18015 1492 162 10010 42 4448 428881 639 5341 211 29083 507 15521 28591 7821 23631 9913 34288 118 18240 16312 290 20029 166434
internal_value=-0.00173687 -0.000598017 2.17332 -7.27036 -0.00278815 -0.0360871 -3.48678 -15.3069 -22.6146 -0.0324488 2.20025 33.2023 0.0595416 0.180586 13.1425 53.4906 -0.0166208 -4.90084 -36.7634 0.163453 -4.79811 -0.0353561 -2.24904 -0.00280929 -1.09066 -5.64634 0.0105002 -0.0331783 0.551446 0.17096
internal_weight=22671 22668.5 21.8145 2.55093 22646.6 14761.2 14.5379 1.20878 0.456285 14746.6 18.1926 0.617282 7885.49 3044.91 3.00776 0.117273 4840.57 12.6507 0.29659 3041.91 3.63051 14728.4 13.4591 4827.92 57.3804 10.6442 4770.54 14715 178.789 3038.28
internal_count=3571270 3543120 12765 28150 3530355 2685847 54547 19669 18177 2631300 14500 4490 844508 301558 6191 850 542950 45111 16028 295367 36412 2616800 33544 497839 52646 52528 445193 2583256 20319 258955
is_linear=0
shrinkage=0.05


Tree=105
num_leaves=31
num_cat=0
split_feature=6 4 9 3 13 9 3 3 5 0 5 7 3 7 3 11 9 8 8 5 5 0 3 10 8 3 13 5 4 13
split_gain=76840.8 30569.6 56956.1 115185 22005.6 15903.1 1.53785e+06 1.59697e+06 72430.4 33812.8 32966.4 19770.5 16322.7 3.02095e+06 5.61034e+06 6.32722e+06 1.20154e+06 3.59817e+06 1.07369e+06 663725 48415.4 161449 1.38381e+06 412979 440350 267015 1.96292e+06 1.15119e+06 2.00064e+06 676714
threshold=36.500000000000007 8000365.4750000006 5.5000000000000009 53994.500000000007 28045.490000000016 75.500000000000014 106760.50000000001 107996.56000000001 9.6400407520638378 139.50000000000003 10.410759419146546 1546257.05 267587.45500000002 7167.3950000000013 749171.40000000014 1.0000000180025095e-35 36.500000000000007 234808.61769444446 280634.12656250008 13.518379715675239 12.164060281299333 47.500000000000007 231374.46000000005 1.0000000180025095e-35 338385.03016666678 115033.45000000001 105858.93000000001 12.177117306667972 788504.2150000002 5938.3350000000328
decision_type=2 2 2 2 2 2 2 2 2 2 2 2 2 2 2 2 2 2 2 2 2 2 2 2 2 2 2 2 2 2
left_child=1 5 -3 -4 -2 12 8 -8 -7 10 -10 -12 20 14 15 -14 -15 -18 -19 -16 -1 -22 25 24 -24 -23 27 -27 29 -29
right_child=4 2 3 -5 -6 6 7 -9 9 -11 11 -13 13 16 19 -17 17 18 -20 -21 21 22 23 -25 -26 26 -28 28 -30 -31
leaf_value=-0.0034176639539221995 -14.184889169251079 -0.63584000292925391 -1.9141723342018684 -20.132912146543415 -1.9777643642377094 -9.5447420037767667 -0.63952634775979023 -85.985269784892282 -9.2183033012752329 -0.019713376552000023 -0.92146964201976445 -6.5679688551047137 -188.65226873615259 0.10477811692663611 -4.6655289943483478 -0.34132300705331109 -17.803964871493445 118.45908021396632 -5.7417211807519806 52.575299553014162 -0.018958725067967287 -0.48336404424846036 -67.351103726559003 -2.6108956925754079 -4.817663065511109 -2.0605252784844321 -0.47178673418122052 -114.36474136495295 -12.653968371677776 -2.4564224423249854
leaf_weight=16010.027708369244 0.19179190357293108 50.470302676039665 4.5924958676434979 0.15504677903023711 1.111469957231991 1.0320561751624371 1.161184278477762 0.064691334754924834 0.50487295026716594 618.68953353122095 20.667692207630854 0.73875884464519614 0.0084404265520151567 3497.2989382343153 0.65602970757173484 0.80650027952681036 0.91715076762096059 0.0017800855084031527 0.10404222900628489 0.12125769537145525 1377.1085520200536 365.47804925323788 0.26627763082203582 0.75248247798703838 0.57751841434289075 2.0486995628296234 35.947076651664275 0.13801825649884833 2.0534063449194457 0.20433001924403818
leaf_count=2071965 14313 36223 21962 10745 10097 4545 307 27541 1938 33279 23092 12162 98046 400822 38390 148 32447 5801 8940 834 179589 500715 4663 458 505 396 6166 16263 7676 1141
internal_value=-0.0228912 -0.0219336 -1.18639 -5.90939 -9.15503 -0.0189484 -0.263769 -41.7521 -0.119649 -0.0896037 -1.97582 -1.40099 -0.0115453 0.0871461 -53.8695 -105.164 0.127093 38.65 101.577 28.8188 -0.0309604 -0.277913 -1.15089 -37.5425 -50.3798 -0.915835 -4.72266 -32.7016 -50.5794 -99.1639
internal_weight=21993.9 21992.6 55.2178 4.74754 1.30326 21937.4 642.859 1.22588 641.633 640.601 21.9113 21.4065 21294.5 3499.91 1.59223 0.814941 3498.32 1.02297 0.105822 0.777287 17794.6 1784.57 407.466 1.59628 0.843796 405.87 40.3915 4.44445 2.39575 0.342348
internal_count=3571169 3546759 68930 32707 24410 3477829 102864 27848 75016 70471 37192 35254 3374965 585428 137418 98194 448010 47188 14741 39224 2789537 717572 537983 5626 5168 532357 31642 25476 25080 17404
is_linear=0
shrinkage=0.05


Tree=106
num_leaves=31
num_cat=0
split_feature=6 3 9 6 11 3 8 3 2 14 9 7 3 4 6 13 3 9 3 7 14 4 2 14 3 11 8 3 6 3
split_gain=130228 246214 130625 21637.4 177850 48616.6 19311.1 61230.3 47528.5 12070.4 279248 1.19637e+06 238533 1.29673e+06 127291 407873 154401 71416.1 136229 69400.7 1.01248e+06 402424 30448.5 24005.6 108197 28393.5 23788.1 17155.7 15893.8 84791
threshold=29.500000000000004 61211.880000000012 3.5000000000000004 25.500000000000004 1.0000000180025095e-35 238.50000000000003 559826.5881666668 59101.805000000008 56181.265000000007 1059630.2850000004 16.500000000000004 1105507.7100000002 423012.74500000005 104043.79000000002 19.500000000000004 8.2218321040272723e-10 28909.000000000004 10.500000000000002 52108.500000000007 5460395.8300000001 1.0000000180025095e-35 3271823.4650000003 74842.735000000015 855963.2850000005 107996.56000000001 4.5000000000000009 355043.44681818184 1161.5000000000002 17.500000000000004 53994.500000000007
decision_type=2 2 2 2 2 2 2 2 2 2 2 2 2 2 2 2 2 2 2 2 2 2 2 2 2 2 2 2 2 2
left_child=3 -2 -3 6 5 -5 9 -8 -9 14 12 26 17 -14 19 16 -16 -11 -19 23 21 -21 -15 28 27 -26 -12 -25 -1 -30
right_child=1 2 -4 4 -6 -7 7 8 -10 10 11 -13 13 22 15 -17 -18 18 -20 20 -22 -23 -24 24 25 -27 -28 -29 29 -31
leaf_value=-0.011980158486891443 -2.072730393466375 -3.1982102519226676 -34.244287242854455 -1.6031858644930059 -0.38719447524565909 -21.64600450543621 -0.40700605461553868 -0.93382029068369254 -10.888358303229417 0.064456446759973543 60.282640064768351 -5.1225008575890856 60.254417008967152 -0.68522745606143276 -4.9732442058373278 -1.2351344935101116 -38.862103220282116 -1.758747857359795 -21.570075117542785 60.419463234802869 -1.171315794335779 -1.8299928861852022 -12.737580313603056 -0.17821119093505142 -13.43310457209644 -1.3685188948113374 -0.14334844490199408 -1.5858818918283637 -0.41568380552981554 -11.119711912465025
leaf_weight=18322.697033413402 12.988242446493361 0.86381320651877602 0.014606819223335621 0.62159933871728812 34.346157553300934 0.30486517557947179 61.228513367940828 2.6226033055234739 1.5913309361894521 3854.9488194563496 0.012019429878782906 1.947394535221362 0.0083566103129245617 0.9649724900330412 0.99629755152409272 13.233461619337131 0.096076169038413872 6.1230152463461005 0.059223650465566879 0.010551708716512009 10.577684355068188 0.27269641332125927 0.58495043149319481 107.7802323821661 1.0605664043801519 0.97039509423615422 0.011575662855840996 26.192191314929914 25.073303823085073 1.0061489611958041
leaf_count=2946810 42334 7381 14493 10745 18830 12961 39808 3453 18035 171991 108 11644 439 13967 30989 27466 21630 15412 3002 243 15898 2525 47093 27300 17828 1914 97 16225 19537 10928
internal_value=-0.0108315 -4.68896 -21.6727 -0.0077365 -1.22794 -16.0137 -0.00576366 -0.856916 -6.0613 -0.00323576 0.0771234 15.4003 0.0653194 15.3279 -0.0200173 -4.5749 -25.1049 0.0551912 -4.92606 -0.0162419 3.80719 45.7612 -8.44727 -0.0186945 -0.678091 -10.0237 59.4544 -0.463165 -0.01377 -1.22421
internal_weight=22489.2 13.8667 0.87842 22475.3 35.2726 0.926465 22440.1 65.4424 4.21393 22374.6 3864.66 1.97099 3862.69 1.55828 18510 14.3258 1.09237 3861.13 6.18224 18495.6 10.8609 0.283248 1.54992 18484.8 136.003 2.03096 0.0235951 133.972 18348.8 26.0795
internal_count=3571086 64208 21874 3506878 42536 23706 3464342 61296 21488 3403046 263753 11849 251904 61499 3139293 80085 52619 190405 18414 3059208 18666 2768 61060 3040542 63267 19742 205 43525 2977275 30465
is_linear=0
shrinkage=0.05


Tree=107
num_leaves=31
num_cat=0
split_feature=6 0 0 9 9 3 0 3 3 13 4 3 14 0 8 9 0 3 6 13 3 14 10 9 6 13 2 13 9 2
split_gain=169021 1.76861e+06 3.70061e+06 292642 175235 218200 42519.7 40014.2 34430.4 34150.1 29814.2 153272 30099.8 27887.8 20900.1 789381 477524 26510 18164.8 153591 36360.1 17059.3 17272.1 16625.3 145552 269599 47729.2 734842 85748.4 46184.5
threshold=29.500000000000004 90.500000000000014 40.500000000000007 6.5000000000000009 9.5000000000000018 59101.805000000008 322.50000000000006 40211.500000000007 50852.55000000001 561104.35000000021 8000365.4750000006 80678.000000000015 6488823.5850000009 310.50000000000006 726671.25833333342 58.500000000000007 179.50000000000003 57027.320000000007 24.500000000000004 1.4042598195374014e-09 163.50000000000003 7742368.6700000018 3.5000000000000004 1.5000000000000002 19.500000000000004 8.2218321040272723e-10 1690.1800000000003 8662.8550000000214 127.50000000000001 833148.21000000008
decision_type=2 2 2 2 2 2 2 2 2 2 2 2 2 2 2 2 2 2 2 2 2 2 2 2 2 2 2 2 2 2
left_child=6 2 -2 -4 9 -6 10 -8 -9 13 14 -12 -13 -3 18 17 -17 -16 21 20 -20 23 -23 -1 26 29 27 28 -25 -26
right_child=1 4 3 -5 5 -7 7 8 -10 -11 11 12 -14 -15 15 16 -18 -19 19 -21 -22 22 -24 24 25 -27 -28 -29 -30 -31
leaf_value=0.03980505842435425 -4.2929829427926451 -2.0273688767372096 -1.2573986011790881 121.13055204432675 -2.084073003450587 -28.926790469027754 -1.3154731675426856 -0.31179046703777946 -16.799725262355437 3.4994014215583249 -0.67666888957038918 -19.624225175952237 -1.3546163942774667 1.32768161591721 -0.2939684058001869 53.054679552366736 -0.36054893954193712 -6.7527710094152047 -1.4797892416957947 -0.32173321729855203 -17.149378049060068 -6.945510578858479 -0.23445052420798526 -41.115188115784775 -22.197811115226553 -1.4551355993568564 -0.036101951713562772 -0.41851372382095997 -0.59935334782106586 -0.65336515582854782
leaf_weight=10133.39180024762 1.4769789395576376 6.3001961465252085 0.029883801427199926 0.0032167430414107327 3.5691973757632702 0.029968836782909292 3.6808160206323266 0.51885147182048652 0.0086659496548728843 15.922536240391571 33.28725546231103 0.33863937614896433 0.46403190085425516 42.850213339833154 28.243943321587871 0.13869240348966172 0.64001365432285795 0.69176433528570314 0.73352531659759967 47.3551168585239 0.74201087135821009 0.77951091326567423 2.2411574402231977 0.28310776022322137 1.3056346317267151 9.7295300964875917 11656.611129267476 37.257958258695353 0.17907811735545387 0.34900143688790519
leaf_count=1882556 5588 21021 1967 169 20140 10414 15171 668 7498 4600 39961 16178 1905 165 15980 438 534 8803 12006 21356 15162 2225 302 7760 45016 24646 1381970 3228 97 3127
internal_value=-0.00354711 2.42895 43.6566 116.368 0.908706 -8.54964 -0.011432 -4.52858 -11.4067 1.5534 -0.0103597 -1.46663 -15.6756 0.865675 -0.00802795 1.29535 33.6293 -0.668963 -0.00985644 -0.963405 -13.1061 -0.00768043 -3.26426 -0.00708033 -0.0476684 -5.46539 -0.0419271 -1.7945 -36.5664 -19.6134
internal_weight=22029.2 70.1822 1.51008 0.0331005 68.6721 3.59917 21959 4.20833 0.527517 65.0729 21954.8 34.0899 0.802671 49.1504 21920.7 29.7144 0.778706 28.9357 21891 48.8307 1.47554 21842.1 3.02067 21839.1 11705.7 11.3842 11694.3 37.7201 0.462186 1.65464
internal_count=3570651 64064 7724 2136 56340 30554 3506587 23337 8166 25786 3483250 58044 18083 21186 3425206 25755 972 24783 3399451 48524 27168 3350927 2527 3348400 1465844 72789 1393055 11085 7857 48143
is_linear=0
shrinkage=0.05


Tree=108
num_leaves=31
num_cat=0
split_feature=4 3 3 4 3 8 9 3 4 7 3 13 7 7 8 8 7 9 3 13 2 14 3 2 3 8 7 3 13 4
split_gain=72151.7 191010 95212.4 38673 106095 25630.9 52163.7 39972.4 18890.9 672072 3.26794e+06 1.38115e+06 82393.2 514575 720801 235709 76753.4 253460 52165.2 56094.2 40374.6 39846.3 29997.7 22448.8 21388.8 18757.4 70785.7 481648 535111 142045
threshold=15890731.275000002 156821.69000000003 161526.34500000003 9540369.8850000035 55428.500000000007 559826.5881666668 6.5000000000000009 57027.320000000007 6291460.0200000005 286146.32500000007 78786.345000000016 105858.93000000001 7589735.205000001 7317277.4800000004 253282.73666666669 251976.52200000003 5342983.4350000015 12.500000000000002 47431.245000000003 645082.83000000019 621990.27500000014 5696855.370000002 51720.500000000007 318131.34000000003 50852.55000000001 217919.19333333333 2346013.7200000002 55428.500000000007 1319.7350000000004 1.0000000180025095e-35
decision_type=2 2 2 2 2 2 2 2 2 2 2 2 2 2 2 2 2 2 2 2 2 2 2 2 2 2 2 2 2 2
left_child=3 -2 -3 5 -5 8 -7 -8 12 10 -10 -12 13 16 15 -15 25 22 -14 -20 21 -19 -18 -11 -25 26 -1 -28 29 -29
right_child=1 2 -4 4 -6 6 7 -9 9 23 11 -13 18 14 -16 -17 17 20 19 -21 -22 -23 -24 24 -26 -27 27 28 -30 -31
leaf_value=-0.029182462612488753 -0.78248232439059195 14.256598470070552 -3.8591743384460502 -1.0901494558998954 -15.94885185483998 -0.54476626812939599 -2.9013314170541351 -14.87991389487267 -0.77736100009795894 0.11002181704551253 -1.4150434746575939 108.91697918019379 -2.4166302051817197 -2.0218762849027092 -4.2029631456613306 59.551458681529596 -0.6947354175358802 -27.143471459246953 -19.558392424266593 -1.0920215196761589 -0.72251197903141617 -0.25936506592514463 -6.2344542048576086 -1.1452194565951721 -9.2154286398481471 0.065777387216507319 -0.5539084530881897 -0.75261001304736408 -4.6645751868138134 -49.198199295778373
leaf_weight=14493.620250384396 8.18843304512699 3.2747461795806889 0.43289480450915263 11.827766268607146 0.36333999672359674 47.400650327859267 4.601863611967465 0.051600748888611103 6.233507092339579 1404.7368273602578 0.34549946245871677 0.12345594086491563 8.0473244780094628 0.10824222043337554 0.883999064293578 0.026107142627840044 22.768752722342793 0.33222570355518699 0.10423223174482565 0.85969212130447381 0.28139402328775209 0.1758721731791274 1.7931031609900134 4.0614266727221304 0.17114641177720447 6205.5198617771221 87.953161675196725 0.20895273983478482 3.5118125689995816 0.22148077741422076
leaf_count=2520907 11946 22 3914 27855 14207 31273 14690 8140 2802 40345 1185 182 22213 1748 5239 89 32150 31990 10908 1998 3828 275 18062 11605 3987 612112 88317 186 21391 27722
internal_value=-0.00021901 3.73864 11.7699 -0.00238069 -2.70886 -0.000779049 -1.09846 -5.64355 0.00183894 0.178513 14.9078 82.0001 -0.0101782 -0.0079967 25.237 51.8892 -0.0104442 -2.70721 -4.54507 -12.0335 -20.9009 -24.1836 -1.32743 0.0979189 -3.1713 -0.00702563 -0.038003 -1.41382 -16.6038 -42.6511
internal_weight=22318.2 11.8961 3.70764 22306.3 12.1911 22294.1 52.0541 4.65346 22242.1 1415.67 6.70246 0.468955 20826.4 20817.4 1.01835 0.134349 20816.4 25.3513 9.01125 0.963924 0.789492 0.508098 24.5619 1408.97 4.23257 20791 14585.5 91.8954 3.94225 0.430434
internal_count=3571288 15882 3936 3555406 42062 3513344 54103 22830 3459241 60106 4169 1367 3399135 3364016 7076 1837 3356940 86305 35119 12906 36093 32265 50212 55937 15592 3270635 2658523 137616 49299 27908
is_linear=0
shrinkage=0.05


Tree=109
num_leaves=31
num_cat=0
split_feature=4 3 6 8 9 7 6 3 3 0 9 3 8 0 2 0 0 4 10 3 3 9 0 2 7 3 9 8 6 3
split_gain=67426 111687 37186.5 32590.3 129617 44509.9 29893.9 18979.8 14302.1 13835.8 58917.4 1.07265e+06 132352 82697.5 131433 56080.3 882106 3.87531e+06 334065 469179 330712 285582 34433.7 48741.6 33192 184787 98226.6 39064 24766.9 23624.5
threshold=9540369.8850000035 71969.810000000012 2.5000000000000004 559826.5881666668 6.5000000000000009 1045539.0800000002 35.500000000000007 21257.500000000004 9426.0000000000018 259.50000000000006 75.500000000000014 107996.56000000001 413571.70850686502 139.50000000000003 33214.085000000006 272.50000000000006 263.50000000000006 5058.5000000000009 1.0000000180025095e-35 290745.03000000009 7053.5000000000009 -1.0000000180025095e-35 250.50000000000003 14310.640000000001 408166.57000000001 107996.56000000001 4.5000000000000009 413571.70850686502 30.500000000000004 78786.345000000016
decision_type=2 2 2 2 2 2 2 2 2 2 2 2 2 2 2 2 2 2 2 2 2 2 2 2 2 2 2 2 2 2
left_child=3 -2 -3 6 8 -6 9 -8 -5 10 22 13 -13 14 29 16 18 20 -11 -20 -18 -22 28 -24 -25 -26 -27 -28 -1 -12
right_child=1 2 -4 4 5 -7 7 -9 -10 15 11 12 -14 -15 -16 -17 17 -19 19 -21 21 -23 23 24 25 26 27 -29 -30 -31
leaf_value=0.011467140098815285 -1.5070912587781251 -1.6662548594244937 -19.24344472470916 -0.25608783401251051 -2.9114891528928868 -19.819405339114521 -1.2524898371565456 -9.472075201142923 -3.0555985493716782 0.0094457923485113532 -22.534017226843361 -47.257038758073428 -1.4525773926962522 -0.2444815504754595 -2.4436963078148448 0.037039388227997232 0 4.347259095342376 -0.78599347633589978 33.063929414888669 109.37412337654908 -0.04536267971110166 -7.4427287078165136 -0.20677416992676745 -0.74297385939668625 -3.637606446296537 -25.780133417991273 -1.08664875850193 -3.6788538887498272 -0.94082777329723732
leaf_weight=17771.447017132905 12.36421601062311 0.65565962441050962 0.36451708468948685 31.235514228341717 1.1988055608704069 0.22357375560646975 2.3773711171705139 0.29950235277665349 4.3924919567190797 332.56338565699048 0.10229924598745094 0.39062954849509779 0.25183673272840679 175.22698684312411 11.823661081487158 4514.6138146983703 0.082398758403903538 12.61599108163252 2.1973897986507245 0.84536615223650136 0.11464917927237556 0.062030655448325922 1.4448976714944581 465.19860595534215 68.525800352406961 2.3440009524457137 0.28595590211829991 0.28840710087263233 3.5477357463132639 0.24671215609488789
leaf_count=2421906 39627 2397 15838 15555 4068 18657 9911 7353 15796 50208 3741 20190 614 16445 35124 652603 951 1978 1501 487 2048 32 59815 69460 62445 7318 18754 999 15108 188
internal_value=0.00405315 -3.41814 -14.366 0.00615643 -1.45596 -12.6559 0.00853716 -4.4995 -0.675369 0.00924642 -0.0104811 -0.888659 -41.1213 -0.533167 -4.35442 0.0842853 0.69449 13.0488 0.18316 14.4696 96.782 103.563 -0.00141547 -0.395097 -0.362304 -1.35811 -11.925 -21.9499 0.0105234 -19.2861
internal_weight=23417.3 13.3844 1.02018 23403.9 37.0504 1.42238 23366.9 2.67687 35.628 23364.2 18501.1 188.042 0.642466 187.4 12.1727 4863.1 348.481 12.8751 335.606 3.04276 0.259079 0.17668 18313.1 538.088 536.643 71.4442 2.91836 0.574363 17775 0.349011
internal_count=3571117 57862 18235 3513255 54076 22725 3459179 17264 31351 3441915 2732107 76302 20804 55498 39053 709808 57205 5009 52196 1988 3031 2080 2655805 218791 158976 89516 27071 19753 2437014 3929
is_linear=0
shrinkage=0.05


Tree=110
num_leaves=31
num_cat=0
split_feature=4 9 3 8 3 13 14 6 4 13 3 14 2 13 3 3 7 3 13 8 6 0 4 2 2 3 9 14 3 0
split_gain=76040.2 58740.8 52024.3 29572.1 87875.4 56287.9 26405.5 162941 247712 1.14151e+06 194077 96580.1 68880.5 374634 952772 998893 6.43296e+07 2.76144e+07 783220 799324 689684 545173 85092.7 44350 973447 436930 55263.3 39178.1 87433.4 872665
threshold=9540369.8850000035 5.5000000000000009 53.045000000000009 559826.5881666668 19428.500000000004 561104.35000000021 236231.16000000012 23.500000000000004 7170104.330000001 105858.93000000001 53994.500000000007 128118.65500000012 204502.29500000001 3354.1400000000008 892689.65000000014 121858.00000000001 738162.10500000021 813873.76500000013 1319.7350000000004 304104.6747307693 13.500000000000002 9.5000000000000018 502769.57000000001 552686.07500000007 583963.12000000011 1.0000000180025095e-35 11.500000000000002 8.7766238721087588e-11 174408.02000000005 299.50000000000006
decision_type=2 2 2 2 2 2 2 2 2 2 2 2 2 2 2 2 2 2 2 2 2 2 2 2 2 2 2 2 2 2
left_child=3 -2 -3 6 -5 -6 7 8 12 -10 -9 -11 27 14 15 23 17 18 19 -17 -18 22 -16 -14 25 26 -25 28 -1 -30
right_child=1 2 -4 4 5 -7 -8 10 9 11 -12 -13 13 -15 21 16 20 -19 -20 -21 -22 -23 -24 24 -26 -27 -28 -29 29 -31
leaf_value=0.0021170884853123312 -2.0060970816354473 -1.3427177820329455 -17.781985441604657 -0.55921361328226071 -16.984595898764937 -2.8401014438910215 0.0531046949887269 -2.5689422003899698 -2.2646889484334189 60.486870295893908 -24.248094523158546 -0.76452859196232303 -0.35576841810554111 -0.015705595271977148 60.134664256904969 -485.08894142078708 -24.462366644251816 -1.0701521274619434 -0.09367504467657059 -6.5517924193226964 0.50567462394298723 -7.9872285228244229 -1.0709452996456579 60.803253277952194 -1.7274217902665061 -0.32209629861364558 -0.2882434601055559 -0.19206069702558884 0.70147982809224374 41.621841204886692
leaf_weight=8769.9275266841742 9.0721626586035633 1.0328536034498399 0.34084059588231719 32.040015419089634 0.37384138671448042 2.5634819395928763 9714.5085018935297 4.5266025462565551 3.1475708341860913 0.0077745595777375656 0.46513213477234572 0.0422492237514491 123.69898156142244 1018.4080686051599 0.0053733258050116589 0.0099086002983620053 1.8788447669193136 0.45202177767062601 0.0091919396072630555 0.036828521678736223 69.666077321705643 0.15006304483489546 0.023584485602494591 0.0058216429085430578 12.678939390652536 0.43128627822970533 0.028514115496143664 2539.6506387081936 283.7367980988069 0.30936453527880203
leaf_count=1419638 30022 13389 14496 29165 14020 10599 945256 30188 7265 123 16328 602 247715 65488 387 29018 9596 575 83 550 3417 38618 628 245 44679 3173 1129 337244 229741 27164
internal_value=-0.0134309 -4.08778 -11.1966 -0.0113647 -1.44372 -8.49811 -0.00907824 -0.0561648 -0.0523089 12.092 -8.29963 57.2895 -0.0562809 -0.412292 -2.33478 -2.57579 -7.29665 -330.483 -470.48 -474.516 -0.478108 42.5487 57.6861 -0.0551604 2.59856 41.2042 58.8356 -0.0185552 0.0301286 0.891927
internal_weight=22589.2 10.4459 1.37369 22578.8 34.9773 2.93732 22543.8 12829.3 12824.3 3.19759 4.99173 0.0500238 12821.1 1227.48 209.075 208.896 72.0529 0.507951 0.0559291 0.0467371 71.5449 0.179021 0.0289578 136.844 13.1446 0.465622 0.0343358 11593.6 9053.97 284.046
internal_count=3570541 57907 27885 3512634 53784 24619 3458850 2513594 2467078 7990 46516 725 2459088 445301 379813 340180 43239 30226 29651 29568 13013 39633 1015 296941 49226 4547 1374 2013787 1676543 256905
is_linear=0
shrinkage=0.05


Tree=111
num_leaves=31
num_cat=0
split_feature=6 8 2 0 13 13 13 2 2 2 0 9 2 0 9 9 2 7 6 13 4 13 2 2 13 2 9 13 14 7
split_gain=54728.8 41403.7 27758.1 36747.7 23294.3 23215.6 247948 944650 258925 213992 558587 1.70994e+06 297904 899660 210180 419814 999361 403387 187399 929895 283786 175586 101393 127564 60917.2 161084 70313.7 59349.1 117376 674445
threshold=35.500000000000007 559826.5881666668 53004.80000000001 130.50000000000003 28045.490000000016 4.3883119360543794e-11 4.2746250983327634e-11 282487.21500000003 313174.37000000005 441427.84500000003 9.5000000000000018 -1.0000000180025095e-35 428973.84500000003 306.50000000000006 11.500000000000002 9.5000000000000018 26764.265000000003 4104468.5200000005 29.500000000000004 1.4324541552923621e-11 4704807.2950000009 6.2755134422332059e-10 441427.84500000003 47012.280000000006 1.4460965758189562e-10 675815.54500000004 124.50000000000001 8662.8550000000214 13289.910000000002 1105507.7100000002
decision_type=2 2 2 2 2 2 2 2 2 2 2 2 2 2 2 2 2 2 2 2 2 2 2 2 2 2 2 2 2 2
left_child=1 5 -3 -4 -2 6 9 -8 -9 12 -11 -12 18 -14 15 27 -17 24 -1 -20 -21 22 23 -19 -16 26 -26 -7 29 -29
right_child=4 2 3 -5 -6 14 7 8 -10 10 11 -13 13 -15 17 16 -18 21 19 20 -22 -23 -24 -25 25 -27 -28 28 -30 -31
leaf_value=0.045607434464141478 -9.6117338916449508 -0.56235321652762083 -1.5252106158589072 -7.4584348234282309 -1.3304001423018079 -1.4018782483964811 -1.1412540944273535 -0.17341740253498583 59.752887678541882 -0.34669592603932275 -62.119997373923596 -4.9088038116605182 -4.3640631460839421 48.642923086748297 -1.1945761274267424 58.095974163844907 -4.1206577414636856 -6.9920656405747001 -1.744985090234761 -0.46428970107506906 57.562549837747 -2.4628901707529733 -3.8157917461009241 -39.11988519246367 -21.489577472503917 -0.1036111120053692 -0.17963617210392016 -0.74452458286703882 -0.034271131627097155 32.7245572538543
leaf_weight=13538.098798480432 1.0519931452194606 19.568251366301183 8.7198686828290359 3.2335830477804235 2.1104226651028113 78.333887372620666 3.6477338830818802 0.21191397250465097 0.015963722058499802 41.076638154395866 0.53131672977289568 10.471441774562875 1.8441218944498539 0.244502888830611 75.920187222855247 0.038033004551344951 1.3942958323300785 1.0958540037226649 4.1975614191741908 0.24332811154011774 0.053717831528877269 1.9988429890398833 0.95698721520694086 0.44129655715209648 0.79972928771145235 3.8460000588360574 0.51541800905531066 8.0295855185121425 9394.2551363466628 0.84067979519033009
leaf_count=2315998 16589 8652 15492 37838 11638 42426 4096 236 1165 2055 31385 79536 6945 376 83422 463 5807 6203 6281 369 398 4190 8602 36994 17183 1208 74 2620 821563 830
internal_value=-0.000974498 5.38025e-05 -1.78273 -3.5825 -5.73377 0.00255634 0.0445357 11.318 49.2652 0.0404899 -3.12804 -12.6172 0.0529033 15.5795 -0.0571111 -0.0347173 20.7351 -2.50955 0.0493581 9.28142 46.3148 -15.6392 -22.4705 -28.001 -1.60026 -6.40461 -16.8251 -0.0400418 -0.0285485 5.4211
internal_weight=23203.8 23200.6 31.5217 11.9535 3.16242 23169.1 13600.6 3.87561 0.227878 13596.8 52.0794 11.0028 13544.7 2.08862 9568.47 9482.89 1.43233 85.5743 13542.6 4.49461 0.297046 4.49298 2.49414 1.53715 81.0813 5.16115 1.31515 9481.46 9403.13 8.87027
internal_count=3570634 3542407 61982 53330 28227 3480425 2448840 5497 1401 2443343 112976 110921 2330367 7321 1031585 873709 6270 157876 2323046 7048 767 55989 51799 43197 101887 18465 17257 867439 825013 3450
is_linear=0
shrinkage=0.05


Tree=112
num_leaves=31
num_cat=1
split_feature=1 3 3 3 12 5 0 13 5 0 8 3 6 4 6 8 3 3 3 13 11 3 13 7 7 13 8 5 4 3
split_gain=89717.1 1.2974e+06 3.05911e+06 1.01677e+06 948977 436328 184709 1.16089e+06 871259 112029 111732 108273 59688.8 55304.4 52571.1 30173.3 54736.2 29053.5 1.36946e+06 2.41486e+06 482476 133319 87269.1 55381.3 3.80871e+06 1.23832e+07 3.8437e+06 981309 7.16316e+06 3.70504e+06
threshold=0 1351313.6350000002 125479.34000000001 118610.99500000001 7.5000000000000009 11.755985244970653 163.50000000000003 2.9162094961066037e-10 11.707664521161814 11.500000000000002 665064.78250000009 1.0000000180025095e-35 21.500000000000004 15890731.275000002 35.500000000000007 559826.5881666668 115033.45000000001 125479.34000000001 118610.99500000001 19515.355000000007 1.5000000000000002 115033.45000000001 76109.820000000022 531684.25000000012 620213.39500000014 5938.3350000000328 151284.00312500002 12.969153559761168 885672.97000000009 423012.74500000005
decision_type=9 2 2 2 2 2 2 2 2 2 2 2 2 2 2 2 2 2 2 2 2 2 2 2 2 2 2 2 2 2
left_child=14 2 3 6 13 -5 -2 8 10 -3 11 -8 -13 -4 15 17 -17 18 21 20 -20 -1 -23 -19 25 26 -25 -26 29 -29
right_child=1 9 4 5 -6 -7 7 -9 -10 -11 -12 12 -14 -15 -16 16 -18 23 19 -21 -22 22 -24 24 27 -27 -28 28 -30 -31
leaf_value=-0.008535106080965112 -0.61489211468955363 57.815102056322246 -101.21880723486839 58.426375578152175 -4.4445825982651241 -2.5868861214814522 -0.69816314359568044 -1.0550850233747908 -2.6475284176257317 -2.1237744798285276 -0.18633773718886854 -76.785296551844368 -0.89642561618817129 -0.48472015935566692 -6.7030821001617626 -0.95049634071426059 -9.5097288434466911 -0.013448317294337027 -101.10821523849343 -5.1105280328113958 -0.032638944108976504 -20.634571785460107 -3.2445076230991123 212.51164725083245 0.15642424416829462 -3.3373417895434958 -10.586127651952793 -11.740439637245771 -5.810274435800725 165.79863630939519
leaf_weight=16813.853462100647 168.84136788833126 0.01023779242561214 0.012611982008371658 0.028798340930758948 0.48560644798578101 0.29662973952509053 0.072702052091680236 16.084042543262864 1.0522890959636846 0.010237791575491468 0.065347126510518161 0.082867835897049547 0.051169436424952197 0.023714978247880936 1.9151225275090826 30.183857681875399 1.0216318731673357 3314.1339973862728 0.032029340656415051 3.6110370113585963 0.13415862619876862 0.19399563574325274 3.1629019841443511 0.10770967244969162 2123.2758297656947 3.3077867125528644 0.12432742980790448 0.23611326183042441 5.1130894189847913 0.06565366898222974
leaf_count=1099101 631650 14646 333979 9632 9384 2514 268396 77503 171959 370057 782 411254 2380 802 13405 28077 2749 56229 3917 1793 2 2148 824 943 51182 1489 1034 896 2217 412
internal_value=0.00159398 -1.05773 -1.41318 -0.832765 -72.0166 42.8161 -1.13731 -5.89522 -38.9316 55.1277 -66.8611 -70.3131 -74.156 -99.3862 0.0109991 0.0118814 -1.51745 0.0140929 -0.0184065 -26.7851 -89.5127 -0.010802 -8.75604 0.114453 0.313165 46.0618 181.402 0.215494 19.7421 124.574
internal_weight=22487.6 187.118 187.097 186.575 0.521933 0.325428 186.25 17.4084 1.32438 0.0204756 0.272086 0.206739 0.134037 0.036327 22300.5 22298.6 31.2055 22267.4 16821 3.77722 0.166188 16817.2 3.3569 5446.36 2132.23 3.53982 0.232037 2128.69 5.41486 0.301767
internal_count=3571356 2304938 1920235 1576070 344165 12146 1563924 932274 854771 384703 682812 682030 413634 334781 1266418 1253013 30826 1222187 1107785 5712 3919 1102073 2972 114402 58173 3466 1977 54707 3525 1308
cat_boundaries=0 1
cat_threshold=2
is_linear=0
shrinkage=0.05


Tree=113
num_leaves=31
num_cat=0
split_feature=6 3 4 3 2 2 7 0 3 2 11 8 3 2 8 0 2 0 3 7 2 13 12 3 9 4 14 9 2 7
split_gain=77586.1 71353.7 46337.2 67708.9 33806 1.4965e+06 3.99528e+06 367154 40530.6 232377 1.04922e+06 173240 153447 136913 131412 122605 65151.8 55629.8 101620 140273 483000 110097 53766.8 51539.7 49661 57486.3 1.17315e+06 402001 47814.7 156861
threshold=35.500000000000007 774.40500000000009 9540369.8850000035 55428.500000000007 510.46000000000004 171.64000000000001 30928.460000000003 226.50000000000003 91389.24500000001 73150.085000000006 1.0000000180025095e-35 452487.90950000001 94470.000000000015 154728.65500000003 473245.44450000004 300.50000000000006 80231.920000000027 22.500000000000004 55428.500000000007 1546257.05 125469.93000000001 745807.49000000022 11.500000000000002 80678.000000000015 24.500000000000004 36206.010000000009 3689.9849999999874 5.5000000000000009 91150.985000000015 923562.1050000001
decision_type=2 2 2 2 2 2 2 2 2 2 2 2 2 2 2 2 2 2 2 2 2 2 2 2 2 2 2 2 2 2
left_child=2 -2 4 -4 5 -1 7 -7 16 10 12 22 -10 -13 15 -14 23 -18 -19 24 21 -21 28 -6 25 26 -20 -27 29 -11
right_child=1 -3 3 -5 8 6 -8 -9 9 11 -12 13 14 -15 -16 -17 17 18 19 20 -22 -23 -24 -25 -26 27 -28 -29 -30 -31
leaf_value=0.21466900210239992 -0.82126040409532042 -18.879081861603794 -1.3611329256406088 -11.90254950280096 -0.0042375348606430302 -3.5817850322770131 -8.6499239894930646 120.42081987128233 -3.0149935039199751 -0.60870351345392248 -1.19005695391213 -2.3726783407207881 -45.41920731233666 -21.857500210738301 -1.8517949323760208 -6.6161791646979387 -0.044226364207991267 -0.38763173372788978 -54.688463400864727 -42.440620271379331 -0.43702233159172155 -0.21414925995046652 -7.0768027178016659 -3.0033539465964956 -0.63477401320530402 -0.5373285961018871 -0.83564952570372286 -30.513724562776872 0.12714216101749731 -13.357870689012344
leaf_weight=372.8063875048249 1.3608144490852425 0.040565996872085619 10.402882672702345 0.86414111459298126 10437.153150991517 0.0037418243023299917 1.4182768169349895 0.001238612579152427 0.70462070117866327 119.11462635386067 42.21598243666557 2.840160011504052 0.95759093680852858 0.55849496329381176 0.39474291142179252 0.66826564727024651 1180.1600554534368 1202.3899178269382 0.11635441685765613 0.10969671628542874 3.397282230562455 0.19142792253279187 1.6026378585293048 13.344732236786511 57.98535611429773 30.20932967472158 11.108503121213941 0.16323826949749687 7520.8245472103317 1.466979485293108
leaf_count=14027 13377 14866 31549 15403 1303772 16356 2867 8950 5041 23744 68779 8157 319623 17860 2854 30740 147484 966909 12085 2643 13312 202 14809 21373 10566 10575 3916 8168 443305 18554
internal_value=-0.00331701 -8.99015 -0.00228965 -3.07441 -0.000494989 0.469836 39.6354 116.39 -0.0090504 0.0818381 -3.46359 0.103127 -28.9075 -9.81693 -33.9477 -38.0656 -0.0630911 -0.293106 -0.517852 -2.01556 -10.4893 -36.3965 0.108822 -0.00835472 -1.59965 -2.89805 -5.82217 -1.66609 0.111256 -0.872441
internal_weight=21014.6 1.40138 21013.2 11.267 21001.9 374.23 1.42326 0.00498044 20627.7 7691.35 44.9412 7646.41 2.72522 3.39865 2.0206 1.62586 12936.3 2485.83 1305.67 103.281 3.69841 0.301125 7643.01 10450.5 99.5828 41.5974 11.2249 30.3726 7641.41 120.582
internal_count=3571866 28243 3543623 46952 3496671 42200 28173 25306 3454471 953466 427037 526429 358258 26017 353217 350363 2501005 1175860 1028376 61467 16157 2845 500412 1325145 45310 34744 16001 18743 485603 42298
is_linear=0
shrinkage=0.05


Tree=114
num_leaves=31
num_cat=0
split_feature=4 9 0 0 11 3 3 6 4 3 3 3 2 9 3 0 8 4 11 6 2 3 7 2 4 13 3 7 9 2
split_gain=155353 549009 85941.4 80250.2 78678.4 473122 129966 67507.8 31976.1 43270.6 27095.7 22808.4 409564 1.31021e+06 403022 324384 158459 59230 241844 32555.7 24746.3 209057 96246.3 185101 189097 185045 41766.3 41129.4 30053 30935.7
threshold=15890731.275000002 -1.0000000180025095e-35 252.50000000000003 322.50000000000006 11.500000000000002 300659.00000000006 321264.32500000007 35.500000000000007 9540369.8850000035 82611.000000000015 494.16500000000002 73433.195000000022 73150.085000000006 7.5000000000000009 80678.000000000015 34.500000000000007 559826.5881666668 1.0000000180025095e-35 1.0000000180025095e-35 25.500000000000004 73150.085000000006 55428.500000000007 833091.16500000015 137752.24000000002 1.0000000180025095e-35 775920.89000000013 1.0000000180025095e-35 541798.83500000008 24.500000000000004 286436.90000000008
decision_type=2 2 2 2 2 2 2 2 2 2 2 2 2 2 2 2 2 2 2 2 2 2 2 2 2 2 2 2 2 2
left_child=3 2 -2 4 7 -6 -7 8 11 -10 -9 19 13 17 -15 -16 -17 18 -13 20 -1 26 28 24 -24 -26 27 -22 29 -23
right_child=1 -3 -4 -5 5 6 -8 10 9 -11 -12 12 -14 14 15 16 -18 -19 -20 -21 21 22 23 -25 25 -27 -28 -29 -30 -31
leaf_value=0.0007792002947466872 -0.55049596498770925 -2.0481398964257127 31.949578038209808 -7.8541962672369383 -1.0334686168286871 27.591890369457889 -2.3807336048857972 -0.87599342764504728 -1.412256120379781 -12.169172647380485 -13.029844451496178 -29.528925432777346 0.085755329591773774 -7.0236891392339134 -1.2172291760276779 -69.338488830749895 -1.5770323492610219 -1.7539444254981218 -0.87010151441120342 -2.0993050237115534 0.14038668555007791 -5.0697086637109967 -0.66934469858414503 -0.3331151616387002 -39.165958677152013 -0.43786446956385494 -0.40679919387172919 -0.50440028708579343 -1.1220992792542299 -0.43039806342794196
leaf_weight=10828.515770966293 0.18987578409402961 4.2532974564402677 0.91432154428673018 2.2465744537948913 9.0790073675719825 1.2161096334457397 0.25382710621727667 0.92172886778670482 6.7880742873020559 0.16311373948347352 0.38302873411858807 0.0039351302096121135 9918.5772347020902 1.1173551855621466 0.29117653033381691 0.27492275644307157 0.1437308341301462 37.405347228782865 3.0060306702324477 18.077616483555175 1412.9443886894987 14.747442660106017 0.93925332267331652 2.5324806001490874 0.25540999205560461 0.43958879104546972 816.47107126425453 298.75328142777653 18.379767602308608 4.9145247988256076
leaf_count=1266089 505 14984 454 23745 11661 72 4536 11274 22305 10097 13141 287633 545610 1420 1738 80010 1501 95454 1814 45672 118606 15207 174 11975 3228 492 568482 400415 5239 7115
internal_value=0.00842922 7.8234 28.7529 0.00630539 0.00739604 4.1333 23.5458 0.00535806 0.00620135 -3.16404 -8.55147 0.00727951 0.0645948 -4.79089 -37.7277 -53.6817 -63.5884 -2.42668 -8.26336 -0.0352729 -0.0323313 -0.171768 -3.62038 -10.1204 -19.4012 -29.3833 -0.112781 0.0276163 -2.66731 -3.9873
internal_weight=23404.2 5.35749 1.1042 23398.8 23396.6 10.5489 1.46994 23386 23384.7 6.95119 1.30476 23377.8 9960.82 42.2425 1.82719 0.70983 0.418654 40.4153 3.00997 13417 13398.9 2570.38 42.2085 4.16673 1.63425 0.694999 2528.17 1711.7 38.0417 19.662
internal_count=3570648 15943 959 3554705 3530960 16269 4608 3514691 3490276 32402 24415 3457874 1015180 469570 84669 83249 81511 384901 289447 2442694 2397022 1130933 43430 15869 3894 3720 1087503 519021 27561 22322
is_linear=0
shrinkage=0.05


Tree=115
num_leaves=31
num_cat=1
split_feature=0 5 5 6 9 4 3 3 5 5 9 3 10 1 3 3 13 0 5 12 13 5 3 4 9 5 3 3 7 4
split_gain=201328 994253 335034 97519.2 60038.9 44624.7 58765.5 27579.2 338777 134694 625731 102687 76287.2 52317.7 1.30898e+06 2.93372e+06 343955 245706 48613.2 46932.3 49678.5 41758.9 75052.6 51410.9 44926.5 37250.3 73045.7 36245.8 34764.2 34447.7
threshold=322.50000000000006 10.164326229586583 10.135158442523524 33.500000000000007 6.5000000000000009 9540369.8850000035 80678.000000000015 62331.500000000007 10.255220077429811 11.048146642606431 7.5000000000000009 60121.000000000007 2.5000000000000004 0 892689.65000000014 121858.00000000001 76109.820000000022 12.500000000000002 11.690952563764482 4.5000000000000009 70961.845000000103 11.175810681935761 55428.500000000007 8363.3750000000018 5.5000000000000009 10.9066800303729 75854.530000000013 203917.35500000001 441884.78000000009 1.0000000180025095e-35
decision_type=2 2 2 2 2 2 2 2 2 2 2 2 2 9 2 2 2 2 2 2 2 2 2 2 2 2 2 2 2 2
left_child=3 2 -2 5 -5 7 -7 11 19 10 25 21 13 -11 15 -15 -17 -16 -14 20 -9 -1 -23 -24 -25 -10 -27 -28 -13 -30
right_child=1 -3 -4 4 -6 6 -8 8 9 12 -12 28 18 14 17 16 -18 -19 -20 -21 -22 22 23 24 -26 26 27 -29 29 -31
leaf_value=-0.029479370271864813 -2.0040414208719013 -8.4687118937339303 59.482440430048058 -1.837930769554954 -15.211335195640372 -1.5546243358674867 -12.146627826028269 -25.550436212060593 -0.87769681158892754 0.071147779130654162 -37.515758023869495 -3.2264833723149025 -2.0217568311597502 -0.81265923483899494 58.816760592942153 -92.634588361592733 -4.0135657858416129 -4.9490420118248402 -13.677685965877963 -0.9701027196285481 -1.5061554550473319 -0.27533578070659509 -2.5966725413556775 -0.4351969534577933 -19.588032712953339 -1.2722827983147056 -16.787906989379405 -2.4255563585778441 -0.65158641907222536 -16.328738864671955
leaf_weight=8657.7228844089914 0.20205550268217629 1.5374374870960501 0.02813717722892764 2.370467068945088 0.6605011496201606 10.612675238666098 0.57439704112056134 0.65426069326624148 33.796808388600581 8678.4803273684774 0.25865387764582592 6.4770411312069962 3.1785992109982022 23.827265549077833 0.0015417460969529917 0.016849728282074178 0.22942500716015959 0.0091928405359422913 0.55804407371020426 0.43169693429437073 0.39972365965428869 1769.8319933241871 5.2172807177028115 0.4966922426091413 0.061450170509128099 5.9935900745988748 0.53391725352903185 1.1872212134090487 0.59240048079052821 0.34438505867111546
leaf_count=1226971 6047 17660 115 17153 19933 30928 13837 327969 62371 155607 40593 12843 2392 46835 8365 64861 29382 284148 9648 8057 17865 1136489 3442 4212 4353 733 3685 9875 367 5056
internal_value=-0.0260013 13.4586 47.7504 -0.0279434 -7.80411 -0.0263093 -3.05093 -0.0243869 0.0410879 0.0463273 -2.75273 -0.0792553 0.0600715 0.0635176 -1.86417 -4.75864 -79.5449 53.3354 -6.28368 -18.4151 -21.6069 -0.0747949 -0.295606 -5.54907 -13.7652 -1.65862 -4.58584 -11.4149 -5.60081 -11.8726
internal_weight=19206.3 1.76763 0.230193 19204.5 3.03097 19201.5 11.1871 19190.3 8749.56 8748.07 41.7702 10440.7 8706.3 8702.56 24.0843 24.0735 0.246275 0.0107346 3.73664 1.48568 1.05398 10433.3 1775.61 5.77542 0.558142 41.5115 7.71473 1.72114 7.41383 0.936786
internal_count=3571792 23822 6162 3547970 37086 3510884 44765 3466119 1072386 718495 117257 2393733 601238 589198 433591 141078 94243 292513 12040 353891 345834 2375467 1148496 12007 8565 76664 14293 13560 18266 5423
cat_boundaries=0 1
cat_threshold=2
is_linear=0
shrinkage=0.05


Tree=116
num_leaves=31
num_cat=1
split_feature=4 3 0 3 11 6 3 2 9 2 1 2 4 3 6 3 8 4 0 14 14 13 2 2 6 0 3 2 6 3
split_gain=69835.7 123287 38389.2 54939.4 31753.1 29944 29203.8 504304 533951 1.087e+06 67053.2 3.38777e+06 1.81208e+06 1.73696e+06 1.29259e+06 838628 414480 83904.7 56956.9 357138 184097 147360 4.27306e+06 674404 97170.5 88594.5 871256 41869.3 33539.3 30435.5
threshold=9540369.8850000035 102884.74500000001 322.50000000000006 31471.275000000005 29.500000000000004 35.500000000000007 75854.530000000013 73150.085000000006 5.5000000000000009 13055.540000000003 0 123547.48500000002 1.0000000180025095e-35 118610.99500000001 1.5000000000000002 892689.65000000014 206888.65900000001 1570160.3450000002 42.500000000000007 4660589.2200000007 1171864.6500000001 1319.7350000000004 196805.11000000002 201885.82500000004 1.0000000180025095e-35 43.500000000000007 94470.000000000015 54538.475000000013 25.500000000000004 121858.00000000001
decision_type=2 2 2 2 2 2 2 2 2 2 9 2 2 2 2 2 2 2 2 2 2 2 2 2 2 2 2 2 2 2
left_child=2 -2 5 -4 -3 6 28 8 27 -10 11 13 14 -9 -13 29 17 -17 21 20 25 22 24 -24 -12 26 -20 -8 -1 -14
right_child=1 4 3 -5 -6 -7 7 10 9 -11 18 12 15 -15 -16 16 -18 -19 19 -21 -22 -23 23 -25 -26 -27 -28 -29 -30 -31
leaf_value=-0.034393610553088892 -1.7870033418251918 -21.278126936938939 -1.0012729853879747 -12.848628557574793 -0.21365965150339941 -5.5618239393572386 -1.7032162394419559 -4.983213151317738 -5.9062694574422894 -63.327928366414682 -0.46679814504963224 -87.632265121085879 -0.49354070354891039 105.90809443481349 -0.078794747631277112 57.423850330781455 -3.9047874436856631 -0.86348990289394401 40.140768481158517 14.941375201621966 -12.402547346317 -0.088467275343971197 -1.0807418455019369 -110.25127082551097 -13.279328247090712 0.14139636379245732 -1.3064131533256613 -6.140347730937294 -2.2722448584070665 -8.9778071361247438
leaf_weight=13714.312905395356 10.418723232447512 0.16013429832060389 4.0565827733470714 0.38093630872124773 0.2363354450415045 1.41401074013629 15.746940563223534 0.38656017458608283 3.4065382407826861 0.20642567489766683 65.163658178604138 0.023545036181181533 9.1078132382141241 0.14780275033489487 0.72001552437032001 0.041547887810999246 0.24642091190304163 0.034424439072608948 0.48798861877869448 3.0794875621795645 1.9231753265003124 1026.1748057922271 0.18675398101612231 0.048909663043973234 0.51738641297353538 6908.4030886855153 8.1942593054859323 8.0622370821779601 15.76375784587435 0.21847288122643149
leaf_count=2413121 40742 16951 14587 8725 86 16976 345274 805 17828 75045 9650 6297 8169 1520 1225 260 295 41 206 274 22989 79038 539 14434 6329 373622 3512 27370 46061 17277
internal_value=0.00345807 -3.83954 0.00554199 -4.19514 -17.8698 0.00659045 0.00720745 0.0827991 -6.56568 -22.2052 0.106333 2.86924 -4.54076 74.7197 -51.5245 3.57806 40.8649 54.7518 0.0985053 0.151577 0.142835 -0.236808 -2.51023 -94.6303 -0.765434 0.148116 4.92783 -3.39286 -0.0371286 -1.54294
internal_weight=21799.3 10.8152 21788.5 4.43752 0.39647 21784 21782.6 8052.53 27.4221 3.61296 8025.11 10.9266 10.3922 0.534363 0.743561 9.64868 0.322393 0.0759723 8014.18 6922.09 6919.01 1092.09 65.9167 0.235664 65.681 6917.09 8.68225 23.8092 13730.1 9.32629
internal_count=3569248 57779 3511469 23312 17037 3488157 3471181 1011999 465517 92873 546482 35889 33564 2325 7522 26042 596 301 510593 400603 400329 109990 30952 14973 15979 377340 3718 372644 2459182 25446
cat_boundaries=0 1
cat_threshold=16
is_linear=0
shrinkage=0.05


Tree=117
num_leaves=31
num_cat=0
split_feature=4 2 2 4 3 2 0 3 6 13 3 6 13 3 4 3 7 9 13 7 13 7 3 0 12 3 7 2 4 3
split_gain=160408 655226 435761 100978 162497 56315 34396.2 57735.2 27536 1.45231e+06 2.98415e+06 232869 456390 292717 137988 890595 437273 109381 112690 55563.2 47864.8 35223.6 34869.1 20972.5 17277.9 29151.6 17138.3 183918 32702.9 85678.5
threshold=15890731.275000002 159029.94000000003 156830.25500000003 8000365.4750000006 59101.805000000008 64499.700000000004 322.50000000000006 47431.245000000003 27.500000000000004 1.4779288903810087e-11 115033.45000000001 19.500000000000004 6.2755134422332059e-10 52108.500000000007 7170104.330000001 78786.345000000016 125555.44500000002 4.5000000000000009 4.2746250983327634e-11 2993372.3300000005 8.2218321040272723e-10 5460395.8300000001 53994.500000000007 310.50000000000006 10.500000000000002 105516.50000000001 139193.79500000001 677.47000000000014 14514.900000000001 1161.5000000000002
decision_type=2 2 2 2 2 2 2 2 2 2 2 2 2 2 2 2 2 2 2 2 2 2 2 2 2 2 2 2 2 2
left_child=3 2 -2 6 -5 -6 8 -8 11 10 -10 14 13 -13 21 -16 -17 23 -19 -15 -20 24 -23 -11 26 -26 28 -28 29 -1
right_child=1 -3 -4 4 5 -7 7 -9 9 17 -12 12 -14 19 15 16 -18 18 20 -21 -22 22 -24 -25 25 -27 27 -29 -30 -31
leaf_value=0.16994256343589753 -3.141228924966772 -1.9033542105935688 50.616825333651704 -2.0144912861148279 -1.6361592446026347 -25.166464050074254 -1.1149041839019436 -14.195310092357957 -3.0228809664721559 0.066942759829884554 94.521573054631034 -6.6115026321110157 -2.1856189760371034 -0.72626390069568425 -1.5025848406737246 59.790954725815133 -2.7701880893875437 -0.53869606918933177 -24.950636272305033 -47.151987092362262 -1.8362464522468074 -1.4411186816002974 -9.447702376879775 1.155755421333313 -0.73461661144616508 -6.5817740751042182 -12.770860309776449 0.014799567354892705 -0.0022787081703564238 -0.54579193711739948
leaf_weight=681.32945610817774 0.38850871893911026 3.9966698521101254 0.20803924787944211 10.003448673946608 0.51505274318298133 0.18828604363414336 4.3673028273232113 0.11314179800968105 1.9598081547239385 352.98386301627255 0.24467563137573289 1.8238923099700461 19.091558331762421 0.10263791737201365 5.3629541911269962 0.017853415921515126 0.2687588000741078 2.0431319392994531 0.057998735385010547 0.069758381962776519 0.50572056757230222 8.6445581371469267 0.75156103355522041 49.589060027466701 27.29610513273995 1.3553673525168708 1.8132250291637309 14082.623114781794 3308.287252389594 1079.7610887340286
leaf_count=526249 5629 10149 67 43692 4217 18241 15331 7827 8700 21185 3645 42026 57427 539 4697 247 2049 1206 17591 22911 3652 22921 12395 47 30881 14664 4325 1501881 249773 916715
internal_value=-0.0158196 8.45042 35.5645 -0.0182299 -4.66056 -19.0149 -0.0154604 -3.97603 -0.0143534 0.391922 33.9201 -0.0229856 -5.15395 -23.3363 -0.017081 7.18436 44.5657 0.12643 -8.54261 -43.7114 -18.6527 -0.0195754 -2.92919 0.203607 -0.0179973 -1.22403 -0.0161291 0.0122466 -0.0949544 -0.268947
internal_weight=19645.8 4.59322 0.596548 19641.2 10.7068 0.703339 19630.5 4.48044 19626 407.384 2.20448 19218.6 21.0878 1.99629 19197.5 5.64957 0.286612 405.18 2.60685 0.172396 0.563719 19191.9 9.39612 402.573 19182.5 28.6515 19153.8 14084.4 5069.38 1761.09
internal_count=3570879 15845 5696 3555034 66150 22458 3488884 23158 3465726 56026 12345 3409700 122903 65476 3286797 6993 2296 43681 22449 23450 21243 3279804 35316 21232 3244488 45545 3198943 1506206 1692737 1442964
is_linear=0
shrinkage=0.05


Tree=118
num_leaves=31
num_cat=1
split_feature=6 6 0 8 3 10 3 8 13 4 0 3 3 1 2 3 0 7 11 7 3 3 3 13 2 2 3 6 2 14
split_gain=135044 402757 701095 270645 198825 73156.7 1.00937e+06 315422 66703.3 49127.5 43950 34970.2 33189 28736.3 1.51463e+06 3.30933e+06 372398 1.70132e+06 338834 156182 65635 225173 68799.4 31809.5 16157.4 144038 19050.9 41269.7 41794.6 977779
threshold=30.500000000000004 29.500000000000004 95.500000000000014 269184.81450000009 31983.000000000004 4.5000000000000009 144361.00000000003 170745.49042857144 262583.58500000002 9540369.8850000035 322.50000000000006 78786.345000000016 73433.195000000022 0 121498.39000000001 1877.0800000000002 47.500000000000007 383781.50500000006 2.5000000000000004 4818504.0450000009 1351313.6350000002 111647.50000000001 125479.34000000001 968047.44000000006 171.64000000000001 834.44000000000017 13077.685000000001 19.500000000000004 552686.07500000007 1.0000000180025095e-35
decision_type=2 2 2 2 2 2 2 2 2 2 2 2 2 9 2 2 2 2 2 2 2 2 2 2 2 2 2 2 2 2
left_child=1 5 3 -3 -2 9 -7 -8 -6 10 13 -11 -12 24 15 -15 20 -18 19 23 21 -16 -23 -17 -1 -26 27 28 -27 -30
right_child=4 2 -4 -5 8 6 7 -9 -10 11 12 -13 -14 14 16 18 17 -19 -20 -21 -22 22 -24 -25 25 26 -28 -29 29 -31
leaf_value=0.31062556279073972 -2.2511100834902398 56.097529203650346 -5.2993012703871294 -1.564306916087941 -30.825959801993356 -0.23029785416002119 57.259363097002392 -4.3894188000455472 -2.0759804108760713 -1.9235714534753177 -1.7131543565160561 -10.793920498823722 -12.390801459400464 -3.3708134464302342 0.064054780456656413 -108.79823542360565 -69.069021407227694 -1.9501683999557349 -3.903474216209486 -1.1306722830143585 2.9721159570521269 -1.1538460023080961 -26.835355365535328 -0.24168008297736041 -11.013112182162324 -0.0811780326043679 0.03750182349886421 -3.3669244770021685 44.498479155163878 -0.42447792486143077
leaf_weight=448.25056102522285 5.8079768653519519 0.073326883681493177 1.0024650967783841 0.1858672109994515 0.010366030529918524 13.847064781856995 0.059402069665949783 0.093572623595735885 0.4489022054822252 6.115326582290443 3.0490314429681957 0.57694816771981194 0.17745052939229244 4.1835554768087695 440.66964624240904 0.12914820963371337 0.078557065125472003 8.1075586554110455 0.1789665076975171 0.05743938126955872 18.371627807617188 0.47909431556085097 0.015294054963325421 0.011370619717510466 1.9645147392293427 4759.8472476336956 14530.608230466563 8.5166185230955289 0.28149177508156142 21.790104663150959
leaf_count=656 34359 396 6855 689 16233 7414 553 3133 5544 28254 16447 12449 6411 554514 82554 977555 139530 358089 27932 17925 44156 1250 21556 2725 2542 698050 441043 51529 2034 6709
internal_value=0.00480222 0.00724547 21.1059 46.3399 -6.80986 0.00489057 3.49541 48.4447 -23.4079 0.00230508 0.00382296 -3.99275 -5.09435 0.00488737 -0.376047 -26.3258 -0.0754132 -10.0435 -93.6191 -103.759 0.12357 -0.00149576 -19.3774 -107.932 0.0141887 0.00730339 0.0089941 -0.0774658 -0.0709035 2.05211
internal_weight=20275 20268.7 1.26166 0.259194 6.26725 20267.5 14 0.152975 0.459268 20253.5 20246.8 6.69227 3.22648 20243.5 472.282 4.56048 467.722 8.18612 0.376925 0.197958 459.536 441.164 0.494388 0.140519 19771.3 19323 19321 4790.44 4781.92 22.0716
internal_count=3569086 3512950 7940 1085 56136 3505010 11100 3686 21777 3493910 3453207 40703 22858 3430349 2227786 1580651 647135 497619 1026137 998205 149516 105360 22806 980280 1202563 1201907 1199365 758322 706793 8743
cat_boundaries=0 1
cat_threshold=2
is_linear=0
shrinkage=0.05


Tree=119
num_leaves=31
num_cat=0
split_feature=6 13 8 8 3 2 4 3 13 2 12 4 9 3 14 8 2 7 3 14 3 3 8 2 13 8 13 10 7 7
split_gain=290926 937144 350408 62475.5 62760.1 41721.2 40073.8 33643.6 33264.6 27708.9 2.33961e+06 2.15932e+06 163640 188084 57928.3 40959.5 95857 2.39547e+06 7.26081e+06 862500 26045.4 233753 963679 187178 208205 91018.3 157248 66303.5 67088.6 1.3842e+07
threshold=34.500000000000007 150382.71000000008 267575.08742424246 559826.5881666668 73433.195000000022 54538.475000000013 10869669.15 11853.500000000002 1.4042598195374014e-09 1169.3550000000002 4.5000000000000009 426179.47000000003 2.5000000000000004 100.26000000000001 1469467.9550000003 87900.032500000016 29343.235000000004 15070.120000000001 1.0000000180025095e-35 9837.1000000002114 101646.00000000001 102884.74500000001 375266.25464285718 73150.085000000006 1319.7350000000004 389958.91933333332 388466.96500000003 2.5000000000000004 599086.2100000002 641814.37000000011
decision_type=2 2 2 2 2 2 2 2 2 2 2 2 2 2 2 2 2 2 2 2 2 2 2 2 2 2 2 2 2 2
left_child=3 8 -3 6 -5 -6 9 -8 -2 10 12 -12 -1 -14 -15 16 17 18 -11 -20 -17 22 -22 24 -23 27 -27 28 -25 -30
right_child=1 2 -4 4 5 -7 7 -9 -10 15 11 -13 13 14 -16 20 -18 -19 19 -21 21 23 -24 25 -26 26 -28 -29 29 -31
leaf_value=0.1921943717088177 -18.791178150187765 60.210089159839015 -1.2548042591778996 -1.6639219152666485 -0.6206388935289987 -15.380634403658405 -1.554136122663361 -11.71771783400721 -1.0890966448141326 -0.4824689356430929 93.484557817656707 -1.8486582316175753 -2.1335396192087881 -30.664839818102351 -0.53855366405498273 -0.0010022846125660591 -0.079063660969597618 -0.35704109517529148 -157.60529759002119 -1.4782861852945146 -3.8308125923829572 -23.648929029616323 48.827947633781207 -0.043640748399278229 -3.2356142197117439 -15.678995554678778 -1.4091246153854164 -7.8898145938492634 119.6515486284686 0.22552346599358228
leaf_weight=1060.2687123222502 0.085319261358983933 0.0049357417535519912 0.24936643830582833 13.834982917948748 0.81339709691521123 0.58304168045969862 3.4745663413420003 0.25940455854229716 0.52706988487485595 3.5662979374579589 0.2917174469292475 1.0294212043114956 3.1472968414147333 0.053228966420197116 0.23141668736940815 10832.239515431964 4621.6353349352148 205.30946483267235 0.069077541734998318 0.11735525601724932 2.4852164664630969 0.53659572003358924 0.23960581446903306 2017.0322656528738 9.4221484389029051 1.3441744971855651 12.439792314006363 1.5552725501283919 1.4288181476999842 2320.7368649810614
leaf_count=88546 17851 2924 7725 41116 3239 17490 14953 11727 3979 369638 225 832 1856 5084 75 1167716 570854 22263 687427 309 3119 72154 241 86248 57576 16839 11225 8463 6732 272117
internal_value=0.0117987 19.7499 46.9859 0.0100529 -3.09079 -10.6319 0.012438 -4.58736 -13.6831 0.0134699 0.261862 50.4058 0.152293 -9.43575 -25.661 0.000250011 -0.126562 -1.17119 -36.2649 -143.412 0.0405595 0.143625 12.664 0.132908 -6.39361 0.1493 -3.76744 0.162603 0.167308 0.35048
internal_weight=21115 0.866691 0.254302 21114.1 15.2314 1.39644 21098.9 3.73397 0.612389 21095.2 1065.02 1.32114 1063.7 3.43194 0.284646 20030.2 4830.7 209.062 3.75273 0.186433 15199.5 4367.22 2.72482 4364.5 9.95874 4354.54 13.784 4340.75 4339.2 2322.17
internal_count=3570543 32479 10649 3538064 61845 20729 3476219 26680 21830 3449539 96618 1057 95561 7015 5159 3352921 1650491 1079637 1057374 687736 1702430 534714 3360 531354 129730 401624 28064 373560 365097 278849
is_linear=0
shrinkage=0.05


Tree=120
num_leaves=31
num_cat=0
split_feature=4 3 8 2 8 2 0 4 3 2 2 14 3 3 13 4 0 3 8 7 12 0 0 3 7 3 13 13 2 13
split_gain=79920.2 92435 63128.8 56148.2 254965 1.39654e+08 3.41973e+07 1.34786e+07 148728 92869.4 97423.9 59972.9 80155.5 47914.5 88058.3 42953.6 42059.2 36362.2 36587.7 35029 881185 441029 301669 171941 122390 141597 84162.2 56291.5 46721.6 34755.6
threshold=9540369.8850000035 82611.000000000015 559826.5881666668 23791.255000000005 6778.9650000000011 3244.5300000000007 147.50000000000003 8456741.9550000019 30067.500000000004 1003.455 834.44000000000017 3188641.4550000005 121858.00000000001 24796.500000000004 704625.95500000031 7560428.8550000014 322.50000000000006 24156.000000000004 486400.04218750005 7317277.4800000004 4.5000000000000009 136.50000000000003 42.500000000000007 1215928.9900000002 5342983.4350000015 55428.500000000007 123247.76500000001 147597.92500000002 44286.150000000009 292606.03000000009
decision_type=2 2 2 2 2 2 2 2 2 2 2 2 2 2 2 2 2 2 2 2 2 2 2 2 2 2 2 2 2 2
left_child=2 -2 3 4 5 -1 -7 -8 9 10 -6 15 -13 -4 -15 16 17 -5 19 24 23 22 -22 27 -19 -26 28 -21 -27 -18
right_child=1 -3 13 11 8 6 7 -9 -10 -11 -12 12 -14 14 -16 -17 29 18 -20 20 21 -23 -24 -25 25 26 -28 -29 -30 -31
leaf_value=0.17953662817254612 -2.1856571159165767 -16.931886921024955 -1.503169711477178 -0.16582813611912542 -12.901460947020665 -38.724853258634141 664.51472086831279 -0.083645414185130676 -8.7118966909623943 0.022471852699501051 -0.76898069137755498 -1.7928777340935071 -14.346927729722541 -20.064375305163292 -1.8993370777272021 -4.4505170057604166 -10.657760805960473 0.018112465963956208 -4.8999854792836075 -20.512462456028217 -0.61750757751562668 9.9766015870030351 58.167992451236501 0.052685743662811479 -0.86284415326783626 -0.79460312294695856 -2.5031363165924092 -1.894131813824586 -31.101993212888914 -0.24118006225776606
leaf_weight=851.29932279484876 6.7284105629590405 0.36928497411615513 9.6888965541418042 3329.0937560773818 1.8307796965450762 0.10625849098330292 0.058504920906205904 0.081927843391724764 3.8912395848060433 3977.9431771225459 4.3177948444949568 18.071252738465422 0.41686706560029918 0.14327152302120261 2.2059842903065836 4.4745143677264414 0.69595631630434418 11943.068753471871 2.7762843928485372 0.35782531241974136 0.24931230194005594 5.0543516699805737 0.046195478447839333 88.966574445366859 3.3310653128751566 0.20781044661999074 0.85686485410956881 0.90582522722475922 0.0029858642941728844 1.6093571978610461
leaf_count=240868 39878 17778 30904 1180301 3876 291288 546349 22 68856 79761 761 37058 16468 14332 8679 24767 16789 894328 9010 7101 662 870 416 8855 4520 1060 7578 2476 15340 271
internal_value=0.0165675 -4.94971 0.0185526 0.0207923 0.169332 0.954172 529.764 616.693 0.00154846 0.0122441 -5.68162 -0.0258942 -2.79786 -3.4595 -8.66857 -0.0223804 -0.0208022 -0.0195882 0.020838 0.0223795 0.970782 18.9745 46.3746 -0.29291 0.0147113 -7.51188 -17.804 -13.9011 -26.5607 -5.66041
internal_weight=20258.9 7.0977 20251.8 20239.7 4839.53 851.546 0.246691 0.140433 3987.98 3984.09 6.14857 15400.2 18.4881 12.0382 2.34926 15381.7 15377.2 15374.9 12045.8 12043 95.5801 5.34986 0.295508 90.2302 11947.5 4.39873 1.06766 1.26365 0.210796 2.30531
internal_count=3571222 57656 3513566 3459651 1231781 1078527 837659 546371 153254 84398 4637 2227870 53526 53915 23011 2174344 2149577 2132517 952216 943206 20380 1948 1078 18432 922826 28498 23978 9577 16400 17060
is_linear=0
shrinkage=0.05


Tree=121
num_leaves=31
num_cat=0
split_feature=6 9 3 8 7 0 8 6 3 0 0 3 8 4 3 12 6 3 3 8 3 8 6 8 3 7 14 8 9 9
split_gain=84372.2 231814 54689.4 50394.2 1.27947e+06 162149 55761.8 39665.6 861975 335032 31832.2 66898.2 30014.6 303089 968625 211165 90500.6 192758 51519.6 652745 741682 515953 796515 392838 1.81878e+06 4.90515e+06 4.23585e+06 1.21161e+06 195584 1.01733e+06
threshold=30.500000000000004 9.5000000000000018 1161.5000000000002 726671.25833333342 821368.12000000011 109.50000000000001 559826.5881666668 29.500000000000004 115033.45000000001 129.50000000000003 322.50000000000006 28909.000000000004 234808.61769444446 10122339.550000003 231374.46000000005 22.500000000000004 19.500000000000004 57027.320000000007 101646.00000000001 238104.25358333337 102884.74500000001 486400.04218750005 19.500000000000004 261566.37565656571 167538.55500000002 1269443.0950000002 452669.98000000021 251976.52200000003 48.500000000000007 51.500000000000007
decision_type=2 2 2 2 2 2 2 2 2 2 2 2 2 2 2 2 2 2 2 2 2 2 2 2 2 2 2 2 2 2
left_child=3 -2 -3 6 5 -5 7 10 -9 -10 12 -12 16 18 -15 -16 -1 -18 -14 20 -20 23 -23 24 25 -21 27 -27 -25 -30
right_child=1 2 -4 4 -6 -7 -8 8 9 -11 11 -13 13 14 15 -17 17 -19 19 21 -22 22 -24 28 -26 26 -28 -29 29 -31
leaf_value=-0.02729478136360752 -1.6176043616437736 -1.9049773203613871 -29.124548601566534 60.349007059984082 -1.9778037746402874 -1.5960825134425694 -5.9766950592929788 -0.70917129032435422 50.815603278974891 -3.033999992411228 -0.58525237957418019 -14.490266751628647 0.035450284581029369 -2.0769598477805231 -3.659104461806213 60.423324912128521 -1.6755715046203841 -20.52193587397219 56.57887460918213 -3.4803219307237394 -7.2152721229030945 -9.5244664873402396 52.375051877833272 0.085330343223928823 0.68403717648108919 -4.87446027727598 -4.4031024208887111 174.06591033416404 49.522046847624274 -7.8782950317606666
leaf_weight=14874.640113637337 14.967566280448638 0.40935193722593521 0.036770847286059505 0.011730501287963699 10.043136666395458 0.061768206939576645 2.8928016764475606 17.54829717263252 0.18949325540740888 0.24100257521810745 3.708754572613135 0.16664854465166001 5039.3303273821521 2.2848972379292789 0.023807932299397705 0.010487150400876999 9.9748016550879779 0.61537994382840722 0.0792274873241125 2.7269737782497341 0.44866946383459577 0.48154304578615015 0.15989427269262801 762.94291105946138 23.615422595263169 0.045732901269566299 0.51243387193215995 0.035724935614074978 0.17314176448233931 1.632857343896615
leaf_count=2720591 28961 13127 14177 431 29579 1186 30365 5499 346 2060 13736 8901 425733 12969 4323 202 40074 21942 39 1800 6529 8433 362 128826 37482 919 1507 556 1522 8664
internal_value=0.00592826 -3.57747 -22.7403 0.008762 3.37432 55.2933 0.00695787 0.00808074 2.29286 39.6189 0.0059878 -4.03369 0.00693825 0.10305 15.208 55.4056 -0.0307383 -4.44728 0.0944363 0.468824 33.12 0.405343 28.4102 0.346835 6.17063 35.9978 105.727 161.987 0.13391 13.3104
internal_weight=20770 15.4137 0.446123 20754.6 10.1166 0.0734987 20744.5 20741.6 17.9788 0.430496 20723.6 3.8754 20719.7 5834.5 2.31919 0.0342951 14885.2 10.5902 5832.18 792.855 0.527897 792.327 0.641437 791.685 26.9363 3.32087 0.593892 0.0814578 764.749 1.806
internal_count=3570841 56265 27304 3514576 31196 1617 3483380 3453015 7905 2406 3445110 22637 3422473 639866 17494 4525 2782607 62016 622372 196639 6568 190071 8795 181276 42264 4782 2982 1475 139012 10186
is_linear=0
shrinkage=0.05


Tree=122
num_leaves=31
num_cat=1
split_feature=6 6 2 13 0 13 3 6 13 0 1 4 3 13 9 0 6 3 9 9 9 3 9 3 0 14 3 7 2 0
split_gain=58180.6 771342 698525 106101 41759.1 32239.6 279751 30470.4 23951.8 22442.1 835061 5.63104e+06 1.15007e+06 878596 43001.5 35146.9 122403 268535 42217.8 30771.6 325984 299122 45482.8 148337 30383.6 1.70038e+06 3.77861e+06 75044.4 4.01077e+06 1.39685e+06
threshold=33.500000000000007 32.500000000000007 833148.21000000008 93479.135000000024 311.50000000000006 4.3883119360543794e-11 53994.500000000007 30.500000000000004 2543858.6900000009 129.50000000000003 0 95654.60000000002 142.50000000000003 1.4460965758189562e-10 81.500000000000014 141.50000000000003 23.500000000000004 50075.000000000007 96.500000000000014 95.500000000000014 83.500000000000014 5014.5000000000009 5.5000000000000009 55428.500000000007 44.500000000000007 1469467.9550000003 111647.50000000001 1.0000000180025095e-35 186749.90500000003 109.50000000000001
decision_type=2 2 2 2 2 2 2 2 2 2 9 2 2 2 2 2 2 2 2 2 2 2 2 2 2 2 2 2 2 2
left_child=1 4 -3 -2 7 6 -6 8 9 14 15 12 -12 -14 24 18 -17 -18 19 20 22 -22 -11 -24 -1 27 -27 28 -26 -30
right_child=3 2 -4 -5 5 -7 -8 -9 -10 10 11 -13 13 -15 -16 16 17 -19 -20 -21 21 -23 23 -25 25 26 -28 -29 29 -31
leaf_value=0.0053912137659481657 -15.361802750695302 -2.5636847261455591 60.064529184779929 -1.4458599598094921 -1.1435147054268691 -0.37007065429196279 -24.255464487404794 -6.2111222113588269 -2.5321398920369029 -0.33841678773477457 -0.89021117585632004 -5.053267533057749 -153.88234790996043 -0.045584776396887433 -7.2759269592776423 -0.016276154489849745 -1.9922104320278071 -29.396877662961728 -6.2613251763629121 0.10237395493697632 -2.9327773708882705 -28.278812373376692 -1.1774521825185198 -15.920467931616649 0.42077418871288047 -0.89209343398965013 112.81293756174026 0.052865625061045987 115.6993352733051 -1.6913625528167071
leaf_weight=6663.0614250505887 0.65309187608379282 0.65496276544924359 0.014854607772786577 9.6800556131418709 12.974267295139686 17.68313226473861 0.47207090310165689 0.98728522070450608 8.4803755992033967 628.90870596321679 0.18766439302289439 6.4266417415644792 0.0049547261998214983 0.10298177979157398 1.0043762043760569 11103.404914991186 5.7023625167094778 0.10211327560310834 2.0009110946989486 297.84549103364088 3.4824519934877038 0.98438148012501869 14.666168016519665 0.96381374435773182 127.07781937121651 2.2097509585593533 0.080248623416835918 1174.9675539350512 0.024808900054174188 0.29888932099228088
leaf_count=745274 23693 5154 433 13736 39068 6600 17105 13026 39778 72696 337238 630915 689006 13445 7788 768927 23551 4187 3916 1048 11627 8860 13961 2717 43198 2239 1098 28891 1046 982
internal_value=-0.0222284 -0.0202052 33.9612 -3.60371 -0.023031 -1.82417 -3.57811 -0.0201424 -0.0195273 -0.0183371 -0.0613441 -10.907 -120.224 -139.629 0.046775 -0.0453112 -0.0203865 -6.72443 -0.337274 -0.318157 -0.511018 -12.6704 -0.407245 -2.98954 0.0486117 0.269167 36.1695 0.178336 1.32603 87.9111
internal_weight=20085.1 20074.8 0.669817 10.3331 20074.1 31.1295 13.4463 20043 20042 20033.5 12064.8 6.72224 0.295601 0.107937 7968.72 12058.1 11109.2 5.80448 948.852 946.851 649.006 4.46683 644.539 15.63 7967.72 1304.66 2.29 1302.37 127.402 0.323698
internal_count=3571203 3533774 5587 37429 3528187 62773 56173 3465414 3452388 3412610 2582094 1670604 1039689 702451 830516 911490 796665 27738 114825 110909 109861 20487 89374 16678 822728 77454 3337 74117 45226 2028
cat_boundaries=0 1
cat_threshold=2
is_linear=0
shrinkage=0.05


Tree=123
num_leaves=31
num_cat=0
split_feature=6 13 8 3 0 3 0 7 2 2 2 2 0 2 7 3 4 9 3 0 9 3 8 3 0 2 3 2 0 13
split_gain=94551.2 331889 93515 67652 51016.7 61125.8 44845.7 823694 405872 568822 70460.6 69728.1 31803.4 31405.1 138721 509713 75686.3 2.47739e+06 8.63614e+06 1.68767e+06 352955 1.61413e+06 389610 197888 194208 182912 188208 164157 60539.6 43333.7
threshold=30.500000000000004 16893.145000000004 559826.5881666668 18829.645 322.50000000000006 28909.000000000004 315.00000000000006 15070.120000000001 92969.240000000005 69595.540000000023 172587.78000000003 69595.540000000023 321.50000000000006 191770.58500000002 4243089.5500000017 88821.310000000012 1.0000000180025095e-35 1.0000000180025095e-35 181798.76000000004 11.500000000000002 33.500000000000007 121858.00000000001 370825.57227272732 1640306.2100000002 303.50000000000006 196805.11000000002 62331.500000000007 201885.82500000004 41.500000000000007 76109.820000000022
decision_type=2 2 2 2 2 2 2 2 2 2 2 2 2 2 2 2 2 2 2 2 2 2 2 2 2 2 2 2 2 2
left_child=2 -2 4 -4 6 -6 13 8 9 -8 -10 -9 -11 -1 16 -16 17 18 25 -20 -18 -22 24 -21 -23 -15 27 28 -27 -17
right_child=1 -3 3 -5 5 -7 7 11 10 12 -12 -13 -14 14 15 29 20 -19 19 23 21 22 -24 -25 -26 26 -28 -29 -30 -31
leaf_value=0.03392632936781316 -27.254951296299186 -1.5047598531654798 -1.9984240934637212 -10.830573586306899 -0.93668075242667992 -16.462910567233234 -1.368349778481919 0.11203211194297813 9.7104921054711681 60.22668123235492 -1.7296916459397214 -7.9285063141123517 -0.29204949730694107 -0.49846739032677967 -1.4976107627715896 -36.7630080427788 0.011771680841218971 -0.12718731683053972 -5.4084420334378169 -177.23077803048812 -2.2529528508146837 -77.469663340237844 -2.1985723778531314 -0.19230793808529723 -4.5857104919440497 -0.091441925781743358 -34.123619181189277 -3.3336115259595709 -28.731808938980762 -7.4611908561600941
leaf_weight=16472.274772692574 0.38733368499487575 14.384491826526578 9.8020167211605109 2.0591540870311595 2.0234784285516003 0.023137688161665948 0.55138901357602366 289.11600350287159 11.470396428854061 0.01461308879083445 1.1991277532617779 1.7216714355414513 0.012201108419235496 5.109748407784485 18.782737496329236 0.18196231999374679 3932.3578014206382 503.03876769182085 0.24998791469274906 0.017854721924032257 18.362839439798961 0.040979063393008303 0.368512625325773 0.018299494287930429 0.247857970572918 0.22967909731072006 0.044651347754017467 5.3751089657310898 0.10333612973831946 0.90136985700474836
leaf_count=2489936 32679 23377 33859 27899 13745 8936 12567 3952 710 118 1783 15103 215 2050 79453 17627 573151 49582 333 7906 68993 19689 1252 414 1966 267 12615 55119 1415 14189
internal_value=0.00437419 -3.86554 0.00724288 -4.25501 0.00982063 -6.45991 0.0107474 0.612588 12.3506 37.1805 8.58003 0.037413 59.2183 0.00198596 -0.115292 -4.18267 -0.0962638 -0.666276 -22.9774 -145.677 -0.0219379 -6.64399 -53.9327 -174.295 -67.0152 -7.73682 -13.1394 -7.91211 -23.8694 -27.6691
internal_weight=21290.5 14.7718 21275.7 11.8612 21263.8 2.04662 21261.8 304.085 13.2477 0.578203 12.6695 290.838 0.0268142 20957.7 4485.43 19.8661 4465.57 514.187 11.1487 0.286142 3951.38 19.0202 0.65735 0.0361542 0.288837 10.8625 5.75278 5.70812 0.333015 1.08333
internal_count=3570900 56056 3514844 61758 3453086 22681 3430405 34448 15393 12900 2493 19055 333 3395957 906021 111269 794752 129701 80119 8653 665051 91900 22907 8320 21655 71466 69416 56801 1682 31816
is_linear=0
shrinkage=0.05


Tree=124
num_leaves=31
num_cat=0
split_feature=2 8 8 3 6 0 7 9 14 3 6 3 3 7 9 13 6 6 13 3 9 3 2 8 3 4 2 2 3 2
split_gain=168816 1.18817e+06 96786.6 153491 83583.6 62535.7 52785 88712 75583.1 71356.9 60256 52286.8 50710.9 41926.6 142874 93742.8 68224.3 215251 929890 50186.3 50100.1 25016.2 298516 76990.5 65683.1 181054 685799 375503 39861.5 35585.9
threshold=339.10500000000008 19886.510000000006 559826.5881666668 47431.245000000003 35.500000000000007 322.50000000000006 6883727.1700000009 10.500000000000002 1.182343112304807e-10 52108.500000000007 24.500000000000004 11637.500000000002 3151.4250000000006 5460395.8300000001 48.500000000000007 1.4042598195374014e-09 20.500000000000004 19.500000000000004 5.6274984672199943e-12 685.31000000000006 49.500000000000007 25994.150000000005 14310.640000000001 452487.90950000001 26836.000000000004 1.0000000180025095e-35 27602.890000000003 25959.365000000005 53994.500000000007 510.46000000000004
decision_type=2 2 2 2 2 2 2 2 2 2 2 2 2 2 2 2 2 2 2 2 2 2 2 2 2 2 2 2 2 2
left_child=1 -1 4 -4 5 6 10 -8 -9 -10 13 -12 -7 16 15 -15 17 21 -19 -18 -16 -2 29 24 25 26 27 -24 -25 -23
right_child=2 -3 3 -5 -6 12 7 8 9 -11 11 -13 -14 14 20 -17 19 18 -20 -21 -22 22 23 28 -26 -27 -28 -29 -30 -31
leaf_value=55.333847394604767 -0.057475803718553597 -12.360223114728459 -2.1623180366234727 -19.768143301482784 -11.030585533235788 -0.42036773736830579 -0.73864332925985976 -1.7241831988582339 -4.2557627528221653 -24.291987023975171 -1.7597846655231093 -12.482420522286796 -14.641757104177362 -11.864108937625204 9.4062561177609769 0.76096587019870243 -0.74979597782819596 48.749839340401117 -2.3496646607285743 -12.634833937816055 -1.9532570025798852 -1.6992577387182797 -0.61537553477241769 -1.0500749492121666 0.065706921118226638 -0.34717990851687797 -0.24264816452690466 53.631884601432674 -10.729816402115787 -21.72610296289939
leaf_weight=0.0040457412171642773 6707.9847952698383 1.0881477116497571 10.869278248925427 0.45525638247793665 0.71243693009455356 1.3163934667087387 79.079615801188964 3.9239648136067826 1.8291353902952703 0.028997823911819265 4.9260078007864392 0.67820418013073069 0.31550993814869954 0.50763535335114696 5.4514212608500667 60.619729968563369 1.9861128982967411 0.19579580905240357 3.161439403823417 0.83709006183093171 0.78134306930369568 0.46417783605992857 0.41179987842425614 2.2996683258686463 11390.085683298281 11.751048468764033 4.0336742823568548 0.13861057162284851 1.4696904693366879 0.7492319896102394
leaf_count=24977 1854011 2992 39249 23270 27557 9835 51676 8787 19244 10511 17049 15506 13177 21364 181 24204 15638 4017 11403 19232 2911 5510 708 2425 977667 3532 1721 62 13275 350484
internal_value=0.0140047 14.2161 0.0123798 -4.41703 0.0153646 0.0163985 0.0175072 -1.21931 -6.7142 -12.96 0.0233415 -4.75175 -7.6903 0.0250738 1.26101 0.466763 0.0204111 0.0218191 11.1336 -6.65811 7.90836 0.0191456 0.0641877 0.0677438 0.0703938 3.14585 10.5596 38.8233 -6.2837 -18.2962
internal_weight=18298.2 1.09219 18297.1 11.3245 18285.7 18285 18283.4 84.8617 5.7821 1.85813 18198.5 5.60421 1.6319 18192.9 67.3601 61.1274 18125.6 18122.7 3.35724 2.8232 6.23276 18119.4 11411.4 11410.2 11406.4 16.3351 4.58408 0.55041 3.76936 1.21341
internal_count=3572175 27969 3544206 62519 3481687 3454130 3431118 90218 38542 29755 3340900 32555 23012 3308345 48660 45568 3259685 3224815 15420 34870 3092 3209395 1355384 999390 983690 6023 2491 770 15700 355994
is_linear=0
shrinkage=0.05


Tree=125
num_leaves=31
num_cat=0
split_feature=2 4 6 11 0 3 3 2 3 2 2 2 13 9 8 9 9 2 2 4 9 6 8 2 13 9 8 4 4 8
split_gain=971781 4.43599e+06 45033 135489 41679.1 28689.5 28502.1 835360 80275.5 577900 268742 1.74761e+06 138467 76284.6 67924 76832.2 51508 142031 116761 76329.3 62470.2 62916.6 108634 47838.3 79826.9 42202.8 31635.7 29836.9 756308 1.62867e+06
threshold=510.46000000000004 1.0000000180025095e-35 33.500000000000007 1.0000000180025095e-35 322.50000000000006 10860.500000000002 13077.685000000001 13055.540000000003 4545.0000000000009 6325.3700000000008 33214.085000000006 8177.4600000000009 238190.50500000003 137.50000000000003 1392147.5650000002 103.50000000000001 6.5000000000000009 30273.515000000003 199425.23500000002 1956880.0550000002 76.500000000000014 18.500000000000004 559826.5881666668 11618.250000000002 704625.95500000031 31.500000000000004 473245.44450000004 1595396.4650000003 1990446.5750000002 254530.67464285719
decision_type=2 2 2 2 2 2 2 2 2 2 2 2 2 2 2 2 2 2 2 2 2 2 2 2 2 2 2 2 2 2
left_child=1 -1 4 -4 6 -6 8 14 16 12 11 25 -10 26 15 23 -2 -18 -19 20 21 22 -20 24 -8 -11 -13 -9 29 -29
right_child=2 -3 3 -5 5 -7 7 27 9 10 -12 13 -14 -15 -16 -17 17 18 19 -21 -22 -23 -24 -25 -26 -27 -28 28 -30 -31
leaf_value=113.59270748188067 -0.012182607927372188 -13.020802919915631 -19.571726273711668 -1.2031559676505494 -0.6225813280644239 -10.228488941737316 -43.098356784298858 0.018347564889341757 -41.635659960871457 -9.0110744655791901 -0.30944532692921456 -51.818488473872904 -2.6413857687389566 -0.22956954577540878 -0.13222062465505657 -0.69566776130669528 -17.733078248142981 -0.35606101020160996 -24.323664010426388 -1.7131989487422605 -3.1682752801683853 -0.60357378837312314 -0.26596009748688382 -5.2621190643647857 -2.1059921709683294 -0.12597684162880005 -1.4645803366605916 0.82988170710583931 0.11441467930604442 27.888546369214993
leaf_weight=0.0130105465058864 4237.5859353869691 1.6535317885437109 0.13364868020670329 10.337366800278515 1.7216306944320621 0.66768801735440986 0.46152477402531011 13052.221479872445 0.075945277613955975 0.46241010951545014 231.03642909685252 1.0195332707415252 0.47476646895776453 0.088619619609849098 0.21251125633716572 0.24563656948246837 0.24070176358040285 171.24244094789233 0.81303667962308779 9.5151824705077139 3.4785050504542885 0.75047237581737114 0.6638197190841425 0.50633788909611666 0.24672070468001317 15.8920899657574 0.09230066176038465 19.961673104539969 2406.6728997988403 6.74374498528947
leaf_count=37405 1007275 4979 21321 15898 11404 12030 373786 1087369 40215 10845 166088 62075 856 75 132 852 41141 208930 100763 59029 10683 4634 2074 33079 3712 210 394 28396 206668 19158
internal_value=0.012119 30.1943 0.00812887 -3.12379 0.00991042 -5.53426 0.0108422 0.0435005 -0.0973691 -0.968791 -0.775797 -6.56562 -31.4037 -48.4031 -27.9071 -30.2505 -0.0480883 -0.8586 -0.742312 -4.79763 -8.91804 -14.132 -17.9854 -33.2123 -38.4136 -0.882244 -50.3136 0.0483218 0.209023 8.42299
internal_weight=20175.2 1.66654 20173.6 10.471 20163.1 2.38932 20160.7 15487.3 4673.43 249.142 248.591 17.555 0.550712 1.20045 1.67273 1.46022 4424.29 186.704 186.463 15.221 5.70583 2.22733 1.47686 1.21458 0.708245 16.3545 1.11183 15485.6 2433.38 26.7054
internal_count=3571476 42384 3529092 37219 3491873 23434 3468439 1753152 1715287 280758 239687 73599 41071 62544 411561 411429 1434529 427254 386113 177183 118154 107471 102837 410577 377498 11055 62469 1341591 254222 47554
is_linear=0
shrinkage=0.05


Tree=126
num_leaves=31
num_cat=0
split_feature=2 6 13 0 6 3 3 8 3 9 2 4 2 3 2 0 3 7 7 12 13 3 8 2 3 8 0 0 4 2
split_gain=118203 86964.6 45752.7 37635 29083.9 75171.8 28920 239592 106356 2.99216e+06 4.44355e+06 2.89605e+06 1.50164e+07 3.31801e+06 1.51575e+06 592590 319710 76808.2 9.90804e+06 1.92234e+07 5.79619e+06 305085 373564 2.99147e+06 1.9029e+06 198820 157605 1.17123e+06 313556 153591
threshold=339.10500000000008 35.500000000000007 95834.480000000141 322.50000000000006 30.500000000000004 27746.170000000002 181798.76000000004 452487.90950000001 200540.16500000001 -1.0000000180025095e-35 308411.78000000009 36206.010000000009 186749.90500000003 188459.50000000003 207152.10500000001 267.50000000000006 1640306.2100000002 599086.2100000002 738162.10500000021 1.5000000000000002 43820.560000000005 222732.50000000003 172578.50464285715 398568.70500000002 473250.02500000008 329290.34272727283 279.50000000000006 283.50000000000006 836602.28500000003 204502.29500000001
decision_type=2 2 2 2 2 2 2 2 2 2 2 2 2 2 2 2 2 2 2 2 2 2 2 2 2 2 2 2 2 2
left_child=2 3 -1 4 6 -6 -2 8 11 10 14 12 -8 -14 15 -10 -12 -11 19 20 -19 -20 23 -23 -25 26 28 -28 29 -24
right_child=1 -3 -4 -5 5 -7 7 -9 9 17 16 -13 13 -15 -16 -17 -18 18 21 -21 -22 22 25 24 -26 -27 27 -29 -30 -31
leaf_value=-17.631555657796167 -0.021836132024500778 -11.598822464136813 -2.9047998577032752 -4.8509870998542581 -1.1022332555519181 -14.559802011129618 -2.0771847714279774 -17.520971384568991 -6.2844605522613719 -0.044714351010199611 -133.2389359662435 0.29231312487127087 -2.3390093491511919 222.1849383696001 -21.951750490975193 59.027867417259031 -1.5320776010340029 295.34062488224339 -16.897948620617942 -5.7085962288181209 -1.9087188900110039 -9.5779285321691727 -1.3547218141466653 112.41248370003146 -3.5017988635109143 -14.482398554792201 54.631537279382826 1.7751522487841933 0.16860670982214088 -28.849752152504291
leaf_weight=0.24152313235646561 16826.269733237466 0.61531371090677467 1.8263151586554007 2.9923902254049599 16.689502763981626 0.12645165404548109 5.4044430655669631 0.92079775160891486 0.26904071501901877 2249.8292695414348 0.057446829791909404 280.88299285030365 0.16974259123054936 0.08058923710313759 3.7909954098234384 0.0013489719076755216 0.072866804897785187 0.0020886877370859805 1.5989706280333837 1.8951246139451865 0.18080262802213326 3.281659021676437 0.96816849831935592 0.012081968856929692 0.45494700824690226 1.3034069972693476 0.09758927406367135 25.346305143904853 1060.1383408084459 0.38359804484770232
leaf_count=26821 2745233 28220 990 23518 16462 11205 15099 31827 140609 139485 6575 9830 505 1108 7959 26009 1763 10664 8054 13647 2000 64045 31273 1025 3280 41279 5110 23023 120185 14083
internal_value=0.000711787 0.00218172 -9.81305 0.00309667 0.00404297 -2.01527 0.00580099 0.133629 0.142917 0.0636798 -37.8653 1.06575 33.6663 189.829 -10.6766 40.2453 -126.108 0.122505 0.465604 90.0472 248.289 0.213267 0.253765 14.2474 74.0754 0.19252 0.223418 4.03635 0.128305 -18.1088
internal_weight=20485.9 20483.8 2.06784 20483.2 20480.2 16.816 20463.4 3637.14 3636.22 3349.68 4.1917 286.538 5.65477 0.250332 4.06139 0.27039 0.130314 3345.49 1095.66 2.07802 0.182891 1093.59 1091.99 3.74869 0.467029 1088.24 1086.93 25.4439 1061.49 1.35177
internal_count=3570886 3543075 27811 3514855 3491337 27667 3463670 718437 686610 660068 182915 26542 16712 1613 174577 166618 8338 477153 337668 26311 12664 311357 303303 68350 4305 234953 193674 28133 165541 45356
is_linear=0
shrinkage=0.05


Tree=127
num_leaves=31
num_cat=0
split_feature=8 2 13 6 9 6 13 7 4 13 2 9 2 2 9 4 13 2 9 13 2 2 9 14 6 4 2 0 8 2
split_gain=93183.6 86297.8 39229.1 33348.9 245333 36735.1 2.16784e+06 1.8331e+06 1.71834e+06 67499.3 20625.3 162771 218132 172267 303914 183518 58076.6 56079.2 115596 175080 85825.5 45722.7 681787 769549 601988 2.81587e+06 2.07484e+06 199398 45414.5 39309.7
threshold=588944.58600000013 339.10500000000008 4.4019543565809732e-10 30.500000000000004 7.5000000000000009 26.500000000000004 1.4779288903810087e-11 8128285.25 4704807.2950000009 354671.49500000005 104039.41000000002 37.500000000000007 226438.50000000003 428973.84500000003 138.50000000000003 1759955.155 2.9785951483063406e-11 278382.92000000004 15.500000000000002 8.7766238721087588e-11 117501.19500000002 318131.34000000003 23.500000000000004 196328.81500000003 1.0000000180025095e-35 11175.500000000002 308411.78000000009 37.500000000000007 355043.44681818184 226438.50000000003
decision_type=2 2 2 2 2 2 2 2 2 2 2 2 2 2 2 2 2 2 2 2 2 2 2 2 2 2 2 2 2 2
left_child=1 2 -1 5 -5 10 7 8 -7 -8 -3 17 16 14 15 -14 -13 18 28 20 -20 22 24 -24 25 26 -19 -28 -12 -22
right_child=-2 3 -4 4 -6 6 9 -9 -10 -11 11 12 13 -15 -16 -17 -18 21 19 -21 29 -23 23 -25 -26 -27 27 -29 -30 -31
leaf_value=-14.844443977908433 -5.0850444599255153 0.031965523063365073 -2.6632512182489769 -0.66191833110996035 -22.165991180185934 -2.4990044399191529 -7.1201824298825862 -2.0321937661806793 118.11228080435507 -0.088996696824831745 -0.12441513943915641 -0.78091305399348732 -29.338369593701437 -2.8019933635982985 -0.98951259031996097 -4.4674475237461602 -10.215076620765414 -21.770826902459081 -0.27315403701817931 -19.538537342119948 -2.4324451791503892 0.024976894748228288 -5.7479709907302841 59.97187385852741 0.26600089057579379 -3.2198435927997369 -1.529935542997807 117.25210808722748 -2.599132602176601 -6.7651242273268526
leaf_weight=0.30977049714074212 8.0279396195255668 13122.640827499759 2.5802623053021319 30.895225459723761 0.38982913635173844 0.35729411383742044 2.5924191617852861 0.9833230641231433 0.029287933668614985 69.091531761046738 2530.7310054627565 131.65706861475894 1.7243118443473602 14.35924608456228 3.4635173284278231 1.6002465887829436 0.6610638994534942 0.0149244401559393 62.909788313336406 0.3748577266043317 46.693869502927043 3307.2946880893301 0.51808293961900764 0.0097571134944279825 414.4125569212494 3.1165065652437858 0.010181550414228756 0.001005357711771339 17.679222131519055 5.4857910103585956
leaf_count=26679 54052 1938988 1238 26699 28858 4109 21073 3379 1177 8168 548193 80670 54058 30219 1311 11626 13784 8765 18439 16611 123903 368524 8290 803 73774 6499 411 2197 48994 39443
internal_value=-0.0064163 -0.00409699 -7.45057 -0.00263139 -1.6083 -4.83008e-06 1.11152 48.1619 85.2273 -0.437808 -0.00419055 -0.0767029 -1.68053 -6.27668 -12.3227 -21.1694 -0.904352 -0.0379224 -0.213057 -1.75354 -1.52776 0.0873318 0.579349 33.9212 0.456247 19.4223 91.3339 114.538 -0.142598 -3.00669
internal_weight=19780.6 19772.6 2.89003 19769.7 31.2851 19738.4 73.0539 1.36991 0.386582 71.684 19665.4 6542.72 153.465 21.1473 6.78808 3.32456 132.318 6389.25 2663.87 115.464 115.089 3725.38 418.083 0.52784 417.555 3.14262 0.0261113 0.0111869 2548.41 52.1797
internal_count=3570934 3516882 27917 3488965 55557 3433408 37906 8665 5286 29241 3395502 1456514 191668 97214 66995 65684 94454 1264846 795583 198396 181785 469263 100739 9093 91646 17872 11373 2608 597187 163346
is_linear=0
shrinkage=0.05


Tree=128
num_leaves=31
num_cat=0
split_feature=5 3 8 3 7 11 9 5 3 14 5 6 13 3 5 5 9 3 7 14 3 5 7 9 3 7 7 6 7 4
split_gain=142738 176942 113556 61406.8 24657.4 19962.6 345383 933337 20482.7 4.50597e+06 1.27369e+06 38685.6 503446 334411 183284 27405.6 103855 1.15458e+06 196415 90786.8 483488 55734.1 35531.4 461543 3.62176e+06 4.74476e+06 1.66528e+06 814380 398813 318292
threshold=6.2372693740843088 1.0000000180025095e-35 559826.5881666668 53994.500000000007 858996.84000000008 3.5000000000000004 3.5000000000000004 10.106414314788003 1351313.6350000002 6632.4800000000005 12.997772119551803 25.500000000000004 8662.8550000000214 50852.55000000001 13.518379715675239 11.877866450856157 49.500000000000007 196097.88500000004 1219998.2150000001 1224550.0900000001 115033.45000000001 11.906190453214808 2110579.6750000003 12.500000000000002 121858.00000000001 673524.36500000011 716132.99500000023 4.5000000000000009 1374701.9850000001 593476.76000000013
decision_type=2 2 2 2 2 2 2 2 2 2 2 2 2 2 2 2 2 2 2 2 2 2 2 2 2 2 2 2 2 2
left_child=1 -1 5 4 -4 8 -7 -8 11 10 -10 15 13 -13 -15 -2 19 -18 -19 22 -21 -22 23 -17 -25 27 29 -26 -28 -27
right_child=2 -3 3 -5 -6 6 7 -9 9 -11 -12 12 -14 14 -16 16 17 18 -20 20 21 -23 -24 24 25 26 28 -29 -30 -31
leaf_value=-2.5684450948468429 0.018928041308735776 -27.039081703071094 -9.4288236032908124 -13.80272597296287 -1.4195328248613119 0.13319746588544443 52.699066245341101 -1.41371376612286 -1.0252168482930384 0.087073424836375826 120.14554053330217 -6.8439015573132238 -0.20364335465029115 -48.854279260440123 -1.4536302042094205 -0.083967216495421063 -0.9164265627807423 -57.04809231695765 -9.2703095580681616 -1.1973654783046062 -0.65388784587375159 -32.731610689149626 0.19484226916161121 -0.96729204458090257 -152.81685748136428 -3.5776527273822789 -52.975479814340851 -9.9208470296746967 -8.2320249975989466 49.540947036572092
leaf_weight=3.3633422476271093 14110.209338687602 0.053927009812219651 0.26663436406946939 0.95045166714872298 6.3470540535161968 1702.8074119174505 0.15464818184944551 2.4111075824042625 0.25517983985269382 819.76428200470127 0.0035317072315088063 4.2371830804936748 115.7009162552185 0.0059517479895926364 0.33575293375849458 4011.8295741088 63.247655944207338 0.059599564044679809 0.88865008653072486 23.29512374955392 0.19553515827826928 0.44896086234588295 977.75661244453659 41.890997385390818 0.019808958536447374 0.20397679049486758 0.056980553581570503 0.27653265999174248 1.8764946588944076 0.20449559401552511
leaf_count=14245 1951417 27987 4530 22112 35801 141534 118 1448 101095 241193 3229 39115 30533 9165 651 422125 75629 5172 2840 54900 149 8232 170494 179846 13360 426 7610 1208 5092 236
internal_value=-0.00245033 -8.98954 -0.000636176 -5.75701 -2.93908 0.00161684 0.165831 15.711 -0.0122728 0.232332 94.762 -0.0226491 -0.912847 -15.5837 -38.0797 -0.0170343 -0.116085 -2.09898 -40.0162 -0.0905074 -3.09984 -29.3181 -0.0755828 -0.1408 -5.1467 -53.0008 -7.27539 -129.991 -27.1618 39.3046
internal_weight=21889.1 3.41727 21885.7 7.56414 6.61369 21878.1 1705.37 2.56576 20172.8 820.023 0.258712 19352.7 120.28 4.57889 0.341705 19232.5 5122.25 64.1959 0.94825 5058.06 23.9396 0.644496 5034.12 4056.36 44.5293 2.63829 2.34195 0.296342 1.93348 0.408472
internal_count=3571492 42232 3529260 62443 40331 3466817 143100 1566 3323717 345517 104324 2978200 79464 48931 9816 2898736 947319 83641 8012 863678 63281 8381 800397 629903 207778 27932 13364 14568 12702 662
is_linear=0
shrinkage=0.05


Tree=129
num_leaves=31
num_cat=0
split_feature=8 3 2 13 6 13 2 3 9 9 6 8 3 2 4 9 9 4 9 2 13 7 2 9 3 14 3 2 9 9
split_gain=213505 2.40309e+06 784746 638989 21602.7 276562 24586.9 20460.3 893428 153713 1.25427e+07 1.00092e+07 7.4112e+06 3.40565e+06 210885 1.00592e+06 55472.2 50542.4 38109.7 32621.3 636662 82279.8 31890.3 192000 628423 351223 1.91663e+06 665549 76214.7 1.01575e+06
threshold=559826.5881666668 85349.000000000015 87477.99000000002 51531.500000000007 30.500000000000004 98278.330000000002 1321881.0250000001 267587.45500000002 44.500000000000007 6.5000000000000009 4.5000000000000009 178804.93971590913 384819.90000000008 303858.47500000003 2026226.1850000003 10.500000000000002 45.500000000000007 2139129.1300000004 9.5000000000000018 290815.24000000005 1.4042598195374014e-09 469205.93500000006 144041.90000000005 15.500000000000002 231374.46000000005 7.7307049650698916e-12 121858.00000000001 148180.10000000003 95.500000000000014 96.500000000000014
decision_type=2 2 2 2 2 2 2 2 2 2 2 2 2 2 2 2 2 2 2 2 2 2 2 2 2 2 2 2 2 2
left_child=4 -2 -3 -4 7 6 -6 22 9 19 11 12 13 -11 18 -16 -10 -17 -12 20 -9 -22 -1 -24 25 28 -27 -28 -25 -30
right_child=1 2 3 -5 5 -7 -8 8 16 10 14 -13 -14 -15 15 17 -18 -19 -20 -21 21 -23 23 24 -26 26 27 -29 29 -31
leaf_value=0.025721146363025145 -2.7041743067336039 -1.8969481819547178 89.634125182606212 -7.8777085226969312 -22.644707554163631 -0.28925835459427113 -1.3932615215430635 -26.105403985609197 -2.1909998026600124 -14.139080349035021 2.5251443572979486 -18.309136316960277 -23.327415905605303 279.99464527542187 45.504244118058693 -0.93535947303625522 -42.499006989811136 -24.760926208898415 0.3663235273578096 0.016092543893944669 -0.12939245120686052 -6.8909435051170611 -0.070024535916496572 -1.1164360231339565 -37.043250124064876 -3.0047286622848972 -3.3231365217912039 -80.462800158397528 43.689262553185564 -0.8728896414923224
leaf_weight=15158.353873909702 8.7386286788726402 0.30340151609353522 0.24011794689205315 0.021100981266028912 0.55812950599361899 48.008242981398723 0.30202332184462888 1.4337858471132552 0.21410611551239522 0.0074646721494929019 20.198919739766325 0.48085778580313593 0.094836064999918118 0.051466082067346312 0.24354413151746512 0.39135634899139399 0.30066221663871051 0.01144929541448042 607.51066692897257 2063.5241727931948 152.15436574863665 3.6380227545068626 3347.4453890406444 88.012148216009223 0.27284878172113636 18.924034351857063 0.48863157629966453 0.15337300819429528 0.37969292633993035 17.019479660283437
leaf_count=1894052 42000 5291 6803 8243 33333 19986 2106 140805 2393 2609 9906 30798 33347 582 5850 1933 48705 30757 72064 45550 38551 134762 627835 115986 3573 189990 257 10229 986 11521
internal_value=0.0145291 7.2104 64.3162 81.7526 0.0110848 -1.02838 -19.9459 0.0134975 0.138232 0.158584 0.847918 139.171 220.678 264.564 0.487296 18.3623 -38.2514 -18.7844 0.439706 -0.0369501 -0.728845 -0.330261 -0.00559103 -0.142239 -2.05635 -1.68649 -7.66443 -59.5343 -0.515242 2.42096
internal_weight=21539.5 9.30325 0.56462 0.261219 21530.2 48.8684 0.860153 21481.3 2850.26 2849.74 628.991 0.634625 0.153767 0.0589308 628.356 0.64635 0.514768 0.402806 627.71 2220.75 157.226 155.792 18631 3472.7 125.25 124.977 19.566 0.642005 105.411 17.3992
internal_count=3570803 62337 20337 15046 3508466 55425 35439 3453041 598612 547514 187846 67336 36538 3191 120510 38540 51098 32690 81970 359668 314118 173313 2854429 960377 332542 328969 200476 10486 128493 12507
is_linear=0
shrinkage=0.05


Tree=130
num_leaves=31
num_cat=0
split_feature=8 3 7 3 2 9 3 3 13 3 7 2 3 13 9 0 7 3 3 4 13 2 4 8 6 3 6 3 2 3
split_gain=70620.3 67582.6 26403 18441.2 16305.3 216549 1.07025e+06 29811.5 1.92945e+06 264761 79493.6 54239.6 339603 40893.7 59181 32834.4 28734.4 73306.1 19591 814801 587036 18987.4 74777 18599.3 90391.3 270805 102048 914633 62290.6 319582
threshold=559826.5881666668 41418.500000000007 12663079.709999999 274.50000000000006 675815.54500000004 32.500000000000007 139520.00000000003 473250.02500000008 1.4042598195374014e-09 2255778.1000000006 469205.93500000006 526820.03500000003 115033.45000000001 8662.8550000000214 91.500000000000014 19.500000000000004 541798.83500000008 118610.99500000001 448517.83500000002 765308.28000000014 326347.69000000006 946715.66500000015 1.0000000180025095e-35 234808.61769444446 20.500000000000004 51317.500000000007 19.500000000000004 49116.785000000011 428973.84500000003 115033.45000000001
decision_type=2 2 2 2 2 2 2 2 2 2 2 2 2 2 2 2 2 2 2 2 2 2 2 2 2 2 2 2 2 2
left_child=2 -2 4 -4 7 16 -7 11 9 -9 -10 18 -13 14 -14 -12 21 -18 23 -20 -21 22 -6 24 26 -26 28 -28 -1 -30
right_child=1 -3 3 -5 5 6 -8 8 10 -11 15 12 13 -15 -16 -17 17 -19 19 20 -22 -23 -24 -25 25 -27 27 -29 29 -31
leaf_value=-0.036229234138542045 -1.747777796721099 -11.093313394155805 -0.37312612142749046 -9.5895838618749192 -12.17520013816489 -1.0914111562600153 53.464857570916344 -51.759295657837086 -0.03315400130995097 -0.91472371848573553 -1.674180389181579 -0.81171091339556023 -33.89736863468729 -4.1539615585171124 -1.1767894162307664 -15.115562107500196 -0.90972984625531128 -13.675971803687245 -0.23110990173894727 -2.8207840563994226 58.628716773745865 0.17849768605006039 -0.3298840766627526 0.06541686316079813 -1.8338325870327141 -28.256456191760744 -0.40407905539451755 45.343347866790431 -0.5602138582579318 -16.220582743726286
leaf_weight=13625.92878126229 10.745384873853187 1.5236233932101377 1.1352928315008664 0.21810902763359719 0.51868775302350201 4.2288597948578959 0.1287814534285302 1.0751797442205329 240.48767195149216 0.33395780158308275 1.1932869057733801 49.280693438182851 0.020587490381684059 0.67550784117351392 0.24673289060592651 0.21732323588063707 23.563288429054353 0.19435896519695717 42.593427030033666 0.48493133377471509 0.029461369881738753 1206.2503180973281 11.378603592738637 5732.2601394958729 10.885419628978774 0.086134373352909743 9.4207745436735788 0.23338016146477158 34.324279663929822 2.609388614598962
leaf_count=2289941 38644 23763 8818 10270 4205 13897 1604 114009 37033 182399 31845 43449 2800 1661 134 120051 55653 5921 6841 1263 513 17456 5522 457521 36002 7284 6220 1457 40013 4800
internal_value=-0.0107751 -3.65729 -0.00847042 -5.30419 -0.0078763 0.167455 10.1982 -0.0189469 -0.567845 -45.0929 -0.123874 -0.0120723 -1.63696 -22.1493 -28.4596 -9.15846 0.124078 -1.56255 -0.00779429 1.04477 37.0857 0.158232 -1.75066 -0.0101852 -0.0418591 -4.38466 -0.0380534 4.85348 -0.0418651 -2.0652
internal_weight=21012.3 12.269 21000 1.3534 20998.6 1246.26 4.35764 19752.4 243.307 1.40914 241.898 19509.1 50.2235 0.942828 0.26732 1.41061 1241.91 23.7576 19458.9 43.1078 0.514393 1218.15 11.8973 19415.7 13683.5 10.9716 13672.5 9.65415 13662.9 36.9337
internal_count=3570989 62407 3508582 19088 3489494 104258 15501 3385236 485337 296408 188929 2899899 48044 4595 2934 151896 88757 61574 2851855 8617 1776 27183 9727 2843238 2385717 43286 2342431 7677 2334754 44813
is_linear=0
shrinkage=0.05


Tree=131
num_leaves=31
num_cat=0
split_feature=4 3 8 3 0 13 8 7 3 13 3 8 5 8 10 8 7 3 3 3 4 13 6 0 4 13 13 7 13 7
split_gain=109369 164424 69174.2 78154.7 65169.3 40012.2 23731.6 65176.9 268192 75080.2 48227.8 106328 71651.7 66968.4 75973.5 38111.4 87675.8 36368.3 265366 396736 777490 350544 226619 74642.1 34336.7 143562 85635.5 32754.9 27577 26650.4
threshold=8000365.4750000006 57027.320000000007 559826.5881666668 41418.500000000007 18.500000000000004 691565.96500000008 219873.18984848491 3532988.2300000004 52787.680000000008 90861.095000000176 101646.00000000001 443746.43343137257 11.200282238753786 222898.50986111115 1.5000000000000002 232416.1862857143 910134.03000000014 118610.99500000001 161526.34500000003 174408.02000000005 1674816.4800000002 3354.1400000000008 5.5000000000000009 153.50000000000003 304151.96000000002 235222.27500000005 232622.78000000003 469205.93500000006 238190.50500000003 459827.37500000006
decision_type=2 2 2 2 2 2 2 2 2 2 2 2 2 2 2 2 2 2 2 2 2 2 2 2 2 2 2 2 2 2
left_child=2 -2 6 -4 -3 -6 7 -1 -9 -10 -8 12 28 14 -14 16 -15 23 21 20 -20 -19 -22 -17 25 26 -21 -23 -12 -13
right_child=1 4 3 -5 5 -7 10 8 9 -11 11 29 13 15 -16 17 -18 18 19 24 22 27 -24 -25 -26 -27 -28 -29 -30 -31
leaf_value=-0.026586600589969492 -2.0187823933511124 -2.0422588638910124 -1.9932205390267104 -14.622538068862415 -29.149705002460646 -1.1568998792956504 0.0034007791606180103 -1.1071643099891582 -31.404046787063802 -2.7905943319505742 -12.206498202808802 -0.72973389450190063 -2.861916337470229 -0.85532345011479105 5.9007371522718177 2.8491611375822252 -13.913147679459108 -35.696236784223196 -2.054064796453988 -24.782622201500267 57.303142051174497 -0.602963191033135 -4.0687833841644965 0.34284388067845961 0.26998483535899975 -0.51727871610960219 -0.17951362672016291 -8.0539023313228135 -2.4988630405612575 -12.901903696800108
leaf_weight=13413.197657687224 11.374286249961616 0.68262754276987525 8.2299854329319739 0.54764891255417225 0.044508816911318139 0.24430254551984243 5878.8753905324429 17.738510482300402 0.002891626516350331 0.58240621424950978 0.3752726328463879 0.75617316708404225 2.5897577799321949 11.02689260763176 9.2347269991293519 40.7026073969528 0.48121571330617285 0.10938582570820887 1.5272732505339175 0.032846045419662739 0.066328033804893605 3.710602031975895 0.030647534439784296 104.471270378963 1972.7819115359432 17.21588520973512 0.56089246645569801 1.6646671463542539 3.2461574685146681 0.9022249480707526
leaf_count=2627566 54848 2995 31866 20105 21330 3003 510461 39751 14341 7773 31988 545 5122 3687 271 2474 12887 4528 921 6118 42 462 800 4425 120869 3527 80 3579 17882 15773
internal_value=0.00519239 -4.51973 0.00800223 -4.19661 -17.9225 -24.745 0.00991576 -0.0307694 -2.93251 -22.6555 0.0777924 0.279096 0.29121 0.304343 3.90767 0.28276 -2.47042 0.298694 0.242845 0.27558 19.7044 -9.85591 51.8749 1.06026 0.249839 -1.87721 -16.2397 -3.81259 -5.92951 -9.71595
internal_weight=21503 12.3457 21490.7 8.77763 0.971439 0.288811 21481.9 13431.5 18.3238 0.585298 8050.36 2171.49 2169.83 2166.21 11.8245 2154.38 11.5081 2142.87 1997.7 1992.22 1.62425 5.48466 0.0969756 145.174 1990.59 17.8096 0.593739 5.37527 3.62143 1.6584
internal_count=3570019 82176 3487843 51971 27328 24333 3435872 2689431 61865 22114 746441 235980 219662 169792 5393 164399 16574 147825 140926 132357 1763 8569 842 6899 130594 9725 6198 4041 49870 16318
is_linear=0
shrinkage=0.05


Tree=132
num_leaves=31
num_cat=2
split_feature=4 0 0 4 9 8 14 9 8 6 9 8 4 2 8 7 6 9 9 1 2 1 2 13 2 14 4 0 6 4
split_gain=151311 549501 631303 113474 77642 62319.9 32036.2 32457.2 20329.3 19229.7 129140 19912.2 550252 796517 94964.8 66205.8 301080 946513 107583 24055.3 22378 39062.8 2.71692e+06 2.16648e+06 1.76885e+06 3.3531e+06 1.69306e+06 984877 269761 137273
threshold=15890731.275000002 253.50000000000003 252.50000000000003 8000365.4750000006 6.5000000000000009 559826.5881666668 2102314.9150000014 56.500000000000007 1392147.5650000002 29.500000000000004 8.5000000000000018 219873.18984848491 7170104.330000001 82029.125000000015 152266.33861111113 3532988.2300000004 19.500000000000004 29.500000000000004 30.500000000000004 0 1169.3550000000002 1 121498.39000000001 5938.3350000000328 123547.48500000002 56758.215000000004 1.0000000180025095e-35 14.500000000000002 3.5000000000000004 199286.57000000004
decision_type=2 2 2 2 2 2 2 2 2 2 2 2 2 2 2 2 2 2 2 9 2 9 2 2 2 2 2 2 2 2
left_child=3 2 -2 5 -5 9 7 -7 -6 11 -11 12 15 14 -14 16 20 -18 -19 -13 -1 -22 23 -23 25 -24 27 -26 -29 -28
right_child=1 -3 -4 4 8 6 -8 -9 -10 10 -12 19 13 -15 -16 -17 17 18 -20 -21 21 22 24 -25 26 -27 29 28 -30 -31
leaf_value=0.19564587607209702 -4.5939010106614306 -0.76834419985011593 53.91132363248505 -2.6880502681254499 -16.763067399195389 -10.322981239034936 -1.0461171835304726 -1.0460527634931982 -0.25928566371334655 -0.46146855305519258 -13.607700355147243 0.067627587494868135 59.395321602867092 -2.0268304039515486 -0.32824045473106933 -4.1582749457113648 -1.8053590810119944 55.115707219103811 -1.0921497930547648 -1.2249960214096351 -0.055505768460888921 -110.38953719257614 104.4871298986687 -4.1058994671433693 -3.4324729991480263 -0.49859079142476559 7.4103006779116214 -80.68253740729655 -0.17967748361637295 -0.91505913453620014
leaf_weight=914.76491183022881 0.53685547961280322 4.8284062242694539 0.13333512776460621 6.2608771971689778 0.69576466947472138 1.8851802340997619 5.1608178770422217 1.7745194835294154 0.2461502721306843 50.199699548712346 0.94453720061315394 8125.6066530292837 0.017868377180621051 1.1832401220782429 0.059344393128682574 8.7599555511187628 2.6507319063937835 0.10952115968571953 0.050726656377473853 25.200291511747309 12151.679765082894 0.0014089315359312451 0.16769769567643678 1.0771702610142082 1.0157553431414881 2.1539550173898125 5.8956963873421868 0.14643246098826113 0.11950947962046166 16.93168743282866
leaf_count=92741 9615 6274 87 35304 30573 35585 14213 2153 330 19723 20923 369570 265 1724 176 51892 7024 46 1444 344805 776903 1296251 1890 75454 3999 1876 70438 65836 4931 227820
internal_value=-0.00342569 7.62491 32.3523 -0.00575035 -5.88543 -0.00348751 -3.98562 -7.01568 -14.8072 -0.00165196 -0.960657 0.000700187 -0.0374601 24.6295 55.7958 -0.0417119 -0.0386408 14.0131 51.7127 0.0620609 -0.0427277 -0.0606466 -1.65112 -57.2885 2.02292 36.2566 -2.58618 -43.6637 -73.2287 1.4557
internal_weight=21330.3 5.4986 0.670191 21324.8 7.20279 21317.6 8.82052 3.6597 0.941915 21308.7 51.1442 21257.6 13106.8 1.26045 0.0772128 13105.5 13096.8 2.81098 0.160248 8150.81 13094 12179.2 27.5093 1.07858 26.4307 2.32165 24.1091 1.2817 0.265942 22.8274
internal_count=3569865 15976 9702 3553889 66207 3487682 51951 37738 30903 3435731 40646 3395085 2680710 2165 441 2678545 2626653 8514 1490 714375 2618139 2525398 1748495 1371705 376790 3766 373024 74766 70767 298258
cat_boundaries=0 1 2
cat_threshold=2 2
is_linear=0
shrinkage=0.05


Tree=133
num_leaves=31
num_cat=2
split_feature=7 12 8 8 3 4 3 6 9 4 6 3 13 3 6 12 3 3 2 0 3 2 1 3 8 1 5 2 13 12
split_gain=355844 974180 148939 65440.2 88232.1 57780.1 92418.1 27003.5 150442 26366.6 173686 224975 52937 46574.6 33299.2 27742.3 34077.1 22350.8 18349.8 16556.4 317231 246885 42214.9 37947.8 19564.6 164286 1.83013e+06 2.44965e+06 3.02294e+06 2.41674e+06
threshold=12663079.709999999 24.500000000000004 517971.72000000009 559826.5881666668 35842.500000000007 8000365.4750000006 121858.00000000001 30.500000000000004 5.5000000000000009 4067651.7100000004 20.500000000000004 51720.500000000007 359311.18000000011 20192.345000000005 25.500000000000004 10.500000000000002 115033.45000000001 4005879.7250000001 32183.350000000002 9.5000000000000018 500122.64000000007 946715.66500000015 0 1347.3750000000002 219873.18984848491 1 11.707664521161814 123547.48500000002 24878.410000000007 1.0000000180025095e-35
decision_type=2 2 2 2 2 2 2 2 2 2 2 2 2 2 2 2 2 2 2 2 2 2 9 2 2 9 2 2 2 2
left_child=3 -2 -3 5 -5 7 -7 9 -9 10 15 18 -13 14 -11 19 -17 -8 -12 20 22 -22 23 -1 25 -21 -27 28 -28 -29
right_child=1 2 -4 4 -6 6 17 8 -10 13 11 12 -14 -15 -16 16 -18 -19 -20 24 21 -23 -24 -25 -26 26 27 29 -30 -31
leaf_value=1.8270435435155232 -5.1567878360141437 -1.7068909797746252 59.422417746546479 -1.6627584531099648 -14.038711264881895 -1.7111751680911305 -18.475833968476753 -0.73215504722261926 -19.90716517442586 -0.89918359604880449 -8.3158281093703739 -28.421354506022745 -2.0982825124408322 0.21287928971767145 -5.2853406238462375 -1.2453323340186884 -9.4928201946404478 -0.090780392695832657 -1.3054145760560356 -0.045345508576452379 -1.7136346540933987 23.622329470831659 0.054067246535266594 -1.3110028220491012 0.051039139367475408 -42.137111039014727 106.5514159270657 -71.085021921408739 -0.59087981904372278 -0.77573026607717499
leaf_weight=63.274443383777495 1.397098182515256 0.050071236458389581 0.028382594948777748 9.0335983581112895 0.80569422839330584 10.395907150782186 0.16384717462580489 17.769832690632196 0.092159085528527807 42.121096993920695 0.22749601333276892 0.32657970254891022 0.42527559483592015 2091.6336613944536 3.9304340465250567 17.00190420832967 0.40746471706718068 0.20488797128200531 6.4930916181695757 11433.075901948981 1.3420632447291601 1.5433670282363892 1371.1346511323281 10.590215329542884 7018.6234494000419 1.9337980689832956 0.14040466886468306 0.34096128303138051 1.5313124316066902 14.068470379864641
leaf_count=1841 20765 1735 444 35382 23058 38801 9063 13238 19120 52968 3948 21861 5090 50737 12133 31719 14491 6594 43255 760334 8869 71 40396 1957 554635 1429464 2632 158564 1047 203108
internal_value=0.00787356 18.9636 54.9969 0.00575153 -3.8783 0.00765565 -3.49546 0.00952044 -1.88152 0.0111356 -0.00675628 -7.16417 -23.2318 0.177976 -1.37802 -0.00371392 -1.9438 -15.7937 -2.58973 -0.00192039 0.160836 14.4287 0.122383 1.20465 -0.0146875 -0.0549742 -3.81276 0.76047 44.9191 -6.94486
internal_weight=22120.1 1.47555 0.0784538 22118.6 9.83929 22108.8 10.7646 22098 17.862 22080.2 19942.5 7.47244 0.751855 2137.69 46.0515 19935 17.4094 0.368735 6.72059 19917.6 1447.88 2.88543 1445 73.8647 18469.7 11451.1 18.0149 16.0811 1.67172 14.4094
internal_count=3567320 22944 2179 3544376 58440 3485936 54458 3431478 32358 3399120 3283282 74154 26951 115838 65101 3209128 46210 15657 47203 3162918 53134 8940 44194 3798 3109784 2555149 1794815 365351 3679 361672
cat_boundaries=0 1 2
cat_threshold=16 2
is_linear=0
shrinkage=0.05


Tree=134
num_leaves=31
num_cat=0
split_feature=8 5 0 2 6 0 13 4 8 7 4 9 9 2 2 9 2 0 9 4 0 2 2 0 13 4 4 0 0 2
split_gain=56254.5 25742.7 561736 796920 108811 57706.9 32775.1 27301 24362 76954.8 929261 71450.9 979654 271997 76582.3 67122.2 157921 48690.3 46644.6 29361.9 23650.4 21502 44788 20981.1 41279.5 18960.4 22112.9 100920 1.03444e+06 428877
threshold=559826.5881666668 6.5198402279240666 45.500000000000007 510.46000000000004 1.0000000180025095e-35 226.50000000000003 88393.430000000008 1.0000000180025095e-35 105870.67450000001 111746.78500000002 2064537.0650000002 36.500000000000007 35.500000000000007 31213.930000000004 146082.49500000002 20.500000000000004 115597.52500000001 154.50000000000003 91.500000000000014 10869669.15 119.50000000000001 675815.54500000004 204502.29500000001 132.50000000000003 238190.50500000003 269016.94000000006 1.0000000180025095e-35 272.50000000000006 261.50000000000006 139770.095
decision_type=2 2 2 2 2 2 2 2 2 2 2 2 2 2 2 2 2 2 2 2 2 2 2 2 2 2 2 2 2 2
left_child=1 2 3 -1 -5 6 -4 -7 11 10 -10 12 15 -14 17 25 -17 20 21 -11 -13 22 -16 -2 -25 26 27 28 -3 -30
right_child=23 8 5 4 -6 7 -8 -9 9 19 -12 14 13 -15 18 16 -18 -19 -20 -21 -22 -23 -24 24 -26 -27 -28 -29 29 -31
leaf_value=-4.1493364322819337 -1.8110759904372669 -0.16137659535946816 -14.102854613515868 60.507255785523583 -1.7137312038416295 0.94521080643002253 -1.2592395504653797 0.052984351646676642 -0.4591469486106361 0.018272051184447882 41.275222810487293 -1.0295003721457527 51.19683430994305 -0.55194312839566573 -3.6200301521739564 -1.3474472463785054 -15.059255927146749 -0.77943772664123934 -2.7059931882951989 -3.6414293755680229 -13.535822481487543 -0.20225911653422451 -19.976604582077652 -12.948515242008305 -1.3412324499260571 -0.43734299719765402 0.011704304922502684 -2.0397273758015482 -1.4779499968689245 60.137888989951662
leaf_weight=0.81376369640451085 9.1583006115730043 1499.8213494283989 0.066964187053592528 0.0016556626651435665 0.017806727834577527 118.17357115118858 1.3558963720144053 306.09996806492296 13.632500707602938 15627.094265947739 0.47594129461687629 0.84068157713600078 0.18992073269406984 0.29575334729827918 1.5007243562903871 30.066871040216832 1.2852405167696996 84.078867111524389 6.3387577550618168 4.482589681609169 0.13779106285593323 0.45218191281532227 0.27308898246781454 0.53839776164764597 2.0677477534730033 337.25963864135156 3933.0766505623042 70.928799329889443 0.32756940199376045 0.0061412464133158698
leaf_count=9224 19015 1086843 23397 2748 286 17349 710 2269 4483 1646871 126 778 70 499 6609 20983 22558 28057 7047 31789 6017 1605 12970 29200 14187 101795 201048 263180 10091 221
internal_value=-0.00666804 -0.0047457 0.379457 27.9983 57.7345 0.259896 -7.43703 0.303148 -0.0123455 0.0204381 3.58716 -0.0982969 -0.0763232 40.5203 -1.46136 -0.0865793 -2.35781 -0.971673 -5.7139 0.0169894 -8.74458 -10.7838 -12.434 -3.32502 -6.66627 -0.0739869 -0.0516464 -0.210149 -0.122341 43.8927
internal_weight=22050.9 22039.1 426.53 0.833226 0.0194624 425.696 1.42286 424.274 21612.6 15645.7 14.1084 5966.88 5873.26 0.485674 93.6221 5872.77 31.3521 85.0573 8.56475 15631.6 0.978473 2.226 1.77381 11.7644 2.60615 5841.42 5504.16 1571.08 1500.16 0.333711
internal_count=3572025 3509623 55983 12258 3034 43725 24107 19618 3453640 1683269 4609 1770371 1707288 569 63083 1706719 43541 34852 28231 1678660 6795 21184 19579 62402 43387 1663178 1561383 1360335 1097155 10312
is_linear=0
shrinkage=0.05


Tree=135
num_leaves=31
num_cat=1
split_feature=4 3 2 2 4 13 8 1 0 11 3 8 2 8 3 2 3 3 13 3 2 2 6 10 4 7 4 3 0 0
split_gain=104682 174920 60873.7 267449 1.0109e+06 70664.5 62841.6 86279 8.87302e+06 3.56775e+06 60321.2 45643.2 36824.4 36519.7 54037.8 29231.5 179024 2.48956e+06 3.03722e+06 173258 36066.9 360252 436140 28478.7 27498.9 661387 435375 3.6583e+06 1.74804e+06 274744
threshold=8000365.4750000006 51720.500000000007 339.10500000000008 834.44000000000017 5058.5000000000009 95834.480000000141 87900.032500000016 0 22.500000000000004 1.0000000180025095e-35 111647.50000000001 99480.678750000006 131497.10000000003 588944.58600000013 70207.810000000012 177200.28000000003 300659.00000000006 200540.16500000001 5938.3350000000328 290745.03000000009 308411.78000000009 318131.34000000003 1.0000000180025095e-35 1.5000000000000002 3271823.4650000003 111746.78500000002 3428198.9900000007 167538.55500000002 130.50000000000003 137.50000000000003
decision_type=2 2 2 2 2 2 2 9 2 2 2 2 2 2 2 2 2 2 2 2 2 2 2 2 2 2 2 2 2 2
left_child=2 -2 5 4 -4 23 7 15 10 -10 12 -3 -9 24 -15 -5 17 20 19 -19 -17 22 -22 -1 -8 29 27 -27 -29 -26
right_child=1 11 3 6 -6 -7 13 8 9 -11 -12 -13 -14 14 -16 16 -18 18 -20 -21 21 -23 -24 -25 25 26 -28 28 -30 -31
leaf_value=-19.520648830580811 -1.8346726187474411 -1.625028497352037 54.722922724876881 -0.072072518061349192 -9.5825018663104942 -1.491008668600043 0.024206058508896969 -8.6215642678101698 -174.76154603236529 -0.54361782522319879 -11.258152156550112 -22.994646790546231 0.51787673891924479 -1.3428018267805699 -12.160508833163437 -0.66712999178672883 -0.062121757655665771 -119.77879429809593 -0.66202757524410405 -8.9515858243617412 -45.508665498616807 -1.0223556210769158 -0.36891143584418307 -0.010619482937776679 -0.31047735896461703 -0.90665304321978102 0.13873679624517984 120.40006960539225 -2.298641765120359 39.121879987343597
leaf_weight=0.024277942169284805 10.399862034024492 0.49990187516387491 0.0070216215404885754 3763.3102855136658 0.96291707368290125 3.3729953804126103 13996.718518454245 0.1184558484596171 0.02766541298898445 0.42040414478092686 0.12369196864334142 0.45810958985220923 84.578941241341681 9.1010849989171234 0.38810423392614701 110.54492846887719 669.56634654003722 0.01515770826893148 1.4776997271374241 0.2188725242828371 0.045895673455055852 26.493398502531218 1.1300766484820455 0.23079212009906769 0.59629349695486589 9.2149976891495999 1881.7499509572058 0.0088830609802786897 0.3559740340101436 0.5455420742199848
leaf_count=26832 54311 1970 36449 184909 4573 942 1498192 118309 1171292 17805 50812 26236 14509 29533 15356 66719 5935 3386 410 300 2116 35336 880 2 74 10566 187588 1021 3303 146
internal_value=-0.00315467 -4.60363 -0.000389409 0.00090111 18.4232 -5.73411 -0.000863998 -0.162352 -1.6449 -124.561 0.256531 -18.3712 0.404581 0.0464564 -2.90288 -0.130471 -0.403142 -2.02292 -49.4723 -107.38 -1.08409 -2.66839 -22.2375 -15.9454 0.0484007 0.227234 0.195681 10.3103 86.7107 27.9965
internal_weight=20572.7 11.3579 20561.3 20557.7 0.969939 3.62807 20556.8 4658.07 85.2692 0.44807 84.8211 0.958011 84.6974 15898.7 9.48919 4572.8 809.492 139.926 1.71173 0.23403 138.214 27.6694 1.17597 0.25507 15889.2 1892.47 1891.33 9.57985 0.364857 1.14184
internal_count=3569812 82517 3487295 3459519 41022 27776 3418497 1672718 1372727 1189097 183630 28206 132818 1745779 44889 299991 115082 109147 4096 3686 105051 38332 2996 26834 1700890 202698 202478 14890 4324 220
cat_boundaries=0 1
cat_threshold=2
is_linear=0
shrinkage=0.05


Tree=136
num_leaves=31
num_cat=0
split_feature=6 4 13 3 9 2 8 4 0 5 2 0 3 5 3 9 2 14 14 4 6 0 0 6 2 9 8 3 8 6
split_gain=69701.5 57621.4 948970 4.46273e+06 104804 36319.9 3.32924e+06 2.12382e+06 91176.7 53868.3 45846.4 48145.9 29880.4 25287 970849 275685 105477 1.05694e+06 204465 62820.2 55990.4 43494.5 33111.4 48769 29375 1.23253e+06 22753 95924.5 24102.2 69390.4
threshold=35.500000000000007 8456741.9550000019 282869.57000000012 290745.03000000009 4.5000000000000009 510.46000000000004 65801.080000000016 1.0000000180025095e-35 34.500000000000007 6.7279585275865044 1.0000000180025095e-35 22.500000000000004 7492.7100000000009 9.0650723736905992 6565.5000000000009 23.500000000000004 8872.0350000000017 44894.200000000004 29588.280000000177 1685.8400000000004 22.500000000000004 9.5000000000000018 211.50000000000003 1.0000000180025095e-35 9581.0200000000023 18.500000000000004 536915.17125000001 75854.530000000013 219873.18984848491 17.500000000000004
decision_type=2 2 2 2 2 2 2 2 2 2 2 2 2 2 2 2 2 2 2 2 2 2 2 2 2 2 2 2 2 2
left_child=1 5 4 -4 -3 6 7 8 -1 -7 -8 -12 -6 14 19 20 17 18 -15 -11 21 -16 -21 -24 25 -18 28 -28 29 -26
right_child=-2 2 3 -5 12 9 10 -9 -10 13 11 -13 -14 16 15 -17 24 -19 -20 22 -22 -23 23 -25 26 -27 27 -29 -30 -31
leaf_value=-0.89403401888542922 -10.106405298044223 0.38750777618034604 -1.1557885962882459 113.31238806000863 -1.9040573597707451 -9.039502731350451 0.26018676116807965 -3.713997649728249 117.93239942523431 -10.310299027498077 -0.4735524014967154 -9.5751026078298693 -15.206154300295768 58.427610113155325 -1.2487303376938708 -6.7479768548605357 -0.41870961047515282 -0.19544557628550691 -0.090474570737472879 -0.082488437736345732 -1.189637545602195 -46.896022831664908 -0.41967143162616705 -10.889511097277824 -0.027636540163007869 54.410360591046242 -0.65492840921831008 -13.06906971947239 0.079234392077691188 -2.6985211899449322
leaf_weight=0.0011445240365293261 0.69925237395363993 117.15038995427889 4.1570929525585312 0.064462730244169708 1.1035198440430938 0.64527092257412633 189.27613830566406 0.4805813891666092 0.0015903832722117144 0.52029413328756291 3.8673918516604782 1.4421874382868431 0.36249784235887395 0.0013664734865470865 0.11234546825290426 1.5313537180419741 27.346924035023704 10.688385343892589 0.17159456014633942 443.7616031504499 0.13751496704669464 0.49760432612669692 3.2681773321836562 0.75677381076104389 11390.347437529204 0.064337247571958467 27.459942503662873 0.65967058265438794 8147.5567530682965 23.37029080031607
leaf_count=5222 28181 12134 13893 4617 15918 26812 1 985 31904 242488 459 3539 13886 12891 7679 10045 41304 938 23 15404 1190 306192 869 8927 1918278 1626 38266 19478 711677 76683
internal_value=0.0197407 0.0205835 1.09584 21.9573 0.175984 0.0140146 0.691232 75.315 116.9 0.00740104 0.121728 -4.07225 -10.0277 0.00814221 -0.36178 -27.4704 0.0166526 4.73024 49.7855 -0.163138 -41.7656 -44.4894 -0.128389 -4.16455 0.0138016 1.62037 0.0114707 -1.38513 0.0135493 -0.0333417
internal_weight=20397.5 20396.8 122.838 4.22156 118.616 20274 195.069 0.483316 0.00273491 20078.9 194.586 5.30958 1.46602 20078.3 450.586 2.27882 19627.7 10.8613 0.172961 448.307 0.747465 0.60995 447.787 4.02495 19616.8 27.4113 19589.4 28.1196 19561.3 11413.7
internal_count=3571509 3543328 60448 18510 41938 3482880 42110 38111 37126 3440770 3999 3998 29804 3413958 592794 325106 2821164 13852 12914 267688 315061 313871 25200 9796 2807312 42930 2764382 57744 2706638 1994961
is_linear=0
shrinkage=0.05


Tree=137
num_leaves=31
num_cat=1
split_feature=6 3 4 3 0 2 7 1 0 2 13 3 4 9 0 3 14 2 2 3 4 2 2 0 2 0 7 0 2 0
split_gain=78260.2 228203 28445.3 31309 20293.8 28751 12601.6 111109 4.929e+06 1.24102e+06 720337 50710.9 49290.7 46453.8 841618 1.31403e+06 662045 218027 48833.8 41670.1 167455 265788 30396.6 27965 27082.5 14046.4 683903 614312 394950 1.07634e+06
threshold=29.500000000000004 51720.500000000007 10122339.550000003 61211.880000000012 322.50000000000006 54538.475000000013 118687.17500000002 0 19.500000000000004 1522.4100000000001 8662.8550000000214 121.50000000000001 1.0000000180025095e-35 12.500000000000002 90.500000000000014 107996.56000000001 3689.9849999999874 9581.0200000000023 71381.690000000017 31471.275000000005 1.0000000180025095e-35 127513.48500000002 14310.640000000001 42.500000000000007 1003.455 290.50000000000006 125555.44500000002 299.50000000000006 16479.475000000002 298.50000000000006
decision_type=2 2 2 2 2 2 2 9 2 2 2 2 2 2 2 2 2 2 2 2 2 2 2 2 2 2 2 2 2 2
left_child=2 -2 6 -4 5 -3 7 13 9 -9 11 -10 -11 24 16 19 18 -17 -15 22 -21 -22 -16 -20 -1 -8 27 -27 29 -28
right_child=1 4 3 -5 -6 -7 25 8 10 12 -12 -13 -14 14 15 17 -18 -19 23 20 21 -23 -24 -25 -26 26 28 -29 -30 -31
leaf_value=-4.7538689065273969 -1.3797210791242054 -2.0070865912977984 -1.2678435612820693 -9.732159512074837 -0.51709277368741358 -25.793481842148942 0.014767758792847134 51.491913371288184 -0.33932850810993076 -9.4328900537307234 -0.56433272194634621 -120.89943202624582 -0.70236905653746495 -0.68818278334829752 -8.2089088176946046 -1.2425955683246273 -6.142596013686755 -62.764588927909557 -0.49391259588513919 -0.58241021104303103 -34.911352241819088 -0.22409463432329604 -0.44278190464933503 60.96728635787089 -0.020172588403316205 53.48057273123402 59.138109461231579 -0.73309126178454698 0.10572527447358196 -8.7015225272066417
leaf_weight=2.0237070872108225 19.126529697494863 0.34558451352033898 6.1941665991362456 0.45028109470874866 0.17200708389282227 0.26817771316791167 15460.8391583676 0.17099147487081623 0.014577896856231277 0.81488062842907893 0.15651782854017171 0.0015138310079173085 16.941808814647615 0.010683627864911355 0.29278643554366723 0.21580339110497129 0.36073861116454597 0.024403291036333513 0.002449683590677995 7.8873688612828552 0.025348328529152142 1.2258156012374615 60.520255974151461 0.0022982326475931322 4271.0489095441635 0.14058757669380528 0.013844016525614955 0.91496464773132147 1677.9210444376583 0.88618909058001205
leaf_count=911 41684 3470 24527 11624 196 18869 1585377 11847 404203 125988 11251 831849 26283 92 2029 168 2237 4578 151 2339 2383 3142 23690 99 230034 147 993 784 189043 9915
internal_value=0.00632743 -3.05091 0.00929964 -3.04017 -20.1748 -21.9465 0.0103835 -0.0654861 -3.14496 1.61484 -104.118 -119.509 -1.58484 -0.0445903 -1.30802 -2.03901 37.4541 -53.0654 58.9963 -1.11828 -4.09144 -16.125 -0.61245 60.3209 -0.0235273 0.0296928 0.166963 28.99 0.13159 22.9149
internal_weight=21529 19.9123 21509.1 6.64445 0.785769 0.613762 21502.5 4361.74 18.1003 17.9277 0.17261 0.0160917 17.7567 4343.64 70.568 70.1918 0.37617 0.240207 0.0154315 69.9516 9.13853 1.25116 60.813 0.00474792 4273.07 17140.7 1679.88 1.05555 1678.82 0.900033
internal_count=3569903 64219 3505684 36151 22535 22339 3469533 1683274 1411421 164118 1247303 1236052 152271 271853 40908 38329 2579 4746 342 33583 7864 5525 25719 250 230945 1786259 200882 931 199951 10908
cat_boundaries=0 1
cat_threshold=2
is_linear=0
shrinkage=0.05


Tree=138
num_leaves=31
num_cat=0
split_feature=6 3 12 14 2 4 2 8 2 9 4 2 2 14 3 9 3 2 14 0 8 11 9 4 3 7 2 9 2 8
split_gain=287104 5.83661e+06 5.06195e+06 1.81529e+06 47357.4 5.81217e+06 6.16759e+06 441900 49683.6 66551.3 31266.1 47787.5 30174.4 1.6561e+06 498865 413890 181767 78735.2 1.18834e+06 48393 61309.3 63012.1 26168.3 23400.9 39194.6 24091.4 189484 682509 482965 93928.4
threshold=29.500000000000004 98083.380000000019 2.5000000000000004 1507913.1350000002 1690.1800000000003 8363.3750000000018 677.47000000000014 52577.587500000009 1522.4100000000001 11.500000000000002 557396.86500000011 834.44000000000017 13055.540000000003 1.182343112304807e-10 6565.5000000000009 70.500000000000014 161526.34500000003 13365.185000000001 32783.335000000014 9.5000000000000018 501255.36000000004 3.5000000000000004 4.5000000000000009 10122339.550000003 66098.000000000015 2196819.9100000006 14310.640000000001 4.5000000000000009 13973.795000000002 144141.73025000002
decision_type=2 2 2 2 2 2 2 2 2 2 2 2 2 2 2 2 2 2 2 2 2 2 2 2 2 2 2 2 2 2
left_child=4 -2 22 -4 5 6 7 -1 10 -10 -7 -12 13 15 -15 16 -6 18 -14 -16 21 -21 -3 25 -25 -19 27 -27 -29 -28
right_child=1 2 3 -5 12 8 -8 -9 9 -11 11 -13 17 14 19 -17 -18 23 -20 20 -22 -23 -24 24 -26 26 29 28 -30 -31
leaf_value=176.1840809385053 -1.5018284064935143 -0.47138977786061442 178.26722956782859 -4.7254285188326568 -67.699886087588339 0.14886661849945659 -5.9305651711881611 -2.9386759106025688 -0.2379556092969406 5.3705824426205417 -12.069950982001551 -1.1517194249853249 52.446524595895909 -0.098517193494987512 -0.60093102273999266 -6.3127525995040905 -1.0874380240509767 -0.023961541293688635 -0.16141437371602979 -31.967109664024907 -0.80801778868036678 -2.1504515652489125 -18.780939203757793 -1.0059595043464644 -10.666637899133221 -0.16340300775028613 4.4431305555849665 -0.30460900658502721 55.855576213374484 0.081843857662782585
leaf_weight=0.0011267661855288704 19.319782538390974 0.30075457261409877 0.010180284354379704 0.098422968110951886 0.2237901179523244 741.66882200825967 0.80702502837790302 0.0021797328705264185 10.392901564061725 9.5991735458374077 0.24233913939418794 6.6985070617342766 0.15161494441527779 586.71681801886416 0.29316000640386297 0.80267602166627638 0.14812710127148798 16778.143815803713 15.722406962517914 0.65205013072829743 0.30913738125911105 0.37114361074652658 0.12625320540198454 6.8446165590495864 0.30454139402429437 5.5759707654696298 11.380875329995431 0.57333337212035207 0.089466923928508635 4379.3981863980307
leaf_count=49337 43989 3092 3696 3339 602253 8112 74358 266 951 636 3248 2838 12612 23516 330 5155 94677 2006666 1276 30927 1362 2720 10066 23994 11204 591 6817 454 286 542140
internal_value=0.0142547 5.87807 99.7071 157.754 0.00883265 0.394095 89.879 172.861 0.183081 2.58229 0.115643 -3.00554 -0.00478977 -0.357329 -0.196007 -43.9111 -61.304 0.00503043 3.4191 -21.9425 -24.3652 -27.5628 -15.2559 0.0023104 -2.67653 0.00334142 0.107507 8.19048 36.3054 0.0941585
internal_weight=22577 19.8554 0.535611 0.108603 22557.1 769.412 0.810332 0.0033065 768.602 19.9921 748.61 6.94085 21787.7 589.517 588.342 1.17459 0.371917 21198.2 15.874 1.62549 1.33233 1.02319 0.427008 21182.3 7.14916 21175.2 4397.02 6.23877 0.6628 4390.78
internal_count=3570908 64182 20193 7035 3506726 139746 123961 49603 15785 1587 14198 6086 3366980 760940 58855 702085 696930 2606040 13888 35339 35009 33647 13158 2592152 35198 2556954 550288 1331 740 548957
is_linear=0
shrinkage=0.05


Tree=139
num_leaves=31
num_cat=1
split_feature=4 3 4 3 0 3 3 4 6 9 8 2 0 4 4 1 4 3 0 13 2 8 11 2 3 3 7 3 0 6
split_gain=162111 888005 88273.8 136083 47279.3 61591.5 23703.6 93285.7 41622.2 164088 12701.3 11340.9 292447 539231 293995 244745 2.13075e+06 1.57934e+06 1.81144e+06 525814 44994.7 21676.1 19295.2 13527.3 224695 1.33227e+07 1.47788e+06 622098 281479 104627
threshold=15890731.275000002 156821.69000000003 8000365.4750000006 78786.345000000016 322.50000000000006 1.0000000180025095e-35 5267754.6250000009 5374620.540000001 29.500000000000004 11.500000000000002 827104.89500000014 946715.66500000015 8.5000000000000018 283639.27000000008 1.0000000180025095e-35 0 1.0000000180025095e-35 100.26000000000001 9.5000000000000018 30547.78000000025 96607.23000000001 351484.37608150468 4.5000000000000009 11618.250000000002 8558.1150000000016 9930.2800000000007 4173231.0950000002 66098.000000000015 9.5000000000000018 18.500000000000004
decision_type=2 2 2 2 2 2 2 2 2 2 2 2 2 2 2 9 2 2 2 2 2 2 2 2 2 2 2 2 2 2
left_child=2 -2 4 -4 6 -6 8 -8 10 -10 11 15 13 14 -13 23 17 -17 -19 -20 21 -18 -14 24 -1 -26 27 28 -27 -30
right_child=1 -3 3 -5 5 -7 7 -9 9 -11 -12 12 22 -15 -16 16 20 18 19 -21 -22 -23 -24 -25 25 26 -28 -29 29 -31
leaf_value=0.029835750117690248 -0.90352889492577848 46.552807583540499 -1.9568123546846554 -19.428356116647699 -0.18832734282194966 -15.635797550990663 0.044798684308625991 4.8291667856185407 -1.1241337707560373 -21.069552299462952 -3.6429499780067744 46.682475321895716 0.06252568804687629 -0.28820517379747795 -0.70517762355341684 -0.93625172783178634 -9.0036755767793206 -2.5367374221456243 -124.20357858385091 -0.27312190788982832 -0.7860837035544106 -0.75377988954115849 1.0783095345920255 -0.0059715610957958194 142.86437929934863 -1.1771552039200792 0.9093754513170309 -6.3510153177385229 -72.979844109788573 -0.78929408717864136
leaf_weight=1589.9920346603947 5.1388189766395511 0.20922339259854883 6.869902171625804 0.40547578689605313 1.5976818282476466 0.11230974036088182 54.186512522192061 11.553774833679197 19.104385684439229 0.10066110758063018 1.3873988220075251 0.29808463366536669 1042.6818354874238 2.883497541459878 0.39819948703910529 1.2401290811793639 1.6415612231277115 0.61682589173410218 0.021160811377549146 0.098328949749837261 47.460432417020925 1.4262856676785389 47.956316884863782 19999.91552630315 0.6590174609002436 0.21432112157344216 56.354832447726771 1.3150284882414685 0.14756208224755643 0.075743448920547962
leaf_count=27052 11863 3945 45151 21313 7944 14982 181854 7336 18757 17323 16737 107 52644 301 165 435282 189374 18453 847617 11624 458046 16964 3674 1143780 335 111 1100 6528 10388 109
internal_value=0.00413474 7.9932 0.00191892 -5.16122 0.00378613 -6.60004 0.00456827 0.945479 0.00181566 -2.26654 0.00382618 0.00420814 0.161191 12.7697 35.1396 -0.0037141 -3.10319 -44.8003 -75.5872 -113.567 -1.23654 -6.29759 0.108142 0.00537673 0.142991 3.15271 -0.821945 -36.5993 -59.8468 -69.1593
internal_weight=22896.1 5.34804 22890.7 7.27538 22883.4 1.70999 22881.7 65.7403 22816 19.205 22796.8 22795.4 1094.22 3.57978 0.696284 21701.2 52.5047 1.97644 0.736316 0.11949 50.5283 3.06785 1090.64 21648.7 1648.76 58.7665 58.1075 1.75266 0.437627 0.223306
internal_count=3570859 15808 3555051 66464 3488587 22926 3465661 189190 3276471 36080 3240391 3223654 56891 573 272 3166763 1977360 1312976 877694 859241 664384 206338 56318 1189403 45623 18571 18236 17136 10608 10497
cat_boundaries=0 1
cat_threshold=2
is_linear=0
shrinkage=0.05


Tree=140
num_leaves=31
num_cat=1
split_feature=0 3 4 4 8 6 3 8 2 2 3 7 9 0 9 3 3 3 3 2 2 4 2 7 2 0 6 3 1 2
split_gain=47540.3 46213.6 35253.4 399700 885069 194538 111616 20860.7 81259.9 102852 2.75758e+06 964099 164393 102451 57292.2 580690 56073.3 37545.7 552275 747141 169413 115130 565436 1.90681e+06 131071 514098 136958 89206.2 83320.6 8.75672e+06
threshold=322.50000000000006 1877.0800000000002 10122339.550000003 8984212.0800000001 536915.17125000001 21.500000000000004 75854.530000000013 87900.032500000016 677.47000000000014 14657.960000000001 182.50000000000003 145708.01500000004 59.500000000000007 36.500000000000007 34.500000000000007 105516.50000000001 107996.56000000001 52108.500000000007 52787.680000000008 129384.09000000001 53004.80000000001 1.0000000180025095e-35 48479.575000000004 22786.870000000006 308411.78000000009 17.500000000000004 1.0000000180025095e-35 1161.5000000000002 0 154728.65500000003
decision_type=2 2 2 2 2 2 2 2 2 2 2 2 2 2 2 2 2 2 2 2 2 2 2 2 2 2 2 2 9 2
left_child=2 -2 3 7 -5 -6 -4 8 13 10 -10 12 -12 -1 17 -16 -17 21 19 20 -19 22 23 27 -24 -26 -27 -11 29 -20
right_child=1 -3 6 4 5 -7 -8 -9 9 14 11 -13 -14 -15 15 16 -18 18 28 -21 -22 -23 24 -25 25 26 -28 -29 -30 -31
leaf_value=6.751037572532069 -0.26688381973383779 -13.12422965199524 -1.0394101490353485 -3.3555757106974804 -0.85040264404378407 59.942306554573328 -18.576005903943731 0.024470834151882642 -0.15858016441575551 -3.6940937596403671 -98.68908411581036 -5.1455655500144344 -2.4905179286887473 -4.9070956688474219 -0.90561236794573652 -1.082187517589843 -40.871190717380983 60.44676641449243 136.05950988068889 -0.36073377341342905 -2.0441275520044115 -0.10641854959689404 -0.61367379950381551 -0.96238394047216491 -0.76001824759138137 -44.144933874671622 -0.36106123742482865 -68.879879961506163 -0.0098259806408709585 -6.7481109542197464
leaf_weight=7.4919731112326122 1.5277730109036529 0.35963645431646241 8.7183079439289592 1.5375663081118567 0.11923530287312711 0.021124778882949613 0.033391420091206991 18056.003705885396 49.933940138824205 0.17862200120001404 0.020831212066509605 0.62140490380223601 0.1021361487616317 1.6380082889514644 49.877571994076547 0.15855030063539888 0.020131606188681817 0.0043172834952136937 0.16966008370670671 1.3527587710821618 0.050531219868204705 1138.3164213761588 157.1620147507187 5.2664589408950313 5.2093226742608074 0.039680193763358962 0.23602851370663891 0.39757412042243345 3391.6966348300061 12.234296180305
leaf_count=7956 10028 13917 34192 13628 1427 85 15619 1756190 301636 141286 520863 3124 1110 42830 32201 313 9658 1177 2333 1172 554 164245 107029 927 3037 25753 1942 111830 233269 11075
internal_value=-3.29916e-05 -6.41537 0.000776054 0.00205723 19.3178 52.8357 -3.00487 -0.000203487 -0.0925801 -0.101976 -2.3206 -64.1164 -92.1619 4.38102 -0.0778829 -1.74382 -36.4414 -0.0598193 0.0276232 23.9664 55.5106 -0.287543 -1.50334 -15.5874 -0.905222 -7.87538 -36.3311 -63.8396 0.0106875 2.98376
internal_weight=22890.5 1.88741 22888.6 22879.9 1.67793 0.14036 8.7517 22878.2 4822.18 4813.05 50.6783 0.744372 0.122967 9.12998 4762.37 50.0563 0.178682 4712.31 3405.51 1.40761 0.0548485 1306.81 168.49 5.84266 162.647 5.48503 0.275709 0.576196 3404.1 12.404
internal_count=3570406 23945 3546461 3496650 15140 1512 49811 3481510 1725320 1674534 826733 525097 521973 50786 847801 42172 9971 805629 249580 2903 1731 556049 391804 254043 137761 30732 27695 253116 246677 13408
cat_boundaries=0 1
cat_threshold=16
is_linear=0
shrinkage=0.05


Tree=141
num_leaves=31
num_cat=1
split_feature=4 3 0 3 0 2 2 0 6 3 9 9 3 3 7 0 2 13 1 0 4 0 2 3 3 13 0 2 3 13
split_gain=66745.4 238047 45642.5 44061.9 32744.3 105533 23522.8 14857.1 153829 354599 81917.6 29188.5 348007 426156 310436 79373.9 451626 22522.7 20110.9 881498 933194 764578 359753 18717.4 733935 220603 249538 47147.2 105734 39358.5
threshold=8000365.4750000006 53994.500000000007 322.50000000000006 685.31000000000006 4.5000000000000009 14657.960000000001 11353.110000000002 211.50000000000003 20.500000000000004 53994.500000000007 4.5000000000000009 81.500000000000014 203917.35500000001 104316.00000000001 165358.53500000003 141.50000000000003 107905.28000000001 5938.3350000000328 0 233.50000000000003 36206.010000000009 232.50000000000003 339.10500000000008 129818.50000000001 115033.45000000001 46370.130000000041 227.50000000000003 115597.52500000001 55428.500000000007 140492.58000000016
decision_type=2 2 2 2 2 2 2 2 2 2 2 2 2 2 2 2 2 2 9 2 2 2 2 2 2 2 2 2 2 2
left_child=2 -2 4 -4 5 -1 -3 11 18 17 -11 -6 13 15 -15 16 -13 -10 23 21 22 -20 -21 24 27 26 -26 29 -29 -9
right_child=1 6 3 -5 7 -7 -8 8 9 10 -12 12 -14 14 -16 -17 -18 -19 19 20 -22 -23 -24 -25 25 -27 -28 28 -30 -31
leaf_value=5.5478887006824555 -1.1853215025917774 -0.33970020504775622 -0.26890881377873899 -12.876716907200043 -0.014713303984228444 0.37889579142582064 -24.6875913518702 0.066153776378438806 -5.8724447669311237 -1.7192999950387611 -36.872275799773142 -32.817542984445389 -26.898146670360575 -3.5566330817468437 38.95057412273799 -0.29720822147471448 -1.4420168272768077 -0.77614889057994574 -10.950642729396421 -0.46286783529890885 -1.6079478832054885 55.072206425155812 -62.686548243079727 0.17053954821750972 -3.4455825330890839 -4.243134879305825 -49.579706994809115 -0.6154661033813722 -14.460428326584299 -2.161674976091509
leaf_weight=9.7738582009606159 13.966023368069175 0.13837245106700752 1.5189810702984345 0.34746836341877152 13303.349550649495 120.88378208024913 0.30922980021256447 6056.3113141530494 2.1751278782788228 0.3207660027087248 0.033134625654473338 0.28611178028261797 0.27889224681436431 0.44179637894461404 0.15653940806342465 53.091434450980643 11.663794599977539 8.0870570200132725 0.2763376164456891 0.32201436392671634 6.4991225321830095 0.099500455404601729 0.00332281031401671 3193.181145976665 0.60326728924292594 1.2215270246898458 0.19887889957079841 203.34096038930954 0.39109738125000504 18.890737378668746
leaf_count=2142 54655 976 9106 14090 2064464 1619 26731 145175 32421 5689 18568 11997 15469 757 2758 8321 27057 11614 144768 7739 248291 7128 425351 37125 279 569 3231 205072 19708 18138
internal_value=0.0155472 -3.2736 0.0177515 -6.29118 0.0185374 0.804803 -22.5984 0.0140085 0.0618423 -5.68853 -29.8174 -0.0199544 -1.06159 -0.549746 24.9728 -1.1592 -4.6698 -2.2823 0.0688807 -1.59337 -9.65881 33.8486 -47.9212 0.0719183 0.0218746 -24.606 -36.051 0.0337298 -0.712569 0.0588709
internal_weight=23008.2 14.4136 22993.7 1.86645 22991.9 130.658 0.447602 22861.2 9491.96 10.6161 0.353901 13369.3 65.9186 65.6397 0.598336 65.0413 11.9499 10.2622 9481.34 7.2003 6.82446 0.375838 0.325337 9474.14 6280.96 2.02367 0.802146 6278.93 203.732 6075.2
internal_count=3571008 82362 3488646 23196 3465450 3761 27707 3461689 1330866 68292 24257 2130823 66359 50890 3515 47375 39054 44035 1262574 833277 681381 151896 433090 429297 392172 4079 3510 388093 224780 163313
cat_boundaries=0 1
cat_threshold=2
is_linear=0
shrinkage=0.05


Tree=142
num_leaves=31
num_cat=0
split_feature=0 6 3 4 3 3 4 3 3 12 2 2 0 2 0 0 9 3 2 3 8 2 9 4 7 0 2 3 0 2
split_gain=282661 1.09705e+06 143411 126392 999916 309679 94096.5 73638.7 38911.1 28446.7 38809.3 26917.5 3.61694e+06 1.55022e+06 604647 778537 165526 42647 22449.7 871859 296407 112704 1.01954e+06 93183.8 60959.2 32946.8 57406 23588.1 16076 15831.1
threshold=322.50000000000006 12.500000000000002 39728.500000000007 15890731.275000002 156821.69000000003 161526.34500000003 8000365.4750000006 99704.085000000006 1877.0800000000002 22.500000000000004 38976.185000000005 1169.3550000000002 12.500000000000002 1003.455 281.50000000000006 283.50000000000006 3.5000000000000004 1.0000000180025095e-35 10060.850000000002 6565.5000000000009 183319.34750000006 10310.120000000001 13.500000000000002 1685.8400000000004 1546257.05 211.50000000000003 1690.1800000000003 1.0000000180025095e-35 19.500000000000004 9109.1250000000018
decision_type=2 2 2 2 2 2 2 2 2 2 2 2 2 2 2 2 2 2 2 2 2 2 2 2 2 2 2 2 2 2
left_child=3 8 -3 6 -5 -6 11 -8 -2 10 -9 12 13 -1 16 -16 -14 -18 19 23 24 22 -20 27 -21 -25 -27 -13 -22 -30
right_child=1 2 -4 4 5 -7 7 9 -10 -11 -12 18 14 -15 15 -17 17 -19 21 20 28 -23 -24 25 -26 26 -28 -29 29 -31
leaf_value=-1.7717848916217176 -0.21175964011824477 60.90232227875623 -2.1911559963796132 -0.53381874836643928 58.371410144172991 -4.4913172472376637 -2.426260282269336 -0.26367131343505062 -12.574082691354782 -0.72120976829382322 -23.369907551811931 -0.087819985943879159 0.069310889511057752 106.33670706598853 57.637605918914531 -3.8130007650469184 -2.1324303420812352 -20.223860827240753 -0.37091980999110219 -48.614044948122256 -1.3201366291041283 0.0070905376147236522 47.253660509804519 -0.075595263529521048 -3.1988165631677505 -0.61761564924994372 -12.927298656027506 -17.15190259563844 -13.836709402955419 -1.3710024524384421
leaf_weight=0.42097933182560554 1.4698981694219062 0.0017261147570147841 0.025162717497153153 7.342170820928378 0.04683396220207181 0.077806544384282583 5.0710079579575931 0.25046171993017213 0.17340911635727008 0.35650401553372058 0.0074888642673925357 0.26711504038573486 427.82210847537584 0.14757183587397504 0.035013527065303252 0.800260431907587 0.80696909341187562 0.24731138490855931 9.7809695378278967 0.23092870212958744 1.0044864807882199 21632.190181722519 0.26742978034178655 475.97475348691 0.23933182984136253 3.4607107964472537 0.36484367960831798 0.0083184938585783019 0.39665176612995268 0.61362102396211782
leaf_count=3538 8274 2273 1285 11788 27 3913 45439 2188 12041 872 17302 200905 76236 602 1512 9027 1398 4120 13522 334039 1895 2708254 691 17035 2441 736 9944 63296 15569 1520
internal_value=0.0122282 16.2792 57.2176 0.0103028 6.11815 50.0243 0.00801005 -5.92297 -5.78161 -15.4002 -18.983 0.00976782 0.400983 76.189 0.124038 28.7621 0.00147334 -14.1576 0.00214152 -0.334798 -25.2533 0.00966966 5.05836 -0.153576 -43.4003 -0.117441 -4.22827 -13.6509 -8.02503 -10.7161
internal_weight=22569.9 1.6702 0.0268888 22568.2 7.46681 0.124641 22560.8 5.68546 1.64331 0.614455 0.257951 22555.1 430.28 0.568551 429.712 0.835274 428.876 1.05428 22124.8 482.561 2.48502 21642.2 10.0484 480.076 0.470261 479.8 3.82555 0.275434 2.01476 1.01027
internal_count=3571682 23873 3558 3547809 15728 3940 3532081 65801 20315 20362 19490 3466280 96433 4140 92293 10539 81754 5518 3369847 647380 355464 2722467 14213 291916 336480 27715 10680 264201 18984 17089
is_linear=0
shrinkage=0.05


Tree=143
num_leaves=31
num_cat=0
split_feature=7 4 7 3 4 3 12 8 2 9 3 3 4 3 9 6 3 12 3 14 14 9 7 14 3 10 3 2 6 10
split_gain=34262.5 55896.2 1.21304e+06 79659.9 25608.9 24551.4 21112.7 13943.2 12355.8 993526 684095 824156 719388 590248 402797 737837 247509 75273.8 79476.8 86314.4 57492.7 808425 439337 35569.6 122016 31071.1 56564 19622.4 15372.6 11487.4
threshold=12663079.709999999 9540369.8850000035 11619915.855 500122.64000000007 8000365.4750000006 68682.785000000018 22.500000000000004 827104.89500000014 13365.185000000001 94.500000000000014 13718.500000000002 12197.500000000002 1685.8400000000004 13077.685000000001 20.500000000000004 1.5000000000000002 163.50000000000003 3.5000000000000004 152370.96000000005 1224550.0900000001 1672366.2850000004 4.5000000000000009 1851781.1400000001 29588.280000000177 1060.5000000000002 2.5000000000000004 121858.00000000001 69595.540000000023 13.500000000000002 1.5000000000000002
decision_type=2 2 2 2 2 2 2 2 2 2 2 2 2 2 2 2 2 2 2 2 2 2 2 2 2 2 2 2 2 2
left_child=1 4 5 -4 7 -3 -7 8 9 10 11 12 16 -13 20 -16 -1 18 19 29 23 -22 -23 24 -14 -10 -27 -28 -25 -12
right_child=-2 2 3 -5 -6 6 -8 -9 25 -11 17 13 14 -15 15 -17 -18 -19 -20 -21 21 22 -24 28 -26 26 27 -29 -30 -31
leaf_value=-1.8461763970378493 -6.1879977324174327 -0.66005885388448826 -1.4768905946737516 54.554240783250492 -4.1877180196054926 -11.063069253295582 -0.064160185816754409 -4.1602009573521164 -0.0038991405675331951 46.110138753433645 -37.506709443870221 -4.895068926001044 -0.65955378219106919 58.545484212178025 47.566558956290379 4.4446747670288307 -48.679895721308689 -4.3061294601315643 -2.5117100886042798 -0.8971733731379028 -0.39202474250486063 53.432020282086278 -0.77580064591575348 0.0024919676536261271 -18.263183292534865 -0.90137555727424723 -0.83890110224274295 -11.572366871319085 0.45996567555204004 -0.47017616934864209
leaf_weight=0.50621827203869207 1.2338053155945079 9.1534172690997639 0.012583108619827921 0.12001409381628036 2.6450902685101019 0.19267892527622432 0.70794666275242424 1.010427634937513 20186.438633728958 0.17476992530532598 0.61796337549919989 0.35151667047170643 7.0751721564708747 0.026657285250169638 0.19665590322286952 7.5115429209981013 0.011608025349262419 0.88785205283492574 0.45013714714539488 0.24407558498489113 16.849513610837771 0.14443928851142274 0.51300027185961483 1140.2656134289919 0.15998681884846089 20.02093169421445 0.77072713837672657 0.86853579179881291 217.89242438025144 0.047481864765800297
leaf_count=294170 22941 25484 2159 631 21149 11701 164 18615 2518300 2554 290243 5155 5375 2831 2012 10428 128040 8121 135972 386 2408 25 441 19351 1476 24533 2014 10041 3620 243
internal_value=0.00405278 0.00469269 3.53814 52.6233 0.00286283 -1.81075 -7.00257 0.00356998 0.00395753 0.147882 0.10906 0.162442 0.124062 38.8089 0.161501 10.8813 -34.2798 -22.8128 -27.9492 -32.6276 0.0939261 2.86208 36.1829 0.0563607 -3.21986 -0.00597678 -1.85641 -8.75769 0.0761736 -36.7361
internal_weight=21617.1 21615.9 10.1866 0.132597 21605.7 10.054 0.900626 21603 21602 1393.93 1393.75 1391.5 1391.13 0.378174 1390.61 7.7082 0.517826 2.24751 1.35966 0.909521 1382.9 17.507 0.65744 1365.39 7.23516 20208.1 21.6602 1.63926 1358.16 0.665445
internal_count=3570583 3547642 40139 2790 3507503 37349 11865 3486354 3467739 912851 910297 475332 467346 7986 45136 12440 422210 434965 426844 290872 32696 2874 466 29822 6851 2554888 36588 12055 22971 290486
is_linear=0
shrinkage=0.05


Tree=144
num_leaves=31
num_cat=0
split_feature=2 4 0 3 13 3 4 3 13 8 3 3 0 3 0 2 9 4 8 0 3 9 3 6 3 9 2 0 2 3
split_gain=71924.6 1.50624e+07 2.77212e+06 1.57514e+06 125569 200493 61569.4 102255 115737 20756.2 80397.6 19922.4 18110 76763.3 14206.8 882028 2.97381e+06 1.00938e+06 1.04365e+06 338105 809234 90860.4 761746 75175.8 328037 73295.4 72700.4 50040.1 107894 46677.3
threshold=1341.9300000000003 1.0000000180025095e-35 8.5000000000000018 142.50000000000003 33272.700000000004 1060.5000000000002 8000365.4750000006 102884.74500000001 226907.19500000009 588944.58600000013 35842.500000000007 188459.50000000003 322.50000000000006 3151.4250000000006 237.50000000000003 9581.0200000000023 21.500000000000004 49069.340000000004 117626.48300000002 238.50000000000003 115033.45000000001 81.500000000000014 105516.50000000001 17.500000000000004 53994.500000000007 9.5000000000000018 1690.1800000000003 140.50000000000003 33214.085000000006 20962.500000000004
decision_type=2 2 2 2 2 2 2 2 2 2 2 2 2 2 2 2 2 2 2 2 2 2 2 2 2 2 2 2 2 2
left_child=1 2 -1 -4 5 -3 9 -8 -9 12 -11 -7 14 -14 21 16 26 -18 -19 20 -17 -2 27 -21 -25 -26 -16 28 -23 -30
right_child=6 4 3 -5 -6 11 7 8 -10 10 -12 -13 13 -15 15 19 17 18 -20 23 -22 22 -24 24 25 -27 -28 -29 29 -31
leaf_value=-0.31412379437213378 -0.013950333603022514 -1.4054213197543095 -1.0142092147573563 211.71218552560322 0.20802821218177481 -25.372346315840314 -1.2558740586755446 -25.845600318093656 -1.8210259981432522 -0.62901163342400224 -12.974326219210511 -0.091715613984785893 -0.69206296756871255 -13.803580259445482 -0.80473363281946197 -0.91750108855604218 -2.8968821633295043 120.51039273746777 -4.7692588655112118 0.049984611709104391 47.978199496258256 -18.792512086862047 -35.815139216038773 -1.0371395334989921 -4.2748593958563612 -33.588242760206754 -16.642908324989659 -0.33516293909237177 -1.0235004575310473 -8.8433783085745485
leaf_weight=0.2097954494359186 14700.525041537672 4.0030157213871371 0.084228679117406099 0.086571253651846272 389.92723956936379 0.30856633554755841 11.097466198170316 0.0057914937010236081 1.3408379870581002 14.618869462971118 0.46426352713002828 0.091029748320579529 22.109767867847346 0.18494967990560951 1.9279012526129782 2.5195049134326268 0.21129935288944562 0.0033978271022296327 0.11156697091658174 7804.1040472733139 0.24701966531944153 0.093088560893360817 0.6060931710951668 19.808158056005343 0.71500589161546491 0.0031760373428643121 0.27858100882260473 60.842741477756178 13.650404809937548 1.2947991803996277
leaf_count=1417 2299827 2885 34803 62103 4400 3718 57348 16144 8313 27050 17839 2028 9471 12816 7744 4008 1747 1761 5588 697358 1428 3621 19056 44626 8457 16709 153975 10398 25507 9271
internal_value=0.0128511 0.681134 165.545 195.538 0.10365 -7.46728 0.00117897 -3.38148 -12.8964 0.00318736 -1.79239 -23.7972 0.00446355 -1.38894 0.0058993 0.0603469 25.0383 84.5228 103.693 0.0490667 15.0259 -0.0229528 -1.73061 0.0418513 -2.90887 -23.8807 -7.37272 -0.99599 -3.48169 -2.21342
internal_weight=23051.5 394.71 0.380595 0.1708 394.33 4.40261 22656.8 12.4441 1.34663 22644.3 15.0831 0.399596 22629.2 22.2947 22606.9 7829.93 2.53275 0.326264 0.114965 7827.4 2.76652 14777 76.4871 7824.63 20.5263 0.718182 2.20648 75.881 15.0383 14.9452
internal_count=3571416 111354 98323 96906 13031 8631 3460062 81805 24457 3378257 44889 5746 3333368 22287 3311081 943401 170815 9096 7349 772586 5436 2367680 67853 767150 69792 25166 161719 48797 38399 34778
is_linear=0
shrinkage=0.05


Tree=145
num_leaves=31
num_cat=0
split_feature=6 13 8 13 8 8 3 9 4 13 3 14 0 3 11 14 3 4 13 3 2 3 13 2 0 3 13 3 2 3
split_gain=57601.8 39207.5 35894.2 1.13738e+06 312087 34855 32790.3 27488.7 19227.5 55835.2 57390 18302.2 17075 50131.9 13272.4 36640 50351.3 17935.1 13179.7 12204.2 12175.4 1.24728e+06 458886 371337 337304 248782 59480.2 51052.1 48790.6 22177.3
threshold=35.500000000000007 202663.12500000003 665064.78250000009 825971.58000000019 726671.25833333342 559826.5881666668 19428.500000000004 1.5000000000000002 8000365.4750000006 28045.490000000016 4545.0000000000009 10446370.240000004 322.50000000000006 2087.5000000000005 10.500000000000002 3188641.4550000005 121858.00000000001 7560428.8550000014 1574017.4100000001 5352.5000000000009 8646.9050000000007 2414.5000000000005 224094.48000000001 6148.5300000000007 315.00000000000006 85349.000000000015 5938.3350000000328 1.0000000180025095e-35 6515.045000000001 148202.00000000003
decision_type=2 2 2 2 2 2 2 2 2 2 2 2 2 2 2 2 2 2 2 2 2 2 2 2 2 2 2 2 2 2
left_child=2 -2 5 6 7 8 -4 -5 12 10 -10 -12 14 -14 15 17 -17 18 20 -7 21 26 23 24 25 -23 27 -1 -25 -30
right_child=1 -3 3 4 -6 19 -8 -9 9 -11 11 -13 13 -15 -16 16 -18 -19 -20 -21 -22 22 -24 28 -26 -27 -28 -29 29 -31
leaf_value=-1.1127274624778238 -15.443517499175536 -0.79479262151483798 -0.5655656443426974 -0.34293626052933335 -3.1123937164163267 -0.54044052756465322 -8.5041437037447292 61.141450824851667 -1.1720553959236177 -0.36892863853107721 -16.575254047521685 -0.17323388183300706 -0.67703293586521474 -9.6994247082283351 0.23642001002197502 -1.486654186747506 -12.866376878792909 -4.9650628345012935 -1.3295641392285138 -9.4945000678194926 0.0028190286771206858 -74.393654095605058 -2.6308581490122922 -2.0262867695226556 -1.1194399861250248 -5.1829554042015502 0.0097109663435907545 -14.301975663475364 -20.47803879863454 -1.082915335793823
leaf_weight=2.0599375381992702 0.0098398121531441118 1.0499250097150117 13.469912847545137 0.0070532124496447742 0.12440083791707443 0.72230635806547006 0.46386402759948708 0.0010796893199619354 2.1535362935154181 20.394420262736311 0.34614728113768145 0.21980810166424303 21.724633353297584 0.67650726265400862 571.44852625274143 17.907040181672251 0.064584167666278058 0.8227692976288371 17.768195343978732 0.30082433635696315 21092.345196522543 0.1385128052323038 1.8907694057952573 1.2959753574838253 0.30926469243233967 0.3295187580756469 695.57246668424921 0.33382754519119195 0.18594910495248718 0.30395345763736237
leaf_count=217880 20016 8232 12787 1558 13126 10873 10492 887 17035 24708 15573 42 9420 13109 17853 28374 12553 5685 30512 12066 2651107 171164 7936 14920 1915 106450 8551 45882 59057 21741
internal_value=-0.00388958 -8.36491 -0.00312256 2.43656 50.6409 -0.0047599 -1.38194 60.3662 -0.00416805 -1.41529 -7.05208 -14.3868 -0.00265032 -1.35256 -0.00123998 -0.00747165 -2.20385 -0.00556092 -0.00514601 -6.56729 -0.0040051 -0.208641 -24.0267 -34.6404 -52.363 -62.3924 -0.0224859 -6.62575 -10.8979 -17.2515
internal_weight=22464.4 1.05976 22463.4 14.0663 0.132534 22449.3 13.9338 0.0081329 22448.3 23.1139 2.71949 0.565955 22425.2 22.4011 22402.8 21831.3 17.9716 21813.4 21812.5 1.02313 21794.8 702.42 4.45394 2.56317 0.777296 0.468032 697.966 2.39377 1.78588 0.489903
internal_count=3571504 28248 3543256 38850 15571 3504406 23279 2445 3481467 57358 32650 15615 3424109 22529 3401580 3383727 40927 3342800 3337115 22939 3306603 655496 383183 375247 279529 277614 272313 263762 95718 80798
is_linear=0
shrinkage=0.05


Tree=146
num_leaves=31
num_cat=1
split_feature=4 9 6 3 13 8 9 7 8 3 7 9 3 2 0 3 4 2 2 4 1 0 2 2 8 3 3 2 9 0
split_gain=119659 80386.2 52715.6 224372 84474.9 45414.4 1.13766e+06 281322 130015 89761.5 23853.8 180705 1.58396e+06 178840 1.09802e+06 106193 240499 220317 105144 64296.9 510488 4.95256e+06 287348 1.09478e+06 1.40994e+06 251910 2.08171e+06 3.18241e+06 1.47913e+06 1.84647e+06
threshold=15890731.275000002 -1.0000000180025095e-35 29.500000000000004 52108.500000000007 534277.50000000012 559826.5881666668 58.500000000000007 821368.12000000011 588944.58600000013 21841.500000000004 118687.17500000002 12.500000000000002 107996.56000000001 1169.3550000000002 9.5000000000000018 31471.275000000005 1.0000000180025095e-35 131497.10000000003 1003.455 14514.900000000001 0 9.5000000000000018 13055.540000000003 27602.890000000003 13376.500000000002 125479.34000000001 55428.500000000007 62826.405000000006 6.5000000000000009 321.50000000000006
decision_type=2 2 2 2 2 2 2 2 2 2 2 2 2 2 2 2 2 2 2 2 9 2 2 2 2 2 2 2 2 2
left_child=2 -2 5 -4 -5 10 8 -8 -7 -10 11 13 15 14 18 -13 -17 -18 -1 20 22 -22 -15 24 -24 26 -25 -28 29 -29
right_child=1 -3 3 4 -6 6 7 -9 9 -11 -12 12 -14 19 -16 16 17 -19 -20 -21 21 -23 23 25 -26 -27 27 28 -30 -31
leaf_value=-1.4932399724038119 8.013489757263164 -2.5248410913496344 -0.96141778505828879 -28.094620579893366 -1.5712490759835269 5.1661959631782022 60.104652999788541 -1.915509522019663 -0.47780166963927145 -13.031575817042345 0.013187412206440582 -0.84201757492493157 -61.692122357053201 -18.480531945370025 -6.9887131304331236 -1.2591050930410996 -38.570245925998961 -0.35719483309890965 54.110379520388143 0.032033792385728642 -1.8716702133074818 -130.14031501663928 77.937343068625225 -0.99999810055465987 -1.6043379243633948 -0.036726363583549353 -3.1269552599018526 -126.35800616952234 -0.58752797139437662 -0.87617691029066447
leaf_weight=0.03518088060370006 6.4851640198903713 1.8583637061783411 21.170723301739262 0.11587686079504333 0.58498027994123081 10.042413488928331 0.010021839840453628 0.15014193083789035 40.566878811756673 0.48023890249274259 16696.857236754007 42.565445066411655 0.12959960077339516 1.1659788226847911 2.0833472273723892 4.0497128629204191 0.022703417675833393 0.62800357081002012 0.12550021708011627 3013.3172716191721 3.0786204543839841 0.0091641439533088898 0.022858356285687331 157.91026381443922 1.1374814153071282 1082.9823919198502 4.1122714451503715 0.37882165476759022 0.50012034593605303 0.3903021031648557
leaf_count=1731 939 14920 38841 18346 2985 7528 374 1873 27772 21038 1750742 41580 16665 5172 85018 4397 4190 5731 317 184817 24038 1187736 5767 84257 247 16402 2289 14928 97 204
internal_value=-0.0103344 5.64673 -0.012841 -2.41198 -19.8991 -0.0102351 1.46203 50.423 0.343384 -0.931231 -0.0138957 -0.118682 -3.15682 -0.0842055 11.6512 -1.72137 -8.13897 -24.2517 51.1342 -0.0931109 -0.394174 -9.8647 -0.281677 -0.252129 35.3114 -0.313529 -2.13791 -30.1379 -77.7063 -99.1724
internal_weight=21093 8.34353 21084.6 21.8716 0.700857 21062.8 51.2497 0.160164 51.0895 41.0471 21011.5 4314.65 47.3955 4267.25 2.24403 47.2659 4.70042 0.650707 0.160681 4265.01 1251.69 3.08778 1248.6 1247.43 1.16034 1246.27 163.292 5.38152 1.26924 0.769124
internal_count=3570941 15859 3555082 60172 21331 3494910 58585 2247 56338 48810 3436325 1685583 72563 1613020 87066 55898 14318 9921 2048 1525954 1341137 1211774 129363 124191 6014 118177 101775 17518 15229 15132
cat_boundaries=0 1
cat_threshold=2
is_linear=0
shrinkage=0.05


Tree=147
num_leaves=31
num_cat=1
split_feature=6 6 8 4 6 6 3 8 3 6 3 13 4 1 0 0 2 8 2 3 4 3 4 0 8 3 2 0 14 14
split_gain=53982.6 60027.7 1.11563e+06 314328 86234.7 346026 734269 323854 130184 29661.3 31431 22647.7 20287.2 609547 8.32296e+06 1.08429e+06 932150 553892 325311 103314 69157.9 879928 59177.9 54544.3 58725.9 42318.5 269838 120666 59423.3 35431.7
threshold=35.500000000000007 32.500000000000007 323643.99625000008 5813841.7350000013 27.500000000000004 26.500000000000004 20027.500000000004 297644.20238095248 52108.500000000007 24.500000000000004 20962.500000000004 229562.09000000003 1685.8400000000004 0 36.500000000000007 34.500000000000007 339.10500000000008 172578.50464285715 172587.78000000003 1.0000000180025095e-35 1.0000000180025095e-35 365977.51000000007 14514.900000000001 8.5000000000000018 234808.61769444446 8558.1150000000016 33214.085000000006 306.50000000000006 1372145.7050000003 464160.06000000011
decision_type=2 2 2 2 2 2 2 2 2 2 2 2 2 9 2 2 2 2 2 2 2 2 2 2 2 2 2 2 2 2
left_child=1 4 -3 -4 5 9 -7 -8 -6 12 -11 -2 13 19 15 23 -16 -18 -17 -1 25 -22 -14 -15 -25 26 27 28 -21 -27
right_child=11 2 3 -5 8 6 7 -9 -10 10 -12 -13 22 14 16 18 17 -19 -20 20 21 -23 -24 24 -26 29 -28 -29 -30 -31
leaf_value=1.9920896571360664 -12.607875277956275 -0.77910609040152989 60.744751592504286 -2.5248197546151907 -2.3268535807509578 -2.6613193677752514 -3.8072298478370517 58.763535961715235 -20.784073473925268 -1.2554483032828621 -10.219957627326608 -0.83152092616945716 -1.7444916000548485 -1.41824308832763 -1.9903450563165848 59.749765862464812 -171.50438985815674 -0.42447050071282749 -1.3735585589056856 -33.936686757101704 -1.6130492679137292 39.712806469642167 0.010150478481561894 -21.703461059439746 -0.25214837532993367 0.12499978782051613 -0.60845651803579026 -1.0446379265853707 -0.20771772939905039 -3.1092096676458141
leaf_weight=73.209981955627882 0.19033608569263949 13.308253096600872 0.0059670494231038587 0.14879743929228698 10.824228252369302 1.5479003657989716 0.1167297449740107 0.0075489362343920943 0.096821338187926709 4.8400755633663692 0.36130418298871703 0.85728498105488371 47.184377346377005 1.9635798833563958 0.12558640959864903 0.0018018847331403567 0.0049028258191282431 0.054931371875762212 0.22192747893500187 0.035658010067954549 8.8530526174121569 0.49423383531446141 17656.455231318505 0.029568619014563147 0.49757270065331655 5606.5949380439224 51.90429231170851 0.65182262647702705 0.16395471236865 7.4823606367599487
leaf_count=850 20405 10060 161 4486 25979 6279 3266 1658 14133 14961 11502 7750 32606 14115 20804 18073 1088498 17002 1302 4188 4292 206 1900581 172153 1746 130587 37761 247 20 5165
internal_value=0.0321416 0.0328482 3.25306 50.4014 0.0308626 0.0330215 18.0245 48.8762 -4.22066 0.0309708 -3.42656 -8.08596 0.0318837 0.113452 -10.3458 8.40855 -147.663 -163.043 47.5383 0.138277 0.114263 4.19837 0.00537539 -7.71643 -14.8826 0.106786 -1.28952 -20.0515 -29.5042 0.120135
internal_weight=23488.2 23487.2 13.463 0.154764 23473.7 23462.8 1.67218 0.124279 10.921 23461.1 5.20138 1.04762 23455.9 5752.29 2.89987 2.71445 0.185421 0.0598342 0.223729 5749.39 5676.18 9.34729 17703.6 2.49072 0.527141 5666.83 52.7557 0.851435 0.199613 5614.08
internal_count=3570836 3542681 14707 4647 3527974 3487862 11203 4924 40112 3476659 26463 28155 3450196 1517009 1333693 207389 1126304 1105500 19375 183316 182466 4498 1933187 188014 173899 177968 42216 4455 4208 135752
cat_boundaries=0 1
cat_threshold=2
is_linear=0
shrinkage=0.05


Tree=148
num_leaves=31
num_cat=0
split_feature=12 11 3 6 3 6 3 2 2 0 2 13 9 3 2 4 4 2 0 2 3 4 2 3 0 2 2 3 0 3
split_gain=683058 545678 236757 85743.5 428066 316014 942038 49509.8 105768 69707.9 48378.3 60929.5 33058.4 1.42224e+06 546373 1.80396e+06 936775 655814 323860 168680 882712 87943 577196 1.12554e+08 4.91502e+07 1.32716e+07 440313 402253 831321 348025
threshold=28.500000000000004 7.5000000000000009 99704.085000000006 27.500000000000004 49735.500000000007 26.500000000000004 188459.50000000003 339.10500000000008 510.46000000000004 45.500000000000007 1169.3550000000002 85771.780000000028 -1.0000000180025095e-35 309164.30000000005 26764.265000000003 91250.360000000015 95654.60000000002 6928.3150000000014 11.500000000000002 417788.98000000004 73433.195000000022 1.0000000180025095e-35 123547.48500000002 82611.000000000015 283.50000000000006 82029.125000000015 80231.920000000027 431.50000000000006 38.500000000000007 50374.500000000007
decision_type=2 2 2 2 2 2 2 2 2 2 2 2 2 2 2 2 2 2 2 2 2 2 2 2 2 2 2 2 2 2
left_child=3 -2 -3 5 -5 7 -7 9 -9 -1 11 -10 13 14 15 17 -17 -12 -15 21 -21 22 23 26 25 -25 29 28 -24 -16
right_child=1 2 -4 4 -6 6 -8 8 10 -11 12 -13 -14 18 19 16 -18 -19 -20 20 -22 -23 27 24 -26 -27 -28 -29 -30 -31
leaf_value=-1.2309894518668838 -1.7731156792918163 60.052711015893522 -1.3232369539156614 -1.2626233026302813 -29.898589985580191 -4.7619002509177095 53.701970610704478 5.2379328007465391 -11.283594747662534 -14.120176910592949 -9.2646243572927798 -0.85836363935541804 0.012757874261805833 -6.4276184498274151 -0.13159026596161719 60.594818204979362 -10.477127698642612 -64.177721557407665 -47.839260442773515 -1.0552567528700676 -45.978363315924668 0.066262842485517962 54.204128840639328 -14.497042898611529 -4.2681198361196744 616.32335257865316 -24.741996610646403 -0.029091659633150364 -4.2900514114338719 10.042818894265039
leaf_weight=4.731635955024295 0.70821531548861794 0.015054156769552851 0.13586741892207016 25.105458816277448 0.38402110094053199 1.5351619428680354 0.071867798139827133 8.7784591328854713 1.095851280088511 0.44072973796554649 1.5752182029226685 4.8084504801931569 19894.000442376469 1.1200844306664888 252.88974343594359 0.0068051611036610829 0.40939707958487875 0.39742484279544021 0.85193679911920606 10.94514230045996 0.22147439422843795 2349.7287904464456 0.036003744192095621 0.041389780366162088 0.48810416466384593 0.15586635076285249 0.78064281137682101 957.11469167948019 1.1533944518742527 7.6930812245577433
leaf_count=6090 1369 1594 884 50663 28420 8101 3109 14176 52532 21699 379598 1847 1905330 12036 109644 171 6677 576629 98671 28114 6271 105428 1052 18919 6483 3743 21222 82892 6059 11689
internal_value=0.0388382 30.3447 51.6532 0.0364416 -2.80665 0.0396447 17.4468 0.0377118 0.0388867 -4.43978 0.0367202 -4.14807 0.0379494 0.177675 0.206292 -19.8611 32.6477 -38.1973 -34.3966 0.22522 -5.65248 0.245184 0.589347 2.664 409.959 582.403 0.0374555 0.0198418 21.4271 0.20601
internal_weight=23527.4 0.859137 0.150922 23526.6 25.4895 23501.1 1.60703 23499.5 23494.3 5.17237 23485.5 5.9043 23479.6 3585.61 3583.64 2.38885 0.416202 1.97264 1.97202 3581.25 11.1666 3570.08 1220.35 262.049 0.68536 0.197256 261.363 958.304 1.1894 260.583
internal_count=3571112 3847 2478 3567265 79083 3488182 11210 3476972 3449183 27789 3435007 54379 3380628 1475298 1364591 963075 6848 956227 110707 401516 34385 367131 261703 171700 29145 22662 142555 90003 7111 121333
is_linear=0
shrinkage=0.05


Tree=149
num_leaves=31
num_cat=0
split_feature=7 13 3 6 13 13 2 0 6 3 3 9 3 11 7 2 0 0 3 2 2 2 2 8 2 11 3 7 2 2
split_gain=97947.8 428329 485902 295992 999992 164745 63889.4 983864 62847.7 78785.4 36515.9 1.22388e+06 165542 3.15353e+06 161196 756600 845097 3.57141e+06 1.21518e+06 273930 261415 197719 151909 168539 37132.5 678009 66309.1 54424.9 36710.5 72635
threshold=7589735.205000001 1.4042598195374014e-09 1.0000000180025095e-35 30.500000000000004 496687.33000000007 590871.51000000013 171.64000000000001 249.50000000000003 24.500000000000004 50374.500000000007 278687.50000000006 27.500000000000004 241372.57500000004 1.0000000180025095e-35 1.0000000180025095e-35 398568.70500000002 188.50000000000003 224.50000000000003 365977.51000000007 328696.21000000008 334744.60000000003 299238.00000000006 207152.10500000001 389958.91933333332 278382.92000000004 1.0000000180025095e-35 892689.65000000014 469205.93500000006 115597.52500000001 127513.48500000002
decision_type=2 2 2 2 2 2 2 2 2 2 2 2 2 2 2 2 2 2 2 2 2 2 2 2 2 2 2 2 2 2
left_child=3 2 -2 6 -5 -6 7 -1 10 -10 12 14 28 22 15 16 20 18 19 -18 21 -12 -14 -24 25 26 -16 -27 -8 -30
right_child=1 -3 -4 4 5 -7 8 -9 9 -11 11 -13 13 -15 24 -17 17 -19 -20 -21 -22 -23 23 -25 -26 27 -28 -29 29 -31
leaf_value=-0.9290307911258211 -3.2261964601779334 -0.90646718153318728 -45.574664112685689 -1.4597687080478225 59.558560695412588 -0.30853165892892054 0.031925534031378391 45.725889142720042 -2.0201726835838811 -15.814886753654669 -17.964655743768304 -39.982518480267039 -3.5456592760111301 -0.65713072886561008 -35.517965230536774 -34.013947814870839 -2.7419789644882466 -7.0913158364457978 -3.0581109073796027 121.73836744690794 3.5705761353390275 0.27156859410511264 -93.624554597038568 -3.0899852213223928 0.12509574700641837 -0.12531164513521623 -1.3756749694075103 -5.9511958909818041 -2.09745440028804 -0.11496912324352218
leaf_weight=11.547713236037975 1.9805174127340104 36.059842590326483 0.18703877593535456 2.9450942139065983 0.027662777958439827 0.11765384423778061 15032.38181656089 0.24830800888359839 8.8361655617067409 0.25005449821181613 0.49999182552613675 0.89781379912528692 0.15229043364502989 40.22335518828514 0.51888763268497562 0.50014388238824281 0.0010820198804388367 2.3482920678351347 0.19534591211762864 0.0010820198817240018 80.793000266662432 162.72846854481818 0.033326560863321669 0.12862077845568187 3356.9317615372538 127.26946964968468 0.24942004260457218 3.1412095916676313 45.749763219638226 3984.4728413668317
leaf_count=10217 23810 50053 29618 7241 153 644 1713653 3804 23351 13492 75420 82857 25404 6360 24018 3797 3484 38983 7545 33 1105 910 4405 237 67756 37557 108905 128808 60003 1017772
internal_value=0.0154495 -2.48087 -20.1163 0.0197319 13.4687 53.1349 0.0173244 3.54937 0.0153454 -3.93063 0.0170875 0.160026 -0.0108741 -3.16393 0.180375 1.41191 1.6209 25.8646 96.4164 118.863 1.26342 0.10663 -79.3827 -86.2665 0.0927622 -0.729317 -31.483 -0.309897 -0.00400308 -0.13799
internal_weight=22901.4 38.2274 2.16756 22863.2 3.09041 0.145317 22860.1 11.796 22848.3 9.08622 22839.2 3736.08 19103.1 40.5376 3735.18 247.067 246.567 2.5458 0.19751 0.00216404 244.021 163.228 0.314238 0.161947 3488.11 131.179 0.768308 130.411 19062.6 4030.22
internal_count=3571395 103481 53428 3467914 8038 797 3459876 14021 3445855 36843 3409012 581178 2827834 36406 498321 131277 127480 50045 11062 3517 77435 76330 30046 4642 367044 299288 132923 166365 2791428 1077775
is_linear=0
shrinkage=0.05


Tree=150
num_leaves=31
num_cat=0
split_feature=12 13 7 3 7 9 14 13 3 9 9 3 8 14 9 9 5 5 11 7 6 3 3 12 3 3 5 5 13 7
split_gain=297496 894380 72069.2 382616 309512 885981 208024 64684.6 61470.3 8.05693e+06 2.38466e+07 3.38103e+06 3.60381e+06 1.56808e+06 521998 262149 97900.6 56832.8 1.14028e+06 111537 42595.2 88162.1 32872.2 29035.1 27829.3 2.25349e+06 3.38559e+06 1.49133e+06 365017 64276
threshold=27.500000000000004 2.3317170416703453e-10 8128285.25 115033.45000000001 7846029.2599999988 23.500000000000004 214616.35500000004 968047.44000000006 231374.46000000005 28.500000000000004 43.500000000000007 749171.40000000014 278971.79687728948 1.182343112304807e-10 48.500000000000007 46.500000000000007 13.222547252346466 12.384770916979368 1.0000000180025095e-35 469205.93500000006 23.500000000000004 51720.500000000007 892689.65000000014 5.5000000000000009 203917.35500000001 200540.16500000001 12.203199697563715 12.343687785161915 30547.78000000025 1340079.2850000004
decision_type=2 2 2 2 2 2 2 2 2 2 2 2 2 2 2 2 2 2 2 2 2 2 2 2 2 2 2 2 2 2
left_child=2 -2 4 -4 8 -6 -7 -5 20 17 11 12 -11 14 -12 -15 -16 18 22 -20 24 -22 23 -10 25 -1 -27 -26 29 -29
right_child=1 -3 3 7 5 6 -8 -9 9 10 13 -13 -14 15 16 -17 -18 -19 19 -21 21 -23 -24 -25 27 26 -28 28 -30 -31
leaf_value=-0.018611915078158629 49.3869300390391 -2.5190248298203968 -1.1940900656678859 -35.134201140927992 -2.0337729095267334 -2.8111340838955412 57.002439788571053 -1.1389401945385607 -40.302152290302544 282.36432167401648 -2.3966035728369222 -0.35496062025248687 -3.6492839473003209 60.598983536055236 -45.888247194672715 -4.6219720558007236 -2.2875778329855456 0.14996758879385635 -0.1249005685703414 -9.7431934947036325 -1.3717875689524957 -14.935102239989257 -1.4797147466265852 -2.9904245409622177 -0.1023007265874486 -11.068527890508539 117.02501545836695 -60.73610506349619 -7.8428534143633675 -7.8556812923186827
leaf_weight=17452.024880429821 0.2137228156462595 2.3448885978722598 24.711067821539292 0.018782214693129046 2.2839792110152635 0.064321122073274534 0.073705453850287067 0.24313597381271521 0.89705588659133972 0.22018267648825784 3.4808754848205608 0.13558149319782586 0.093314691592953691 0.0017895221244542672 0.1462571103461453 0.026437940965625462 0.27007290723850019 3958.8631713470268 162.70236479871016 2.0717509155216467 18.907420692573826 0.30646770410615332 0.15179722509863181 0.22963647944273846 218.01437353730824 0.73968117048403703 0.013624115706841966 0.2600074062335454 1.2318476578441599 0.42098078988725735
leaf_count=2742111 81 4370 59021 21439 6155 1513 59 3510 145808 4877 11253 23134 1124 665 38390 4845 821 113490 36966 125111 38500 5525 134505 800 29807 6841 2140 3044 1959 1122
internal_value=0.0195243 14.4751 0.0171688 -2.61507 0.0203008 15.0564 51.1472 -29.4908 0.0179418 0.191622 61.3707 234.724 259.263 -2.08931 -13.5289 54.4221 -39.1929 0.111882 -0.79156 -0.303909 -0.0226035 -2.31653 -35.9216 -37.6818 -0.0199783 -0.0129182 56.6693 -0.577634 -36.1176 -52.1691
internal_weight=21851.2 2.55861 21848.6 24.973 21823.6 2.42201 0.138027 0.261918 21821.2 4129.29 4.37451 0.449079 0.313497 3.92543 3.89721 0.0282275 0.41633 4124.92 166.053 164.774 17691.9 19.2139 1.27849 1.12669 17672.7 17452.8 0.753305 219.927 1.91284 0.680988
internal_count=3568986 4451 3564535 83970 3480565 7727 1572 24949 3472838 641789 85109 29135 6001 55974 50464 5510 39211 556680 443190 162077 2831049 44025 281113 146608 2787024 2751092 8981 35932 6125 4166
is_linear=0
shrinkage=0.05


Tree=151
num_leaves=31
num_cat=0
split_feature=7 8 4 7 3 2 3 9 14 7 3 3 4 2 4 4 3 0 2 2 9 3 4 3 3 3 13 7 7 9
split_gain=200933 847448 323714 102790 368739 90606.5 44896.9 492341 205938 124202 1.708e+07 1.34684e+07 5.40527e+06 907206 822593 602453 363972 115216 99361 43745.6 115252 1.45455e+06 413652 80255.8 542014 285745 636734 69068.3 58405.2 901947
threshold=11619915.855 559826.5881666668 10869669.15 6883727.1700000009 115033.45000000001 57781.915000000008 335347.20000000007 27.500000000000004 1146503.5950000002 1.0000000180025095e-35 384819.90000000008 365977.51000000007 1.0000000180025095e-35 390128.31500000006 194686.41 352147.93500000006 403869.50000000006 297.50000000000006 552686.07500000007 107905.28000000001 50.500000000000007 91389.24500000001 847937.27500000002 106760.50000000001 125479.34000000001 111647.50000000001 58946.235000000081 469205.93500000006 1105507.7100000002 10.500000000000002
decision_type=2 2 2 2 2 2 2 2 2 2 2 2 2 2 2 2 2 2 2 2 2 2 2 2 2 2 2 2 2 2
left_child=3 -2 -3 6 -5 -6 19 8 9 10 11 12 13 -8 16 -16 -12 -18 -9 23 28 -22 -23 -1 25 -25 -27 -26 29 -21
right_child=1 2 -4 4 5 -7 7 18 -10 -11 14 -13 -14 -15 15 -17 17 -19 -20 20 21 22 -24 24 27 26 -28 -29 -30 -31
leaf_value=0.014943962213253266 -4.7533090282374193 55.108305449609944 -1.2378631710723922 -1.5315492824785935 -0.72464480069029669 -32.068221984396118 303.91047071393888 -30.389672474147968 -17.389010589930471 0.099885603729959624 0.038489322033218615 -2.5909461819903954 -5.0244518512205474 -3.4385533769076413 59.152619852435123 -6.1623048872751456 -28.213371845996154 -2.5213773787469576 -1.9848586267818158 -0.23928089397895413 -0.86489045029344536 -66.423126621233948 -6.5870589197825131 -6.000651221573678 -0.13165977473461454 -59.414630590158936 -4.7109698477319659 -7.0472220168166775 0.014873498980200775 -10.560535114495387
leaf_weight=12397.987815779499 2.3580404282214826 0.10331228059548297 0.27548033552174328 37.16371587882513 0.33922303089085393 0.2824642381731709 0.0014709831875536999 0.57452541508200627 0.66414695276898683 2408.5599095199041 227.48570009521166 0.82250930010744938 0.13205800479253677 0.0018979687738465453 0.0026164072184540746 0.28484933090101011 0.49721679017253018 0.92462862181477457 0.56904636687977472 2101.0188241495689 46.730739936483715 0.10788909017027692 0.73079318860569897 5.1949192587961868 101.79623914173665 0.0097677140810287222 1.5437715105260237 2.7451634108881242 2451.6437690297503 20.383310698065088
leaf_count=1533038 26416 482 4099 68336 4904 24606 9324 78350 64748 292048 5485 5120 737 118 7387 10620 60970 5591 1397 423378 79703 9465 2346 11176 152707 21144 1844 24304 459854 180374
internal_value=-0.0189466 11.5742 42.949 -0.0211328 -2.59264 -25.9617 -0.016087 0.175786 0.195167 0.206181 1.3133 148.364 260.003 299.897 0.0568204 39.9116 -0.166589 -19.4477 -23.7774 -0.0456724 -0.177124 -2.60003 -46.2262 0.00289248 -1.32781 -14.0882 -28.1897 -0.378355 -0.151357 -0.343383
internal_weight=19810.9 2.73683 0.378793 19808.2 37.7854 0.621687 19770.4 2640.52 2639.38 2638.71 230.153 0.957936 0.135427 0.00336895 229.195 0.287466 228.908 1.42185 1.14357 17129.9 4620.62 47.5694 0.838682 12509.3 111.29 6.74846 1.55354 104.541 4573.05 2121.4
internal_count=3570071 30997 4581 3539074 97846 29510 3441228 541895 462148 397400 105352 15299 10179 9442 90053 18007 72046 66561 79747 2899333 1155120 91514 11811 1744213 211175 34164 22988 177011 1063606 603752
is_linear=0
shrinkage=0.05


Tree=152
num_leaves=31
num_cat=1
split_feature=6 3 0 14 2 0 1 3 3 3 5 14 2 13 13 0 3 12 3 10 2 0 14 13 13 13 2 3 0 6
split_gain=89539.3 2.29918e+06 2.46145e+06 1.19721e+06 80123.4 74044.1 33071.9 4.04268e+06 391513 265383 2.13426e+06 1.51206e+06 78454.1 110263 25050.9 546848 798700 365746 913152 170651 21580 553782 675442 16139.2 17465.9 15345.4 19291 14328.7 14230.4 29228.5
threshold=29.500000000000004 115033.45000000001 93.500000000000014 1372145.7050000003 339.10500000000008 45.500000000000007 0 121858.00000000001 125479.34000000001 1161.5000000000002 11.724388948763094 253032.47500000006 1003.455 85771.780000000028 1432145.6750000003 232.50000000000003 156821.69000000003 22.500000000000004 19867.000000000004 1.0000000180025095e-35 1690.1800000000003 228.50000000000003 273163.85500000016 41172.855000000032 30547.78000000025 70961.845000000103 98470.200000000012 91389.24500000001 322.50000000000006 12.500000000000002
decision_type=2 2 2 2 2 2 9 2 2 2 2 2 2 2 2 2 2 2 2 2 2 2 2 2 2 2 2 2 2 2
left_child=4 25 3 -3 5 -1 12 9 -9 -8 11 -11 13 -6 20 17 -17 27 -19 -20 21 23 -23 24 -14 26 -2 -16 -22 -30
right_child=1 2 -4 -5 6 -7 7 8 -10 10 -12 -13 14 -15 15 16 -18 18 19 -21 28 22 -24 -25 -26 -27 -28 -29 29 -31
leaf_value=-1.9991382184655297 -10.023384894950681 119.75899065189867 -18.786549648338887 -2.4212974425197618 -19.49056925605511 -18.573755484043101 0.027850196829283465 -2.3418507748961468 -104.59093793877221 -88.47112626446156 -0.98573743312185558 -3.6466173603621663 -8.9621803287774711 -0.93082531304250959 -0.90912022015601834 -0.6678431175603472 55.849884617486488 -0.51567703548717814 59.657558341342181 -0.81723491366440182 -0.0040629730779997352 -4.8310604283540464 51.361710800019779 -0.26094814945788286 -0.17508368562161067 -0.55393332630445169 -1.1428649324116804 0.18186823772066363 -7.445690574925476 -0.69902935602134875
leaf_weight=2.6191848895906995 0.04714298253559368 0.019722552562597306 0.29426883615023286 0.20119809982581782 0.23296485628321617 0.076296944858610494 645.93205870985332 0.15489000032828149 0.018213489593404075 0.24522404876828341 29.396904377995657 1.0662600454346969 0.1779013724176447 2.595955102141887 30.509741959755729 1.4147594549250966 0.087784818078666116 2.5158889060239709 0.023446588143224603 0.10140337019911654 21306.019739275009 0.70376791388047166 0.16558336984170907 19.914988565532653 1.1688612699560799 18.169572229269658 2.2564935526133736 676.68532125990225 0.78437761091529878 19.431284150723034
leaf_count=6152 6839 257 16622 2186 1923 21736 701365 6227 707965 579962 214263 36592 1034 705 38792 1761 115 1602 128 436 1171679 808 154 618 21 17162 20988 5669 6892 1462
internal_value=-0.0039664 3.18515 62.6243 97.6374 -0.00704974 -7.36876 -0.00585287 -0.347279 -93.0911 -0.191329 -4.65727 -50.9224 0.00479133 -7.15173 0.00603561 0.297719 23.6299 0.21515 16.0223 53.4749 -0.00369667 1.52268 27.6194 -0.73687 -4.66229 -1.15708 -4.30515 0.133577 -0.00535221 -1.29965
internal_weight=22763 20.9884 0.515189 0.220921 22742 2.69548 22739.3 676.814 0.173103 676.64 30.7084 1.31148 22062.5 2.82892 22059.7 711.338 1.50254 709.836 2.64074 0.12485 21348.4 22.1311 0.869351 21.2618 1.34676 20.4732 2.30364 707.195 21326.2 20.2157
internal_count=3572115 64054 19065 2443 3508061 27888 3480173 2246374 714192 1532182 830817 616554 1233799 2628 1231171 48503 1876 46627 2166 564 1182668 2635 962 1673 1055 44989 27827 44461 1180033 8354
cat_boundaries=0 1
cat_threshold=2
is_linear=0
shrinkage=0.05


Tree=153
num_leaves=31
num_cat=0
split_feature=7 9 3 2 11 0 4 7 2 12 3 11 6 3 3 0 2 14 10 3 2 9 9 3 9 4 3 3 9 7
split_gain=60588.1 135528 13029.1 105590 1.70898e+06 145660 118488 53237.9 44198.4 27867.2 26707.2 1.43489e+06 78725.8 243525 42042.2 1.29289e+06 119050 34489.2 25161.2 19102 17920.6 106537 257324 3.6351e+06 491336 63704.4 351978 45710.8 346988 55401
threshold=10160470.140000002 5.5000000000000009 278687.50000000006 278382.92000000004 1.0000000180025095e-35 258.50000000000006 21941129.980000004 469205.93500000006 282487.21500000003 11.500000000000002 249695.94000000003 1.0000000180025095e-35 23.500000000000004 52108.500000000007 241372.57500000004 305.50000000000006 168190.30000000002 2775442.4700000002 1.0000000180025095e-35 99704.085000000006 165905.12000000002 5.5000000000000009 48.500000000000007 121858.00000000001 41.500000000000007 1236636.9250000003 121858.00000000001 167538.55500000002 5.5000000000000009 469205.93500000006
decision_type=2 2 2 2 2 2 2 2 2 2 2 2 2 2 2 2 2 2 2 2 2 2 2 2 2 2 2 2 2 2
left_child=2 -2 9 4 5 6 -4 -6 -5 10 12 -12 14 -14 20 16 -16 -15 -18 -11 27 -22 23 -23 -25 26 -24 -1 29 -29
right_child=1 -3 3 8 7 -7 -8 -9 -10 19 11 -13 13 17 15 -17 18 -19 -20 -21 21 22 25 24 -26 -27 -28 28 -30 -31
leaf_value=0.028812227532936798 -1.4518594693916258 -20.453605707213729 -48.880315322912026 1.2432438482072217 -0.12186485998781678 -12.081086325074997 -0.39434587571117419 -6.3599497104373315 0.12242722634887149 -1.3219174233723106 -47.837568342721546 -0.1181708169196226 -1.6640622993029117 -28.30659860806281 -0.24488911717514436 54.414795514731225 -17.985872319052028 -0.090891771154595402 -1.5209926667636586 -7.6540831705614751 -0.034367185762501327 -1.6381267925138934 -1.0011633596782104 -88.230193447553035 -8.2569248855438016 0.4890052910089529 -30.14339500518836 -0.38845785588834247 -23.556657942366993 -8.6766885874221433
leaf_weight=16164.368272493657 6.6600424050693663 0.13164574691563213 0.99531969516333829 89.386712228233137 118.89071491587828 1.5645034552544881 0.15219423174858093 2.5232482909939042 3300.4723071070334 21.439069251642714 0.5960101381751447 121.9280984163634 17.874676549669829 0.047285992207458466 5.5636898217585964 0.085234514335986833 0.4864908262574521 0.12840285399580184 0.51515777676901142 0.34037896105285881 2621.9909984738333 49.257020999757415 21.814730404466449 0.41586924541002912 0.4865503635514361 98.59733511605981 0.092788368301369384 56.760126681184964 0.71089521744308726 1.0965587746280352
leaf_count=1877077 22552 24712 249558 3078 37707 87192 384 137903 92473 40517 22903 4711 56426 7861 6495 502 1778 177 323 3879 434352 294290 52505 15515 1478 16669 3695 57557 11629 5779
internal_value=0.00972114 -4.3986 0.0112341 0.099732 -1.32671 -34.7461 -45.6301 -0.302442 0.152341 -0.00497989 -0.00290183 -0.735733 0.00185206 -3.21077 0.00506942 3.71084 -4.0524 -25.3066 -14.5107 -1.75276 0.00357802 -0.113388 -1.32012 -4.29118 -72.1196 -0.0582528 -2.4353 0.0237189 -1.35882 -0.690381
internal_weight=22705.4 6.79169 22698.6 3513.98 124.126 2.71202 1.14751 121.414 3389.86 19184.6 19162.8 122.524 19040.3 18.0504 19022.2 6.65057 6.56534 0.175689 1.00165 21.7794 19015.6 2792.66 170.664 50.1594 0.90242 120.505 21.9075 16222.9 58.5676 57.8567
internal_count=3571677 47264 3524413 608295 512744 337134 249942 175610 95551 2916118 2871722 27614 2844108 64464 2779644 9098 8596 8038 2101 44396 2770546 818504 384152 311283 16993 72869 56200 1952042 74965 63336
is_linear=0
shrinkage=0.05


Tree=154
num_leaves=31
num_cat=1
split_feature=7 6 7 0 1 3 3 3 3 2 11 5 6 3 0 2 2 0 8 2 7 4 2 9 2 6 7 3 9 4
split_gain=405248 953332 22927.4 37804.1 20659.8 931946 3.04179e+06 303830 247600 2.63333e+06 1.98835e+06 28849.7 21949.4 19537.4 40152.8 290241 103917 90281 34092 24493.2 858066 500536 20402.4 18960 78390.5 18126.8 90370.4 106145 56855.6 1.75285e+06
threshold=12663079.709999999 25.500000000000004 10160470.140000002 93.500000000000014 0 813873.76500000013 121858.00000000001 749171.40000000014 1161.5000000000002 123547.48500000002 1.0000000180025095e-35 11.707664521161814 12.500000000000002 11372.500000000002 231.50000000000003 33214.085000000006 3244.5300000000007 315.00000000000006 297644.20238095248 552686.07500000007 54001.385000000009 1685.8400000000004 2548.3700000000003 32.500000000000007 31213.930000000004 13.500000000000002 3532988.2300000004 55428.500000000007 27.500000000000004 742031.55500000005
decision_type=2 2 2 2 9 2 2 2 2 2 2 2 2 2 2 2 2 2 2 2 2 2 2 2 2 2 2 2 2 2
left_child=2 -2 4 -4 13 6 8 -8 -6 10 11 12 -10 14 19 16 22 18 -18 23 21 -21 -16 -1 -25 26 -15 -28 -27 -30
right_child=1 -3 3 -5 5 -7 7 -9 9 -11 -12 -13 -14 25 15 -17 17 -19 -20 20 -22 -23 -24 24 -26 28 27 -29 29 -31
leaf_value=-0.041056759192163728 55.863721634918058 -5.2685792232539095 -1.0129430136752677 -11.489381496913593 0.018813595275576179 47.127340362020767 -90.733370378549139 -2.8380314101775559 -110.68272818603121 -0.8615233978888196 -3.1497234618571701 0 -1.9187679086156262 0.01940147844441702 -7.053801390113235 -0.3910077734170232 -23.964355514769963 -1.2833359182099793 -1.9360929114539891 56.282280476901121 -0.40402892558617814 -3.6081768581770888 -0.39145167611950127 -13.460120706433129 -0.73621940711712253 0.13215600486418297 -1.828706198793971 -17.851754640887133 39.598530626979581 -1.1712610985074121
leaf_weight=4349.6736517797508 0.068869781853367118 1.2099483785839993 5.1280464317984107 0.1010082820270507 646.97259341625227 0.035691160602253968 0.021080522174161342 0.18287802393539887 0.0023704276290740503 31.513274720776433 0.9156657221357315 0.0061835749069162399 0.040840453180716906 14594.096374541185 1.300761978804627 267.92133522570623 1.2699138198107505 0.87334268061262976 0.39497956882974916 0.083128049798560588 31.04267564524211 0.3486893700352085 2.5514901549327114 0.27050245866670053 29.915735387020476 2629.9831453012725 4.3797645430682346 0.48102124503696853 1.8701137411339939 31.79179641458995
leaf_count=463638 2840 20133 4289 19879 712158 417903 298475 7815 582592 215092 36502 1223 8142 409879 2223 222035 22574 1254 3312 403 6644 445 583 5317 41166 46762 4497 4606 1558 7483
internal_value=0.00704031 21.0911 0.00491702 -3.02811 0.00575193 -0.263511 -0.339113 -79.7437 -0.198113 -4.39095 -60.5507 -107.631 -108.269 0.0142159 -0.0763136 -0.662146 -10.4379 -16.8197 -21.4278 -0.0397415 1.32838 39.1737 -3.6322 -0.0498752 -1.27835 0.0388001 0.0169096 -6.19061 0.158725 2.17067
internal_weight=22634.4 1.27882 22633.2 5.22905 22627.9 679.691 679.655 0.203959 679.451 32.4783 0.96506 0.0493945 0.0432109 21948.2 4685.65 274.312 6.39049 2.53824 1.66489 4411.33 31.4745 0.431817 3.85225 4379.86 30.1862 17262.6 14599 4.86079 2663.65 33.6619
internal_count=3571422 22973 3548449 24168 3524281 2279902 1861999 306290 1555709 843551 628459 591957 590734 1244379 769594 251981 29946 27140 25886 517613 7492 848 2806 510121 46483 474785 418982 9103 55803 9041
cat_boundaries=0 1
cat_threshold=2
is_linear=0
shrinkage=0.05


Tree=155
num_leaves=31
num_cat=0
split_feature=6 3 4 3 9 3 9 2 2 3 9 3 6 2 9 7 8 10 7 9 2 6 2 9 9 8 14 8 2 4
split_gain=96972.5 367225 44286.2 89767.6 35009.8 34945.4 1.18743e+06 211954 203757 200000 2.56451e+06 536572 663947 376630 148084 106117 98734.5 81883.9 68108.7 5.75808e+06 4.37224e+06 447718 6.76769e+06 1.52723e+06 735853 272763 139923 137325 2.64274e+06 2.54442e+06
threshold=28.500000000000004 21841.500000000004 8000365.4750000006 115033.45000000001 3.5000000000000004 134403.82000000004 64.500000000000014 583963.12000000011 7952.7500000000009 115033.45000000001 5.5000000000000009 125479.34000000001 2.5000000000000004 64499.700000000004 61.500000000000007 425065.0400000001 362477.74571428576 2.5000000000000004 504272.97500000003 5.5000000000000009 11353.110000000002 3.5000000000000004 262861.71500000003 7.5000000000000009 16.500000000000004 126492.46517857144 855963.2850000005 161878.96485294119 270505.40000000008 765308.28000000014
decision_type=2 2 2 2 2 2 2 2 2 2 2 2 2 2 2 2 2 2 2 2 2 2 2 2 2 2 2 2 2 2
left_child=2 -2 5 -4 -3 9 14 8 -8 -1 11 12 -11 -12 17 -13 -10 18 19 -7 -21 22 26 -24 -25 -23 -20 28 -27 -30
right_child=1 4 3 -5 -6 6 7 -9 16 10 13 15 -14 -15 -16 -17 -18 -19 21 20 -22 25 23 24 -26 27 -28 -29 29 -31
leaf_value=-0.02518718826659146 -1.3936770229929329 -3.3667471328793059 -1.4871388180328462 -16.632531744279788 -34.229732637436875 -0.014310033736099383 -0.38715052644331865 -1.3768261084483586 -58.475109377777976 -53.593200419935684 -4.4346754118885885 -0.13818322130145413 -6.2025102009805551 -81.882446042898565 2.2977752334597472 -12.90319903029064 -3.3724625377096142 -10.285952450713834 -17.72166597179989 -0.98529589346629476 -148.51918930101948 -17.785515113428655 -14.57615331387005 129.74626499889678 -6.3810366870787067 0.28523315006482242 -0.1626972579037218 0.17451634166430907 12.290104021514923 110.30922180869921
leaf_weight=14649.906653938013 13.365027071623032 0.37143526223688711 9.8454075633534064 0.12439780493800867 0.028167718004592557 3271.3562845503848 0.23507456004264948 0.4051185566931963 0.2344457844081044 0.027996227790468953 0.32291216643594073 87.172131754282987 3.9146377018834904 0.14663141466756652 75.653207091588229 0.65965924193258629 0.22627349202503153 0.90219419049117178 0.23800425591489194 0.91631486752699953 0.14870050766970755 1.1020490158703058 0.0081807022183407185 0.39397330139342124 0.0099549304197522059 77.425994728287307 13.822040935060954 2829.5383522085881 2.6435059741654676 0.054061144272576356
leaf_count=2605026 42322 10366 40724 16448 20127 307299 1284 883 29379 17236 2254 11780 3494 8387 1858 2236 2134 12406 27210 3949 63313 23466 5976 1170 3086 39699 7411 250730 5534 4332
internal_value=-0.00231924 -4.05302 0.000524741 -3.17555 -28.4482 0.00218259 0.100992 -37.4826 -45.2933 -0.0398813 -2.34821 -1.28473 -17.315 -67.8855 0.113559 -0.378286 -52.2516 0.0865339 0.0897037 -0.0670032 -83.5331 0.264974 8.74809 113.102 124.232 0.219805 -1.61726 0.232735 2.26114 43.5575
internal_weight=21041.2 13.7646 21027.4 9.96981 0.399603 21017.5 6275.31 1.10091 0.695794 14742.2 92.244 91.7744 3.94263 0.469544 6274.21 87.8318 0.460719 6198.56 6197.66 3272.42 1.06502 2925.24 14.4722 0.412109 0.403928 2910.76 14.06 2909.66 80.1236 2.69757
internal_count=3571519 72815 3498704 57172 30493 3441532 791119 33680 32797 2650413 45387 34746 20730 10641 757439 14016 31513 755581 743175 374561 67262 368614 44853 10232 4256 323761 34621 300295 49565 9866
is_linear=0
shrinkage=0.05


Tree=156
num_leaves=31
num_cat=1
split_feature=6 3 10 0 3 3 2 3 13 2 3 9 0 7 2 9 3 3 2 1 0 2 3 2 2 9 9 2 4 7
split_gain=101538 463157 47428.6 1.10343e+06 310159 25644.9 184260 103071 193356 582888 184843 966943 333833 51285.7 167711 2.55722e+06 2.09427e+06 111737 284037 69132.9 691052 109158 41429.1 36830.2 161559 838503 475627 36470.6 30371.3 28850.6
threshold=28.500000000000004 11507.100000000002 4.5000000000000009 10.500000000000002 309164.30000000005 49116.785000000011 31213.930000000004 40810.500000000007 5.8662408264353884e-11 133614.88000000003 40211.500000000007 16.500000000000004 124.00000000000001 76059.85000000002 23791.255000000005 1.0000000180025095e-35 163.50000000000003 31471.275000000005 125469.93000000001 0 9.5000000000000018 148180.10000000003 152370.96000000005 48479.575000000004 49926.545000000006 1.5000000000000002 76.500000000000014 129384.09000000001 4842762.5450000009 30928.460000000003
decision_type=2 2 2 2 2 2 2 2 2 2 2 2 2 2 2 2 2 2 2 9 2 2 2 2 2 2 2 2 2 2
left_child=2 -2 5 -4 -5 7 22 10 9 27 13 -12 -13 14 15 16 -1 19 -19 20 -16 -22 -7 -8 25 -25 -27 -9 -15 -17
right_child=1 -3 3 4 -6 6 23 8 -10 -11 11 12 -14 28 17 29 -18 18 -20 -21 21 -23 -24 24 -26 26 -28 -29 -30 -31
leaf_value=-2.4074852183959794 -1.2205088246837137 -33.102515551171692 -0.18935332556540474 -1.290458372310852 60.103843386434043 -15.880865631921232 -2.0853816081687184 -47.340123184769425 -1.1699806441126577 -2.0515223237439093 -2.0406804609097282 60.23693385478456 -3.3521527184857036 0.003602964286111736 -0.63771861040223299 -5.6956923346793555 -97.087019502948706 -27.5690333419548 -1.1622425931570353 -0.12285693516185502 -50.341934723382764 -0.2580670321845111 -2.0269319939399462 -0.12118368466603882 0.064371104484320402 -1.1857349303207376 60.367462811440959 -0.093081879814356575 -1.4208308737010451 -0.35641712703851897
leaf_weight=1.1675475780912286 12.083850291441196 0.26855074724880523 23.457026474749117 0.20651916451987168 0.010866943870214751 1.1820639838562819 18.87406153658776 0.0022177264077086331 21.81150947550676 3.4294208832767041 3.7735711309620656 0.013611166683373727 0.13399972891366871 8895.0690017182424 4.2928514211329958 1.6871432549455025 0.28475807760652672 0.31438456164333839 4.9612843495208496 898.76579940033719 0.0010550768888192277 0.13390973333863121 1.1635664314988345 6.9215405020010747 13509.431651718263 0.39978688073577817 0.013904173858463764 0.046917197320762313 36.579406220402234 47.076443787988786
leaf_count=391785 38741 34054 7782 2381 947 202686 69687 36572 12987 14532 7962 77 1829 1037247 1828 2502 336554 9168 9348 301056 4972 21180 223623 1985 715136 2843 217 341 77021 3504
internal_value=0.0176954 -4.34125 0.0201734 2.21116 48.6247 0.0178678 0.0626166 -0.043204 -3.16978 -12.6468 -0.0348923 9.653 49.8867 -0.0397093 -0.387039 -3.17103 -52.9937 -0.229831 -6.87891 -0.183422 -3.5049 -44.6645 -11.67 0.0655121 0.0686699 7.02765 42.1181 -45.3207 -0.00238863 -0.651991
internal_weight=23493.6 12.3524 23481.2 23.6744 0.217386 23457.5 13538 9919.54 25.2901 3.47856 9894.25 3.92118 0.147611 9890.33 958.685 50.2159 1.45231 908.469 5.27567 903.194 4.42782 0.134965 2.34563 13535.6 13516.8 7.33523 0.413691 0.0491349 8931.65 48.7636
internal_count=3570547 72795 3497752 11110 3328 3486642 1216177 2270465 64432 51445 2206033 9868 1906 2196165 1081897 734345 728339 347552 18516 329036 27980 26152 426309 789868 720181 5045 3060 36913 1114268 6006
cat_boundaries=0 1
cat_threshold=16
is_linear=0
shrinkage=0.05


Tree=157
num_leaves=31
num_cat=1
split_feature=6 3 4 3 7 7 13 2 8 3 13 3 3 1 4 3 3 9 5 2 13 2 13 3 5 3 9 2 6 14
split_gain=1.50668e+06 8.47198e+06 173607 906371 348322 23011.5 54131.4 21244.4 7.19325e+06 2.66463e+06 174434 167763 61452.5 24261.2 2.88258e+06 1.12999e+06 774631 657090 495852 42633.4 33420.4 20288.2 16724.6 12657.8 12362.6 261621 244662 11890.7 53766.9 43912.2
threshold=30.500000000000004 100542.50000000001 15890731.275000002 75854.530000000013 808119.56000000017 8819061.0100000035 24878.410000000007 1522.4100000000001 1.0000000180025095e-35 431.50000000000006 61577.530000000006 1.0000000180025095e-35 106760.50000000001 0 1.0000000180025095e-35 118610.99500000001 892689.65000000014 -1.0000000180025095e-35 12.072236492054733 1664289.3950000003 8662.8550000000214 69595.540000000023 256463.90000000002 111647.50000000001 8.8714000922317293 2087.5000000000005 20.500000000000004 168190.30000000002 23.500000000000004 801605.21500000008
decision_type=2 2 2 2 2 2 2 2 2 2 2 2 2 9 2 2 2 2 2 2 2 2 2 2 2 2 2 2 2 2
left_child=2 22 5 -4 -5 7 -7 8 9 -1 11 -10 -13 24 15 18 19 -18 20 21 -15 -16 -2 -23 25 -9 -27 28 -26 -30
right_child=1 -3 3 4 -6 6 -8 13 10 -11 -12 12 -14 14 16 -17 17 -19 -20 -21 -22 23 -24 -25 27 26 -28 -29 29 -31
leaf_value=-4.8803813421229556 -6.6346864413132103 157.00953479554178 -0.49732577723513505 59.127531381842971 -2.8466361780219609 -11.173675459877508 -0.91856966283087582 -0.13176358767437976 -1.2520919774773693 146.94964358782275 -0.0010498151313386263 -30.403891542285329 -0.64308168817183287 -104.98118799343227 -6.3642426989681589 -12.338097682094967 58.996547575642992 -4.4618094970647935 -1.8708631096965442 0.54371520896343761 -0.094578066876868094 -0.91006224767094346 -0.40448034601723076 -6.5446625021502562 0.030958395179881498 -32.14667969693776 -3.305722524946086 -0.055879752415610218 -11.11407813579479 -1.4156993368138258
leaf_weight=0.30368021091638098 0.52899198490631594 0.010970491078261868 5.4286295232323756 0.018249646828206761 0.17915930597109772 0.43347690448555454 15.316984878294337 178.89831661714496 1.8509826468778021 0.14205096815979446 284.26118020170435 0.091659189074235536 0.25921774436141465 0.0015611381048707589 0.930596940690818 1.4000780593414468 0.023088692225737617 0.46434388365321666 0.17682690300279783 90.812609079297872 0.009567855997420726 46.868257728315697 4.154165433407103 0.053960773675511997 14591.797075343055 0.21333664106377703 2.581516304315683 5746.2022994633517 0.88125622968474981 4.0550231079920005
leaf_count=43095 28960 17525 8681 781 2729 13616 13567 12132 2207 69802 4683 3824 2284 954421 97926 203063 24526 365855 56459 18265 5186 328932 9831 79640 643183 7405 2684 533703 10844 4165
internal_value=0.0107052 25.727 0.00372312 8.09576 47.4733 0.00116568 -1.85132 0.00264678 0.429188 111.678 -0.13179 -11.737 -25.1729 -0.00329536 -0.6332 -52.9628 0.292411 36.1832 -90.4514 -0.0918823 -104.087 -1.28463 -2.1527 -1.05308 0.00136223 -0.408107 -13.3995 0.0050402 0.0290247 -4.72852
internal_weight=20978.3 4.69413 20973.7 5.62604 0.197409 20968 15.7505 20952.3 286.909 0.445731 286.463 2.20186 0.350877 20665.4 140.741 1.58803 139.153 0.487433 0.187956 138.665 0.011129 47.8528 4.68316 46.9222 20524.6 181.693 2.79485 20342.9 14596.7 4.93628
internal_count=3569974 56316 3513658 12191 3510 3501467 27183 3474284 125895 112897 12998 8315 6108 3348389 2134273 1219129 915144 390381 1016066 524763 959607 506498 38791 408572 1214116 22221 10089 1191895 658192 15009
cat_boundaries=0 1
cat_threshold=2
is_linear=0
shrinkage=0.05


Tree=158
num_leaves=31
num_cat=0
split_feature=12 3 8 6 13 3 6 7 2 9 9 3 7 3 9 9 0 3 3 14 13 3 3 6 14 3 0 3 9 3
split_gain=290111 850645 279017 107289 301444 50537.3 18440.3 694175 646592 69044.8 1.23421e+06 36408.9 32859.9 158242 33019.8 31371.8 837297 7.20766e+06 4.56414e+06 1.36387e+06 168881 72704 61074.8 24815 23028 45053.8 21801.8 53479.2 17323 17087.6
threshold=28.500000000000004 73433.195000000022 413571.70850686502 30.500000000000004 256463.90000000002 99704.085000000006 13.500000000000002 1506994.3100000003 10060.850000000002 61.500000000000007 62.500000000000007 49116.785000000011 3478084.27 55428.500000000007 3.5000000000000004 15.500000000000002 226.50000000000003 125479.34000000001 196097.88500000004 3.5106495488435035e-10 8.7766238721087588e-11 26836.000000000004 42964.975000000006 17.500000000000004 205812.28500000003 51720.500000000007 322.50000000000006 1.0000000180025095e-35 52.500000000000007 25994.150000000005
decision_type=2 2 2 2 2 2 2 2 2 2 2 2 2 2 2 2 2 2 2 2 2 2 2 2 2 2 2 2 2 2
left_child=3 -2 -3 6 -5 -4 12 8 -8 15 -11 -12 26 -14 -15 24 17 22 19 -19 23 -22 -17 -18 25 -9 -1 -28 -24 -25
right_child=1 2 5 4 -6 -7 7 9 -10 10 11 -13 13 14 -16 16 20 18 -20 -21 21 -23 28 29 -26 -27 27 -29 -30 -31
leaf_value=0.0059820796495000696 -1.045227066104506 -1.6251145070591413 59.965433465320103 -31.176920751891636 -0.48986626886235884 -0.53480165417662984 55.075906718610419 -0.86330697665684031 -0.84727553506698516 52.721166296956099 -1.4831614043638979 -11.560571087731994 -0.66221547463890384 -3.9896718583246304 -22.314502752648739 -1.2511250673910828 0.19253039602916033 -1.0620389412453917 -12.066426997843273 144.2318199718251 -2.0034344447592534 -23.905454791846225 -15.709952795882003 -1.136814768588305 0.053604872587077905 -9.5477044153348434 -0.35194117932792107 -13.492312659406375 -0.14141427771026541 -6.8068122224818879
leaf_weight=20200.642406692077 2.8973874712011702 0.17289859836984067 0.020696043968200684 0.048771876688105453 3.5193998400509101 0.017420835793018341 0.10940101064867935 25.395186218624236 0.91187720107957815 0.1468571594889968 6.12615038140527 0.14930864733261895 34.950328261153423 1.086196201006042 0.026048469554918685 13.119549020362919 408.41163517025961 0.16265933302838687 0.58118215460401557 0.6692681920154655 0.92609693471223642 0.032971295200919792 0.030858055366102949 6.4536878320658433 2666.3943497440468 0.6119702140920954 3.3541359386121479 0.02992536285689773 0.23912809411558647 0.89633673196981956
leaf_count=3050719 2448 975 11 41968 11524 362 48 22997 964 303 10955 6505 45222 11053 13352 31282 23722 313 13786 785 11919 8370 3836 16522 196550 13228 6768 13366 65 11901
internal_value=0.0207995 13.3063 48.5099 0.0184634 -7.6434 58.4302 0.0199604 0.132855 29.4251 0.113902 4.93077 -3.27964 0.00248843 -1.48494 -14.7824 0.102423 0.49769 11.7947 91.35 130.749 0.0691138 -14.5771 -2.36598 0.137807 0.038909 -1.4138 0.00521699 -3.52036 -12.8938 -2.56125
internal_weight=23378.1 3.1084 0.211015 23375 3.56817 0.0381169 23371.5 3131.37 1.02128 3130.35 6.42232 6.27546 20240.1 36.0626 1.11224 3123.92 431.523 14.8026 1.41311 0.831928 416.721 0.959068 13.3895 415.762 2692.4 26.0072 20204 3.38406 0.269986 7.35002
internal_count=3571819 3796 1348 3568023 53492 373 3514531 374051 1012 373039 17763 17460 3140480 69627 24405 355276 122501 50067 14884 1098 72434 20289 35183 52145 232775 36225 3070853 20134 3901 28423
is_linear=0
shrinkage=0.05


Tree=159
num_leaves=31
num_cat=1
split_feature=6 13 1 3 2 4 3 0 8 9 3 8 7 13 10 2 3 2 3 4 2 13 0 6 2 0 2 0 3 13
split_gain=108519 67670.2 31608.4 3.70218e+06 1.45788e+06 1.49214e+06 241666 74375 27831.3 27322 27207.3 15502.9 13650 19152.7 10546 1.16526e+06 49845.1 15697.8 14507.7 77423.1 79745.7 54591.8 50627.8 179532 133807 27407.9 143385 24669 23765.2 18938.7
threshold=33.500000000000007 534277.50000000012 0 125479.34000000001 121498.39000000001 1.0000000180025095e-35 121858.00000000001 9.5000000000000018 987154.09375000012 23.500000000000004 866.50000000000011 254530.67464285719 10160470.140000002 24878.410000000007 2.5000000000000004 21870.215000000004 80678.000000000015 119484.77 7053.5000000000009 1.0000000180025095e-35 13973.795000000002 140492.58000000016 38.500000000000007 1.0000000180025095e-35 71381.690000000017 249.50000000000003 30273.515000000003 322.50000000000006 6565.5000000000009 645082.83000000019
decision_type=2 2 9 2 2 2 2 2 2 2 2 2 2 2 2 2 2 2 2 2 2 2 2 2 2 2 2 2 2 2
left_child=2 -2 12 4 5 10 11 -5 9 -9 -4 -6 14 -14 18 -16 -17 -18 19 20 21 28 23 24 -22 -21 27 29 -1 -27
right_child=1 -3 3 7 6 -7 -8 8 -10 -11 -12 -13 13 -15 15 16 17 -19 -20 25 22 -23 -24 -25 -26 26 -28 -29 -30 -31
leaf_value=-20.839173076580252 -20.641100917692267 -0.93762046765257745 -2.384396589489524 -3.4836972547460201 -1.2453221827178647 -5.4285249167271621 10.371032386879271 -96.673797953139669 -1.0132153471919623 -0.6328183733883701 -71.379644487196643 0.055873670401174816 -8.2932412071753472 -0.9371976479920443 49.486853082570185 -0.26527697119325694 -2.0787094717348378 -11.364638994839309 0.031723127864723692 -0.019196342436230366 -1.1388658207517386 -0.23897396076398178 -0.79733014340341546 -1.4854209190005943 -30.521556141820682 -15.901875768906718 -0.49768508585478827 -0.28081772479026718 -0.43820565543901352 -0.049930957234411252
leaf_weight=0.082073145051904772 0.029329699115821506 0.93302607213898381 0.086515106489460702 0.10543130034693167 23.31399382370455 2.8279382177729051 4.6718584171856028 0.030212695928421504 0.029850232302800261 0.020925683900713921 0.43896023458460032 390.19156486597677 0.084069291384141986 6.9543086649066446 0.19011176461217516 29.695912891275061 1.5735202220377813 0.3657067154640995 18227.424958919019 3692.4020378736791 0.74047568309010048 0.71557550054107999 50.207758037476708 8.682082266542773 0.05816329630591921 0.99950091851278666 148.92949576034056 0.40849778420350635 0.21565276384353638 0.21569480729065027
leaf_count=1605 31661 5728 492907 13977 278417 132678 1335 587673 3707 113631 553812 107126 4938 5176 1131 16696 771 2090 524198 469261 540 146 32535 3028 2659 19086 163944 423 39 224
internal_value=0.00429109 -11.7532 0.00531235 -0.417921 -0.179127 -28.9642 0.120239 -88.628 -93.7051 -95.3686 -69.033 -0.0203048 0.0135642 -2.04646 0.0143171 0.909867 -0.889326 -7.10233 0.012988 -0.074477 -1.83159 -11.6735 -1.47483 -4.64385 -19.0611 -0.0462517 -0.705262 -12.2964 -17.7905 -14.3832
internal_weight=22592.6 0.962356 22591.7 421.717 421.531 3.35341 418.177 0.18642 0.0809886 0.0511384 0.525475 413.506 22169.9 7.03838 22162.9 31.8253 31.6351 1.93923 22131.1 3903.66 60.7018 1.0133 59.6885 9.48072 0.798639 3842.96 150.553 1.62369 0.297726 1.2152
internal_count=3571142 37389 3533753 2285263 1566275 1179397 386878 718988 705011 701304 1046719 385543 1248490 10114 1238376 20688 19557 2861 1217688 693490 40552 1790 38762 6227 3199 652938 183677 19733 1644 19310
cat_boundaries=0 1
cat_threshold=2
is_linear=0
shrinkage=0.05


Tree=160
num_leaves=31
num_cat=0
split_feature=6 3 0 7 3 4 7 10 3 2 4 3 9 3 3 7 2 10 9 4 3 0 3 8 2 3 3 2 9 4
split_gain=124031 224694 58640.5 21158 53260.7 14818.6 37936.3 24095 76928.1 30019.7 23057.4 78627.1 48190.7 22436.6 17715.8 32549.8 61279.7 16527.1 15542.9 107505 1.59227e+06 292285 759384 297628 197494 44020.4 72345.5 15492 13686.7 11308.1
threshold=30.500000000000004 3610.2900000000004 7.5000000000000009 8819061.0100000035 57027.320000000007 4067651.7100000004 7589735.205000001 2.5000000000000004 60121.000000000007 107905.28000000001 3428198.9900000007 55428.500000000007 2.5000000000000004 11372.500000000002 59101.805000000008 1978123.8800000001 31213.930000000004 3.5000000000000004 75.500000000000014 1.0000000180025095e-35 53994.500000000007 139.50000000000003 42964.975000000006 141066.73875000005 12474.900000000001 102884.74500000001 106760.50000000001 15366.970000000003 3.5000000000000004 630510.03000000014
decision_type=2 2 2 2 2 2 2 2 2 2 2 2 2 2 2 2 2 2 2 2 2 2 2 2 2 2 2 2 2 2
left_child=3 -2 -3 5 -5 7 13 10 14 -10 18 -12 -13 -7 15 16 -9 -15 29 21 27 22 -20 -24 -22 -23 -27 -21 -8 -1
right_child=1 2 -4 4 -6 6 28 8 9 -11 11 12 -14 17 -16 -17 -18 -19 19 20 24 25 23 -25 -26 26 -28 -29 -30 -31
leaf_value=0.021275721498238184 -0.70788094690737191 -0.09059654169376409 -30.382964396847775 -0.90281362717443603 -11.604077821455524 -1.1384888795518799 -1.2922915139787594 -14.48433772072589 -2.3689185417342897 -16.402430183433591 -0.56904445353682287 -1.862084517193825 -17.191735807657956 0.12967403881691816 0.045341354729948706 -0.55049682555003387 -1.51173168320316 1.0002989010513257 -3.5976345835886825 -6.3407397736180968 -1.5171614202073425 -0.024959335736649942 57.470136508168629 -4.6327407091596076 -60.431824355458815 -0.19691278922693622 -16.421119722449472 -0.76677341704548174 -7.1636713884477849 -0.073972585978769614
leaf_weight=15284.52067383645 2.9761423186099347 0.19429168105125411 0.1007937693540511 16.966213031856352 0.2706726140943293 33.268570896868368 2.7640346464242249 0.36073130290998134 1.2376717753964848 0.093989951364015112 25.426738973232005 1.3869003566229852 0.21212524192066484 2305.4524706610464 32.350454387971006 13.07915408670933 3.6388624158899914 54.862632914639562 1.5359611436791376 0.30367429370384869 0.2192894970383264 259.43447201284846 0.0041269190255630158 0.068177327554319087 0.29583468404979857 1.9381356539529877 0.086607181571887293 53.530281509919945 1.2855817207667666 3913.0579748225609
leaf_count=2378727 27554 86 28628 20236 10321 72118 9018 1013 3947 8463 32609 5708 12097 60499 53 9046 10762 1645 3963 3176 1613 11912 1027 1183 25951 237 2363 45769 13205 769659
internal_value=0.00249398 -8.51704 -25.9122 0.00414748 -1.69821 0.00555924 0.122864 -0.00880096 -1.08616 -9.97141 -0.00594681 -1.43907 -9.72986 0.131944 -0.653696 -1.90735 -5.34584 0.150328 -0.00388822 -0.350359 -2.3533 0.0707703 16.7258 49.1966 -52.9095 -0.0949943 -6.09204 -0.913369 -4.20673 0.00185808
internal_weight=22010.9 3.27123 0.295085 22007.7 17.2369 21990.4 2397.63 19592.8 50.7609 1.33166 19542 27.0258 1.59903 2393.58 49.4292 17.0787 3.99959 2360.32 19515 317.417 54.3491 263.067 1.60827 0.0723042 0.515124 261.459 2.02474 53.834 4.04962 19197.6
internal_count=3572588 56268 28714 3516320 30557 3485763 156485 3329278 33284 12410 3295994 50414 17805 134262 20874 20821 11775 62144 3245580 97194 76509 20685 6173 2210 27564 14512 2600 48945 22223 3148386
is_linear=0
shrinkage=0.05


Tree=161
num_leaves=31
num_cat=1
split_feature=6 13 1 3 2 3 13 8 2 4 3 4 3 13 3 2 3 2 3 3 13 8 9 6 2 4 9 13 6 0
split_gain=164904 204539 28813.5 3.87687e+06 1.83096e+06 1.16657e+06 1.90578e+06 218276 22022.1 15616.5 33613.9 24592.1 81641.9 30797.8 23159.6 152938 259682 72318.2 57088.2 2.24983e+06 1.37649e+06 762477 59696.5 32654.9 32565.7 26462.7 314144 1.19576e+07 2.93606e+06 1.75444e+06
threshold=30.500000000000004 221350.16000000006 0 125479.34000000001 121498.39000000001 431.50000000000006 1.0000000180025095e-35 987154.09375000012 1664289.3950000003 4067651.7100000004 11372.500000000002 3428198.9900000007 55428.500000000007 56525.540000000008 106760.50000000001 74842.735000000015 129818.50000000001 54538.475000000013 125479.34000000001 115033.45000000001 88393.430000000008 473245.44450000004 19.500000000000004 20.500000000000004 127513.48500000002 480352.03500000009 4.5000000000000009 1319.7350000000004 6.5000000000000009 130.50000000000003
decision_type=2 2 9 2 2 2 2 2 2 2 2 2 2 2 2 2 2 2 2 2 2 2 2 2 2 2 2 2 2 2
left_child=2 -2 9 4 5 -4 -7 -5 -6 11 -11 14 -13 -14 23 16 17 -16 19 22 21 -21 -17 -1 -25 26 -20 28 29 -28
right_child=1 -3 3 7 8 6 -8 -9 -10 10 -12 12 13 -15 15 18 -18 -19 25 20 -22 -23 -24 24 -26 -27 27 -29 -30 -31
leaf_value=0.031099200799464717 -28.158474856627642 -1.3678135238800946 -3.7543498663233223 -100.7317236409378 -0.012878498897841052 -109.80986679994713 -3.9262306401263842 -0.96475464526738852 1.1046998841981741 -1.3225612206212896 0.14564216469781413 -0.62442102071129701 -16.473262799789747 -2.3161591024880783 -2.0426390279269633 -6.6598286618968459 -2.345283677687013 -31.71112422939839 -0.046301567856998543 -104.19750697836558 -8.4205509628004389 -0.986722986592524 -0.021730138033234779 -7.9166243978593585 -0.41105413419888387 0.066887905556050425 -19.731988099627891 -0.05461202127186459 -18.993400625488317 -174.15659287154406
leaf_weight=14962.794955352285 0.15722394215471647 2.1456566353700577 1.7324967906009334 0.014532548864128692 419.91509659743679 0.011702433190785566 0.8675669332761281 0.078713039233870408 48.246251486128585 38.571919009342764 2652.9959142903003 22.955633460856152 0.1860821893518988 1.1655423481374003 0.42996038253904756 2.4705605409228317 7.5046721365450866 0.16340170116420105 2573.1656907281053 0.0081329682607517162 1.5867087162879161 0.24117593467235565 140.85563535696443 1.5676825460287638 3.579158944165 2415.1108195958532 0.54913718258317767 113.01866134533361 1.1790489995953355 0.35441837800150211
leaf_count=973390 40727 15675 510018 711051 359761 617719 50676 3756 22438 63985 25464 22164 1909 1733 3402 4654 25441 1331 29097 4494 1626 66 1689 10760 16777 30906 1909 993 2986 14707
internal_value=0.00137688 -11.17 0.00295304 -0.379692 -0.168968 -35.6325 -63.0205 -94.4356 0.104392 0.0109842 0.124117 -0.00405356 -1.56172 -10.4436 -0.00210408 -0.0923806 -6.5695 -24.9903 -0.0811365 -1.05545 -45.1553 -85.0667 -0.181539 0.0296041 -3.614 -0.0532204 -0.161111 -2.70521 -99.8655 -139.977
internal_weight=23413.6 2.30288 23411.3 470.866 470.773 2.61177 0.879269 0.0932456 468.161 22940.5 2691.57 20248.9 24.3073 1.35162 20224.6 5256.64 8.09803 0.593362 5248.54 145.162 1.83602 0.249309 143.326 14967.9 5.14684 5103.38 2688.27 115.101 2.0826 0.903556
internal_count=3571304 56402 3514902 2275419 1560612 1178413 668395 714807 382199 1239483 89449 1150034 25806 3642 1124228 123301 30174 4733 93127 12529 6186 4560 6343 1000927 27537 80598 49692 20595 19602 16616
cat_boundaries=0 1
cat_threshold=2
is_linear=0
shrinkage=0.05


Tree=162
num_leaves=31
num_cat=1
split_feature=6 3 0 3 9 7 9 9 2 7 3 2 8 13 3 2 11 7 9 7 8 2 9 3 0 3 3 2 1 2
split_gain=179737 219486 25760.2 24535.4 680327 3.30819e+06 1.79345e+06 185440 8.3888e+06 3.50224e+06 50595.4 166483 41894.1 54076.8 87588.5 33628.2 474775 94945.8 26115.9 21564.7 17148.3 17114.4 96846.1 895692 96876.6 940642 201580 95310.9 82557 1.08271e+06
threshold=30.500000000000004 3610.2900000000004 7.5000000000000009 222732.50000000003 50.500000000000007 609747.49000000011 62.500000000000007 42.500000000000007 249020.48000000004 512777.40500000009 215186.00000000003 226438.50000000003 389958.91933333332 1319.7350000000004 94470.000000000015 223522.86000000002 1.0000000180025095e-35 469205.93500000006 28.500000000000004 7589735.205000001 87900.032500000016 148180.10000000003 30.500000000000004 121858.00000000001 315.00000000000006 49735.500000000007 50852.55000000001 165905.12000000002 0 510.46000000000004
decision_type=2 2 2 2 2 2 2 2 2 2 2 2 2 2 2 2 2 2 2 2 2 2 2 2 2 2 2 2 9 2
left_child=3 -2 -3 10 7 -6 -7 15 -9 -10 12 -12 19 14 -14 16 -5 -18 -17 21 -19 28 24 -24 -23 -26 -27 -28 -1 -30
right_child=1 2 -4 4 5 6 -8 8 9 -11 11 -13 13 -15 -16 18 17 20 -20 -21 -22 22 23 -25 25 26 27 -29 29 -31
leaf_value=0.041040182100886946 -0.86197762772516107 -0.045608553045294903 -31.879629330346276 -21.717982201335726 2.7405549438294212 118.30193508923048 -15.107508420913454 -0.033057581173606292 171.65256602343288 -4.0368170785614899 -0.85860417175040049 -21.602688258442218 -2.1166193526080055 -0.45108903129812461 -14.652314405788637 0.077656960870375047 -0.12554569395013435 -0.26658907049003544 0.86252994426674201 -2.5667596146169265 -11.87436527349937 -0.082642942780192408 -1.1277252340564015 -42.785571821698611 -0.41620093322292662 -0.067422440630340183 -0.66377141759760871 57.58459320301187 33.721297109436406 -9.5929969883882258
leaf_weight=15642.057256148524 1.7221383156801584 0.071070909500122043 0.041197674315379823 1.6297829274254798 8.7130000212878702 0.012415092598466626 0.068876492229281494 56.317920313162702 0.024927768640597647 0.33026810671760698 6.7001343101504514 0.14976879087466777 17.195240027478839 164.21889326269886 0.58615888231769986 4450.3394008812929 150.18300206008374 0.43276780261874814 107.5880497839571 7.0813817397647645 1.0590614064226065 2624.2953286500056 39.989625264794093 0.33605312164080814 10.37443944931641 0.20176881343127456 0.051114964096942876 0.0030046930308955727 0.63988757071875646 11.94270958875985
leaf_count=545299 27664 89 28485 302427 15405 6109 18538 15324 854 3539 7227 1529 57851 70508 4656 132073 35977 748 7539 20156 122948 720377 122887 6659 8494 133 145 1774 35286 1250550
internal_value=0.0308348 -12.5593 -29.891 0.032365 0.133392 13.2977 95.8276 0.106326 2.92435 125.854 0.00631025 -4.00699 0.00801126 -0.744762 -3.28827 0.0718125 -0.654167 -0.287031 0.0963698 0.0155233 -9.96738 0.0166611 -0.100187 -2.50193 -0.0624931 4.49083 45.3614 54.1257 0.036635 -2.91975
internal_weight=23304.4 1.83441 0.112269 23302.5 4776.7 8.79429 0.0812916 4767.91 56.6731 0.355196 18525.8 6.8499 18519 182 17.7814 4711.23 153.305 151.675 4557.93 18337 1.49183 18329.9 2675.25 40.3257 2634.93 10.6303 0.255888 0.0541197 15654.6 12.5826
internal_count=3571250 56238 28574 3515012 661481 40052 24647 621429 19717 4393 2853531 8756 2844775 133015 62507 601712 462100 159673 139612 2711760 123696 2691604 860469 129546 730923 10546 2052 1919 1831135 1285836
cat_boundaries=0 1
cat_threshold=2
is_linear=0
shrinkage=0.05


Tree=163
num_leaves=31
num_cat=1
split_feature=7 4 3 9 9 7 3 13 3 0 4 12 8 2 14 3 7 8 1 3 3 2 2 8 2 2 3 3 7 4
split_gain=50260.3 1.69383e+06 4.45184e+06 187862 51337 41509 37606.8 21956.8 182504 2.50311e+06 167881 1.08511e+06 178275 164644 140737 386580 123246 133371 107848 2.04105e+06 1.58425e+06 1.50844e+06 3.10938e+06 949000 305121 195554 70724.6 61016.1 133313 1.60095e+06
threshold=8819061.0100000035 6575046.0600000015 222732.50000000003 6.5000000000000009 4.5000000000000009 7589735.205000001 32558.170000000002 5.8662408264353884e-11 473250.02500000008 9.5000000000000018 7170104.330000001 1.5000000000000002 258694.62833333336 2396346.4800000004 2.3374013835564261e-10 49116.785000000011 4723562.0350000011 536915.17125000001 0 121858.00000000001 118610.99500000001 1003.455 121498.39000000001 320849.88333333336 3074.3900000000003 2548.3700000000003 1.0000000180025095e-35 161526.34500000003 495257.77500000008 49069.340000000004
decision_type=2 2 2 2 2 2 2 2 2 2 2 2 2 2 2 2 2 2 9 2 2 2 2 2 2 2 2 2 2 2
left_child=5 2 -2 -3 -4 7 -7 8 10 -10 18 -12 -13 16 15 -9 17 -11 24 20 21 -20 23 -23 25 26 -1 -26 29 -29
right_child=1 3 4 -5 -6 6 -8 14 9 13 11 12 -14 -15 -16 -17 -18 -19 19 -21 -22 22 -24 -25 27 -27 -28 28 -30 -31
leaf_value=-1.2208979903151704 -1.7571140321600016 -0.039387840675018833 114.40030961077628 -19.188519139107051 28.514241310896711 -1.7307042712149128 -11.40286935332918 -1.5650104784162955 55.212951779933441 -53.603437313903306 -2.4604479936529691 -1.8147689141866103 59.34318676512553 -0.25427828619829029 -0.022768464939185263 -35.492102826221171 -1.5659594093161502 -0.80389436904379574 53.831740904167148 -74.461636065539878 60.415666314897628 -105.22613968162517 -0.88290020598737395 -0.16861855698334882 0.04736276274345147 -0.69977623032293534 -27.233830841690498 0.11197373835729077 0.90733026989681731 -29.165481064797412
leaf_weight=0.41641342378399415 4.5285905227335537 137.04878921123634 0.067013596434361333 0.29293249581243586 1.0167690515518188 6.3073379151548608 0.33857798534408701 4.978717249804089 0.034281617968371925 0.60284506201663124 3.8667612460296281 0.069707174179453671 0.0086597310738331518 0.24595007300376892 8624.909359113748 0.036760173657471529 0.22061178088188171 0.16279600563409002 0.030229838341622961 0.0031361281873224503 0.0015215951572437039 0.013964893377228782 11.454183059346601 0.27698934450736151 11617.131994190502 1.7882130954725142 0.90901023592244978 662.81129406134517 661.46757523380813 3.702383164972388
leaf_count=2770 12358 27689 1867 26290 2616 19895 12778 20239 6213 246629 13839 1984 2111 497 914084 12136 11444 5036 63126 211892 5106 1037562 214740 6198 645010 1171 3329 15118 16353 10355
internal_value=0.0385945 0.969768 25.688 -0.218675 86.179 0.0323874 -3.65103 0.0336902 0.0748211 -14.1123 0.0772958 9.28821 53.7023 -39.9139 -0.0281039 -7.6733 -44.6943 -49.1933 0.0737752 -3.36436 -0.151843 -4.88852 -9.2519 -82.8193 0.0796996 -13.5355 -23.1029 0.0840817 0.405016 -0.0940997
internal_weight=21744.7 142.954 5.61237 137.342 1.08378 21601.8 6.64592 21595.1 12965.2 1.26648 12964 3.94513 0.0783669 1.2322 8629.92 5.01548 0.986253 0.765641 12960 11.78 11.7769 11.7754 11.7451 0.290954 12948.2 3.11364 1.32542 12945.1 1327.98 666.514
internal_count=3570435 70820 16841 53979 4483 3499615 32673 3466942 2520483 269819 2250664 17934 4095 263606 946459 32375 263109 251665 2232730 1538624 1326732 1321626 1258500 1043760 694106 7270 6099 686836 41826 25473
cat_boundaries=0 1
cat_threshold=2
is_linear=0
shrinkage=0.05


Tree=164
num_leaves=31
num_cat=0
split_feature=6 13 3 6 14 13 2 3 0 9 0 2 7 9 6 2 13 4 14 0 7 0 2 0 9 14 4 2 3 0
split_gain=178081 119147 48606.9 409414 1.09564e+06 249302 3.524e+07 2.46796e+07 1.7162e+07 1.24494e+07 7.04492e+06 6.61788e+06 4.37746e+06 4.35227e+06 1.88906e+06 1.44721e+06 457172 939494 347406 296693 133588 120220 413507 233147 7.98682e+06 1.89647e+06 1.01956e+06 742576 197522 154599
threshold=30.500000000000004 185998.26500000004 161526.34500000003 24.500000000000004 7742368.6700000018 5.8662408264353884e-11 468639.08000000002 473250.02500000008 258.50000000000006 17.500000000000004 300.50000000000006 374059.82500000001 2439529.1000000001 29.500000000000004 11.500000000000002 161280.05000000002 3354.1400000000008 473170.95000000001 425366.62000000011 239.50000000000003 1045539.0800000002 34.500000000000007 209716.81500000003 147.50000000000003 7.5000000000000009 6632.4800000000005 168326.03000000003 346368.02500000008 196097.88500000004 166.50000000000003
decision_type=2 2 2 2 2 2 2 2 2 2 2 2 2 2 2 2 2 2 2 2 2 2 2 2 2 2 2 2 2 2
left_child=2 -2 -1 5 -5 6 8 20 18 -9 11 12 13 15 -12 -10 17 -7 19 21 -8 22 -4 24 26 27 28 -26 -23 -25
right_child=1 -3 3 4 -6 16 7 9 10 -11 14 -13 -14 -15 -16 -17 -18 -19 -20 -21 -22 23 -24 29 25 -27 -28 -29 -30 -31
leaf_value=0.020546965299104294 -24.597381226508674 -1.5303862051984114 -0.76892480138911368 -10.672834091687109 59.570855708263963 -2.1490508489074824 -57.008111957986422 377.8110318715037 -5.3766514959068452 -4.0808067223857307 -26.80409500100032 -4.7274194396358942 -1.6396050747025985 -17.229931543856932 57.178831584322097 256.35092322456734 0.0037304229584896585 -57.898458751294754 -23.304729642335019 -18.118327643137174 -4.4186258507644967 -0.034885250304241402 -33.228161535819531 -8.3885389365680059 162.78580291730032 -11.158863222548288 46.678752154750804 -5.2670272744076527 -17.869692834927481 0.14217467849237206
leaf_weight=17272.833841532454 0.21283202126245537 1.3108609230174444 5.9919265335066356 0.69431615282585113 0.010678468276889674 3.1045152830475442 0.010289312809237172 0.25027963757574134 0.012825633652955526 0.23180179297924075 0.97773340307525114 0.41089785778344989 0.2077781160861869 0.032889044123995848 0.013630481636771941 0.55752023684280749 3346.7790722068107 0.036207570862574978 0.57775351385703189 1.2121142251735353 0.34696940177725721 44.776517205275475 0.18551102503707895 4.3387845342367646 0.020258380942155152 0.052759501244065143 0.16642124380967871 0.0052858412649496858 0.60838533140198237 1024.221459737546
leaf_count=2759426 39301 16924 43988 17633 809 3493 4393 3769 35256 3402 40591 2220 9068 14966 5832 9603 233336 27318 35100 34738 2219 5504 4400 33632 15799 4576 5967 1207 32769 123089
internal_value=0.0569252 -13.2243 0.0584667 0.206084 24.7032 0.196622 0.854872 219.525 0.483507 315.325 115.865 165.335 206.533 234.538 2.48164 250.786 -0.0168094 -16.6204 0.140767 0.174812 -46.8234 0.212076 -6.23811 0.254942 3.71298 138.209 0.517683 156.779 -0.654163 0.0980719
internal_weight=21710.2 1.52369 21708.7 4435.83 0.704995 4435.13 1085.21 0.83934 1084.37 0.482081 2.21327 1.22191 0.811013 0.603235 0.991364 0.570346 3349.92 3.14072 1082.16 1081.58 0.357259 1080.37 6.17744 1074.19 45.6296 0.0783037 45.5513 0.0255442 45.3849 1028.56
internal_count=3570328 56225 3514103 754677 18442 736235 472088 13783 458305 7171 117536 71113 68893 59825 46423 44859 264147 30811 340769 305669 6612 270931 48388 222543 65822 21582 44240 17006 38273 156721
is_linear=0
shrinkage=0.05


Tree=165
num_leaves=31
num_cat=0
split_feature=8 2 3 13 0 14 3 3 6 3 6 14 0 7 6 3 0 14 2 2 3 7 11 2 8 9 8 8 2 9
split_gain=18277.6 17225.2 999875 339755 214472 143809 86114.9 14840.1 182154 186817 13967.3 12942.4 152062 1.14026e+06 93701.4 124436 83179.8 62926.8 406142 671905 54808.1 219544 48202 31023.2 31504.9 22470.4 22263.5 20773.5 21860.4 181103
threshold=827104.89500000014 7124.2500000000009 6565.5000000000009 188828.18000000008 321.50000000000006 1.182343112304807e-10 100.26000000000001 5267754.6250000009 30.500000000000004 1060.5000000000002 32.500000000000007 334662.12000000011 315.00000000000006 504272.97500000003 23.500000000000004 1585.5000000000002 249.50000000000003 338753.70000000001 328696.21000000008 334744.60000000003 53994.500000000007 469205.93500000006 1.5000000000000002 23109.540000000005 87900.032500000016 21.500000000000004 536915.17125000001 486400.04218750005 191770.58500000002 25.500000000000004
decision_type=2 2 2 2 2 2 2 2 2 2 2 2 2 2 2 2 2 2 2 2 2 2 2 2 2 2 2 2 2 2
left_child=1 2 5 4 -4 6 -1 8 11 -10 -9 14 16 -14 26 -16 17 18 -13 -20 -18 -22 23 -23 -25 -19 27 28 -3 -30
right_child=-2 7 3 -5 -6 -7 -8 10 9 -11 -12 12 13 -15 15 -17 20 25 19 -21 21 22 -24 24 -26 -27 -28 -29 29 -31
leaf_value=-1.2136014598644242 -5.123228836160548 -0.0026097519903990297 -55.80607214880061 -2.6128627773081323 -0.77831351676008131 -0.081248457476021343 -20.217564068271088 0.043330868121988303 -0.51008399023332751 -29.746795469242574 1.2202696361216505 -0.28372486051679718 53.587157555175978 -1.3182907360052114 -1.5535438149372884 -20.626401690649203 -1.0849108828696297 0.052877121391104676 46.751148846865057 -0.44912392661505768 -0.5628288609100528 -0.089996211376474317 -2.4651892268931768 -0.0037891229834482935 -23.670175781978163 -2.9234231919104094 -5.8615337151156011 0.93771248853412548 -0.098666063273238666 -2.8204648877216703
leaf_weight=1.2698330986149606 0.74613337151458736 10130.788766692405 0.25433564567580869 0.76010904328799245 0.23979462691881215 477.15513789958629 0.41551068994467311 53.091359148311312 1.2249030920632107 0.041974199518992727 47.146461486816406 15.591311611457582 0.12272969711538895 5.7141626167660453 3.2472647723084327 0.26253844685879135 35.537476074221892 7188.4063018800416 0.30690124135468644 1.7373152421505971 7.6580763355894428 0.18470294076039162 0.82901099236965148 0.15223050117492642 0.97026453764810217 5.3474115024464473 0.63660737696409242 54.279986567491505 2152.402219102853 61.905780842363583
leaf_count=183209 23125 1468252 298329 9056 1917 16778 54037 186049 26218 23324 4011 3255 422 5315 17176 15454 60615 594992 29 668 1607 1002 2760 14 19301 13137 11081 5756 375891 148422
internal_value=-0.00791531 -0.00747356 -0.303081 -33.525 -47.4989 -0.146366 -11.6849 -0.000278929 -0.00338714 -14.176 0.603534 -0.00175314 0.051251 7.50453 -0.0327904 -7.23866 0.0442222 0.0577827 2.95953 19.6651 -2.06757 -5.20177 -16.3482 -20.2659 -21.9769 0.050258 -0.0301668 -0.0293943 -0.0337226 -0.176001
internal_weight=20248.4 20247.7 480.095 1.25424 0.49413 478.84 1.68534 19767.6 19667.3 1.26688 100.238 19666.1 7262.56 5.83689 12403.5 3.5098 7256.72 7211.39 17.6355 2.04422 45.3318 9.79429 2.13621 1.3072 1.1225 7193.75 12400 12399.4 12345.1 2214.31
internal_count=3571202 3548077 563326 309302 300246 254024 237246 2984751 2794691 49542 190060 2745149 703117 5737 2042032 32630 697380 612081 3952 697 85299 24684 23077 20317 19315 608129 2009402 1998321 1992565 524313
is_linear=0
shrinkage=0.05


Tree=166
num_leaves=31
num_cat=0
split_feature=8 13 3 3 9 3 2 3 3 14 14 4 2 3 2 3 7 3 0 2 7 0 14 0 6 3 3 0 9 4
split_gain=18311 15688.3 1.85816e+06 194470 187201 1.11696e+06 75485 211091 64678.9 58637.3 167624 1.06786e+06 221836 57364.2 56254.3 418394 53393 21387.3 158716 110152 1.53691e+07 7.67255e+06 7.26264e+06 3.67716e+06 1.14593e+06 592468 413168 218863 122250 111028
threshold=827104.89500000014 1.4779288903810087e-11 448517.83500000002 473250.02500000008 26.500000000000004 101646.00000000001 1003.455 1060.5000000000002 53994.500000000007 1281735.2200000002 1079239.6650000003 927037.4800000001 42917.55000000001 55428.500000000007 583963.12000000011 107996.56000000001 749156.8450000002 161526.34500000003 315.00000000000006 266706.07000000007 599086.2100000002 184.50000000000003 242482.34500000003 277.50000000000006 8.5000000000000018 267587.45500000002 241372.57500000004 238.50000000000003 -1.0000000180025095e-35 49069.340000000004
decision_type=2 2 2 2 2 2 2 2 2 2 2 2 2 2 2 2 2 2 2 2 2 2 2 2 2 2 2 2 2 2
left_child=1 2 6 -4 -3 8 7 -1 -6 10 14 12 -12 -11 17 -16 -10 -8 19 20 26 -22 23 24 25 -23 27 29 -28 -19
right_child=-2 4 3 -5 5 -7 9 -9 16 13 11 -13 -14 -15 15 -17 -18 18 -20 -21 21 22 -24 -25 -26 -27 28 -29 -30 -31
leaf_value=-1.1921601061171572 -5.237741034940651 -0.022005511043564706 -5.9611234743246309 -59.378211848226705 -1.2492598991998562 -53.116702139901861 0.041097697827048869 -24.136973405557271 -1.0411961884695511 -2.0351028193176788 60.046258086998755 -1.0466656925830022 -2.5075757708135074 -14.551729245842873 -0.7915125841160835 -33.5553324460585 -16.98375973679698 -0.14530573577772607 8.6401050340170098 0.0044750607144612743 -8.1545240309229836 298.32507584005509 -5.7280747694948753 -7.734077034672902 -4.2270525051936287 -1.9882933154343001 -7.4830809497409536 -15.951800187113371 -31.266299380693034 2.1705482629994792
leaf_weight=6.7652533129000281 0.65923440442565961 9057.7974835998339 0.47538276115380163 0.43762199313199113 26.660699274627643 0.11639074058537957 10964.917049535044 0.20277239341368147 1.1374501710220122 5.6500226895019372 0.008512136406365084 5.1329903306986493 0.075315276321857388 0.22057114893722474 16.748899823968237 0.038492266486651938 0.27238604989921134 182.39594107800491 4.6117008584151327 1153.6447978534588 0.48758322785288344 0.0046334793889710743 0.26491414049176021 0.059197980848552434 0.0041970096879316134 0.0032902080135392585 3.2947505624491304 1.035571945242707 0.089028151515045173 71.194101432430784
leaf_count=31224 23200 1051884 6555 242752 58201 28623 1816138 43993 551 17739 170 5049 1164 3279 52049 5916 3628 43015 3288 13859 3989 1671 3094 3284 2285 1362 71218 18382 8683 4542
internal_value=0.0146289 0.0150337 0.0515635 -49.2228 -0.0348909 -4.03279 0.0591505 -4.80592 -2.00893 0.0622697 0.0648227 8.273 53.3811 -4.55563 0.0607018 -2.74916 -9.89296 0.0647335 0.247457 0.213958 1.14402 145.779 208.055 266.271 289.943 295.367 0.121128 0.381696 -15.0995 0.510811
internal_weight=21504.4 21503.7 12417.8 0.913005 9085.98 28.1869 12416.8 6.96803 28.0705 12409.9 12404 5.21682 0.0838274 5.87059 12398.8 16.7874 1.40984 12382 1417.09 1412.48 258.833 0.823816 0.336233 0.0713187 0.0121207 0.00792369 258.009 254.626 3.38378 253.59
internal_count=3570787 3547587 2404700 249307 1142887 91003 2155393 75217 62380 2080176 2059158 6383 1334 21018 2052775 57965 4179 1994810 178672 175384 161525 15685 11696 8602 5318 3033 145840 65939 79901 47557
is_linear=0
shrinkage=0.05


Tree=167
num_leaves=31
num_cat=0
split_feature=14 9 3 9 14 0 2 3 9 4 2 2 2 14 0 8 6 13 14 3 13 3 7 7 13 6 8 2 9 3
split_gain=44228.4 39665.7 1.61853e+06 689276 685279 105049 81002.8 69367 32536.7 28039.2 22034.5 18403.6 434012 1.67748e+06 576336 492793 133349 114509 1.04003e+06 84524.5 901759 265313 181331 58657.9 52433.4 28936.7 25500.7 23953.4 165165 346645
threshold=10446370.240000004 81.500000000000014 106760.50000000001 79.500000000000014 2.967226464534179e-11 141.50000000000003 67899.60000000002 121.50000000000001 118.50000000000001 11795543.310000001 23109.540000000005 398568.70500000002 407610.41000000009 1.764419721439481e-10 37.500000000000007 176171.61750000002 30.500000000000004 1432145.6750000003 1469467.9550000003 384819.90000000008 1.4042598195374014e-09 473250.02500000008 9657104.8350000028 477888.12000000005 334764.74000000005 1.0000000180025095e-35 559826.5881666668 323286.61500000005 5.5000000000000009 121858.00000000001
decision_type=2 2 2 2 2 2 2 2 2 2 2 2 2 2 2 2 2 2 2 2 2 2 2 2 2 2 2 2 2 2
left_child=1 3 5 9 -5 6 7 -3 -9 11 -2 16 13 14 -13 -16 19 -14 -19 27 21 25 -23 -22 -18 -21 -27 -1 -29 -30
right_child=10 2 -4 4 -6 -7 -8 8 -10 -11 -12 12 17 -15 15 -17 24 18 -20 20 23 22 -24 -25 -26 26 -28 28 29 -31
leaf_value=0.0072857708249369109 2.6308454118171225 -0.23676714476253102 -55.67291723613431 -1.1968359545103082 56.54182668390137 -0.12815779512258274 -2.6665276741555894 -23.512624255000887 -0.58616493976952977 -5.0158202105069885 -1.4269698253591143 -0.87420291353418667 0.072789121739715232 -1.0735815722979045 67.881920292482292 -0.59281120773355178 -20.964059627329824 47.331749926593517 -1.564025355341248 -3.7177550282856715 -0.21887595055897774 -54.284624915429596 -0.17467171769758927 -9.1325583187948745 -0.64804942821568245 -18.799583022445081 -0.14396175854221641 -0.26082035441223017 -1.9863497518825644 -29.772135509729054
leaf_weight=17098.680981751786 21.790905737346137 0.65623161419345455 0.32708557339429845 0.90749394295393215 0.07448751105572271 269.18373795173613 8.5725112342257965 0.22246502174492866 0.2377602607011795 1.7736444603651751 3.2671329269589249 0.49162996096105893 3435.6855117461305 7.6325813509517122 0.72777713562724544 0.28943945698204232 0.056212186404205333 0.28335302734598666 6.7543606185845926 1.8367940376173388 73.756301134237063 0.079335681879339481 0.18854151666164398 0.8950274199964231 0.54973042740117595 0.37116215582135414 0.22999408841133118 287.0862233282237 5.6176497096105269 0.45851330810842661
leaf_count=2531133 343 3783 25982 1487 367 30312 32452 4026 96 28750 6096 498 244007 8909 2131 1065 29860 278 16456 20341 38398 265135 1477 148431 6729 7249 163 66112 45730 4294
internal_value=0.00847459 0.00594411 -0.585012 0.0138572 29.4985 -0.321691 -5.18304 -14.1137 -20.1845 0.0110635 2.06713 0.0117296 0.117209 10.4456 45.9201 57.7605 -0.00911737 0.0867575 6.04778 -0.00779218 -1.64629 -25.7216 -46.3798 -0.445118 -14.4163 -10.6199 -16.2129 -0.00040979 -0.447769 -7.99487
internal_weight=21228.7 21203.6 279.2 20924.4 0.981981 278.873 9.68897 1.11646 0.460225 20923.4 25.058 20921.7 3451.86 9.14143 1.50885 1.01722 17469.8 3442.72 7.03771 17469.2 77.3572 2.70583 0.267877 74.6513 0.605943 2.43795 0.601156 17391.8 293.162 6.07616
internal_count=3572090 3565651 96651 3469000 1854 70669 40357 7905 4122 3467146 6439 3438396 273344 12603 3694 3196 3165052 260741 16734 3128463 481194 294365 266612 186829 36589 27753 7412 2647269 116136 50024
is_linear=0
shrinkage=0.05


Tree=168
num_leaves=31
num_cat=2
split_feature=6 13 10 3 12 2 2 9 3 7 4 1 3 9 3 1 0 13 0 2 3 3 3 0 3 11 6 3 9 9
split_gain=244415 104842 42259.1 72560.8 21362.6 15454.5 14256.5 183617 1.40312e+06 102724 45513.7 250551 1.01522e+06 228933 437546 36827 369075 563073 136882 634468 464022 126586 31811.3 23788.8 217356 141780 22560.7 86696 20720.1 113203
threshold=30.500000000000004 299625.80000000005 2.5000000000000004 105516.50000000001 28.500000000000004 48479.575000000004 150427.12000000002 51.500000000000007 121858.00000000001 7167.3950000000013 1.0000000180025095e-35 0 104316.00000000001 8.5000000000000018 53994.500000000007 1 188.50000000000003 1.4042598195374014e-09 189.50000000000003 13055.540000000003 53.045000000000009 100.26000000000001 1.0000000180025095e-35 237.50000000000003 115033.45000000001 1.0000000180025095e-35 24.500000000000004 71969.810000000012 48.500000000000007 30.500000000000004
decision_type=2 2 2 2 2 2 2 2 2 2 2 9 2 2 2 9 2 2 2 2 2 2 2 2 2 2 2 2 2 2
left_child=2 4 6 -4 -2 -5 15 10 -9 -10 11 12 -8 22 -15 -1 17 21 -18 -20 -21 -17 -13 -24 -25 -26 28 -28 29 -12
right_child=1 -3 3 5 -6 -7 7 8 9 -11 26 13 -14 14 -16 16 18 -19 19 20 -22 -23 23 24 25 -27 27 -29 -30 -31
leaf_value=0.029064564934850962 -30.152996724642453 -1.7791008147281682 -1.1404047056966546 -0.12422102765137102 -0.4462414461589112 -12.909595593045745 -1.0633231595369659 -1.1164124374527924 -0.69839209433535454 -51.530509994576818 -0.0071745391414415986 -5.9946224103931538 -87.594325859969871 -1.6181205058895121 -40.482805258133226 -0.97263576358057069 2.6223032239721409 -2.6298206679595104 -0.45397555640663373 -1.1307969147350045 -54.087362710118512 -51.669512208981558 -0.139083504473311 -0.43191168600086743 -25.887476243003938 -0.43258746781550927 -0.7131898775182437 -14.749735274609677 0.4929046196832701 -4.7590567329636402
leaf_weight=15090.612382804582 0.013022118434234509 0.80990560759176999 33.907052470490811 0.29864550155862457 0.09718389592230281 0.68485729784306559 0.54975520743111317 24.220900582788957 0.13592627039196403 0.58306095030808192 5984.0531855520185 1.3897801832335961 0.0034325217595229099 2.771965887543117 0.02624797376567789 0.18479159635580578 21.429298371069493 2.749166539305135 21.505031446286971 0.78023422108937346 0.0010663801801005226 0.020794272876972442 619.45122147866073 35.063534947706451 0.44458924215560458 0.93687698544866538 12.032980931730879 0.22564062680067642 204.96865666322901 11.559670632950654
leaf_count=622279 43206 12986 27045 1908 131 11995 20846 67151 117 20421 826866 549 5240 14689 5956 232894 7860 120188 404883 92404 307071 510184 76195 22667 3550 185 24517 10940 11052 66535
internal_value=-0.00721257 -17.8455 -0.00566018 -1.71996 -27.959 -11.0497 -0.00286767 -0.0624374 -4.26124 -47.9202 -0.0465839 -0.44082 -7.75092 -0.30117 -12.5464 0.0242816 -1.23693 -16.1239 -0.169145 -2.85081 -31.5293 -44.7096 -0.234626 -0.213307 -1.43733 -16.0572 -0.00459815 -2.06491 -0.000191771 -0.0171292
internal_weight=22071.5 0.920112 22070.6 34.8906 0.110206 0.983503 22035.7 6898.42 24.9399 0.718987 6873.48 660.637 0.553188 660.084 2.79821 15137.3 46.6704 2.95475 43.7156 22.2863 0.781301 0.205586 657.286 655.896 36.445 1.38147 6212.84 12.2586 6200.58 5995.61
internal_count=3572510 56323 3516187 40948 43337 13903 3475239 1177476 87689 20538 1089787 149877 26086 123791 20645 2297763 1675484 863266 812218 804358 399475 743078 103146 102597 26402 3735 939910 35457 904453 893401
cat_boundaries=0 1 2
cat_threshold=16 2
is_linear=0
shrinkage=0.05


Tree=169
num_leaves=31
num_cat=1
split_feature=6 5 6 3 0 3 11 10 3 8 5 7 3 0 6 4 5 9 3 5 0 3 3 7 1 3 13 4 3 3
split_gain=244310 1.31381e+06 71354 336428 52532.5 30036.8 13412.5 19085.7 78321.3 16495 16219.2 20476.9 22000.8 13368 12016.9 11340.9 8310.93 42736.6 160043 36577.2 512745 727889 462696 908351 138508 3.05128e+06 1.1298e+06 60405.9 37742.5 1.43349e+06
threshold=32.500000000000007 14.09456704746589 25.500000000000004 50075.000000000007 31.000000000000004 892689.65000000014 10.500000000000002 2.5000000000000004 60121.000000000007 81426.305416666684 7.8436015271948225 1709672.1650000003 18829.645 7.5000000000000009 11.500000000000002 13133900.195000002 11.724388948763094 96.500000000000014 49735.500000000007 11.707664521161814 19.500000000000004 3151.4250000000006 121858.00000000001 46560.370000000003 0 1347.3750000000002 342491.41000000009 49069.340000000004 115033.45000000001 125479.34000000001
decision_type=2 2 2 2 2 2 2 2 2 2 2 2 2 2 2 2 2 2 2 2 2 2 2 2 9 2 2 2 2 2
left_child=2 4 6 -4 -2 -6 7 15 10 -10 -9 12 13 -12 -8 16 19 -18 -19 24 21 -21 -22 27 28 -26 -27 -24 -1 -30
right_child=1 -3 3 -5 5 -7 14 8 9 -11 11 -13 -14 -15 -16 -17 17 18 -20 20 22 -23 23 -25 25 26 -28 -29 29 -31
leaf_value=0.042981797487916133 -0.61715875354245886 60.255316558691504 -1.3305855362272405 -30.34122617238755 -20.569344047077539 -0.14307431233526927 0.91285219551497443 0.0027655578144233422 -0.19890139950661428 -12.545259237238026 -0.091554140534127637 -0.55278102027744669 -1.5551135067356976 -10.9155493277893 -1.5132159004895067 -4.0004889400898724 -0.026115177865913598 -0.48142039137212811 -18.844302421291172 52.410187835925939 0.1181094645310771 -0.72473172446041767 59.262690522829303 -0.50429266505566595 -0.29611915033452874 -100.83219082672878 -2.2725734699174445 -0.045303664035582364 -47.716180592818489 -0.26059322244828592
leaf_weight=13129.119692421378 0.89421124276960684 0.0033532877859611112 16.484444813324092 0.07276298769137568 0.084068043218253341 0.23332339525222778 60.686140869278745 40.235952107143191 0.36159750698285964 0.69991168920829239 0.37300259546143322 10.850069565252596 3.5710379266606913 0.5253237092581553 4.6663121475064022 0.7627906495181368 8097.9344427056521 7.3862599596042777 0.4269846100758582 0.15242069051947704 196.29997002578452 1.4014689625950885 0.027730777859685474 1.8972483028913996 31.554227673948741 0.07052445313423833 0.46437509760696555 0.043036077171564102 0.60590919834032675 176.95856303681137
leaf_count=448733 2052 2570 40676 23232 29860 8257 2733 169 336 11187 58 8666 1746 8518 16746 15765 1285672 12034 6426 482 8914 845 179 3241 548860 988532 45460 180 3450 44184
internal_value=0.00867742 16.6136 0.00698849 -3.17924 -10.6954 -17.064 0.00955827 0.00738752 -0.90142 -10.4786 -0.536295 -1.86584 -4.36869 -8.8396 0.719355 0.00980644 0.0101328 -0.0299063 -3.50981 0.0341056 0.703877 22.9662 0.414998 20.0093 0.0240197 -2.8063 -72.4974 56.832 0.0331397 -0.68887
internal_weight=21784.8 1.21496 21783.6 16.5572 1.2116 0.317391 21767.1 21701.7 56.6169 1.06151 55.5554 15.3194 4.46936 0.898326 65.3525 21645.1 21644.3 8105.75 7.81324 13538.6 199.822 1.55389 198.268 1.96802 13338.8 32.0891 0.5349 0.0707669 13306.7 177.564
internal_count=3569763 42739 3527024 63908 40169 38117 3463116 3443637 30680 11523 19157 18988 10322 8576 19479 3412957 3397192 1304132 18460 2093060 13841 1327 12514 3600 2079219 1582852 1033992 359 496367 47634
cat_boundaries=0 1
cat_threshold=2
is_linear=0
shrinkage=0.05


Tree=170
num_leaves=31
num_cat=2
split_feature=12 3 6 6 3 9 14 6 3 0 3 12 13 8 0 14 7 3 3 11 4 14 7 2 1 13 9 3 0 1
split_gain=1.2866e+06 2.88388e+06 1.49687e+06 628477 3.07102e+06 2.40123e+06 73550.5 45727.7 106525 30785.2 155132 22961.9 17518.1 17424.4 12144.1 109700 70219.9 114498 50758.9 473398 142705 84820.4 46419.9 34857.8 82419.3 850968 21641.7 91236.5 16666.1 254634
threshold=27.500000000000004 75854.530000000013 29.500000000000004 29.500000000000004 98083.380000000019 2.5000000000000004 612373.62500000012 25.500000000000004 52108.500000000007 321.50000000000006 42964.975000000006 4.5000000000000009 289454.86500000017 827104.89500000014 249.50000000000003 211836.99000000014 3372671.8150000009 53994.500000000007 53994.500000000007 1.0000000180025095e-35 1.0000000180025095e-35 214616.35500000004 477888.12000000005 510.46000000000004 0 1.4042598195374014e-09 96.500000000000014 82611.000000000015 213.50000000000003 1
decision_type=2 2 2 2 2 2 2 2 2 2 2 2 2 2 2 2 2 2 2 2 2 2 2 2 9 2 2 2 2 9
left_child=3 -2 -3 7 11 6 -6 9 -9 13 -11 -5 -12 14 26 16 23 -18 -17 20 -20 -22 -21 -16 -25 -26 28 -28 -1 -30
right_child=1 2 -4 4 5 -7 -8 8 -10 10 12 -13 -14 -15 15 18 17 -19 19 22 21 -23 -24 24 25 -27 27 -29 29 -31
leaf_value=-0.0031370257799253538 -1.1592612612768312 116.20267764158093 -1.4000179154169303 -8.3201827700955544 -0.24328391339863298 -24.180051450653753 121.34201208002945 -1.4218249100860914 -17.944175890086793 -0.74083101709788646 -18.999203530043612 -0.39285743866439399 -0.090645115697689321 -4.9593033867227989 1.5228737739368099 -1.073219284246252 -1.7582361770281207 -18.854215771788784 -2.020512454727784 -0.14556697640625874 -0.62049308665065761 -36.047697516643488 -5.809673447473096 -0.030137812370631852 -51.965602949446691 -0.38217251930782237 -0.67602944717334523 -13.540665658657772 7.0810346849908932 0.091471958290565036
leaf_weight=14494.690633696564 2.7733766153251533 0.048750318738228438 0.33289175250818359 0.35338159775778644 0.0084673537057825959 0.01305236215478589 0.0055854001954075009 9.8421128905109718 0.11465009450614694 26.556016330668974 0.36726811988469643 3.150595520848118 0.14571018884040887 0.77094202272200973 34.81862563175082 64.054649189510002 5.8592583321198024 0.24628993316206482 0.69864702650930444 17.638527690174843 0.22937636077403989 0.57810764476381227 3.5689728362066644 4091.4827997807693 0.033275407262014389 3.6019873714753272 30.172890288347041 0.45268578578987728 2.0843509410740104 3541.0559619532919
leaf_count=2130303 2895 395 1198 37048 1913 14672 2447 26790 14654 28822 14812 4700 200 22374 10596 96106 27920 15366 652 3204 347 29610 21173 215394 472395 17618 13877 5189 26689 310728
internal_value=0.00538553 27.8259 86.8507 0.00020924 18.6198 94.7018 120.082 -0.00356872 -3.23289 -0.00198308 -1.65682 -2.86324 -17.2414 0.000100371 0.000494576 -0.0758336 -0.0387038 -5.00496 -1.82506 -3.81045 -24.3771 -31.8979 -1.31768 -0.0301508 -0.0437252 -3.78938 0.0183368 -1.28849 0.0206272 0.11782
internal_weight=22335.7 3.15502 0.381642 22332.6 3.53108 0.0271051 0.0140528 22329.1 9.95676 22319.1 27.069 3.50398 0.512978 22292 22291.3 4222.81 4136.04 6.10555 86.7683 22.7136 1.50613 0.807484 21.2075 4129.94 4095.12 3.63526 18068.5 30.6256 18037.8 3543.14
internal_count=3570087 4488 1593 3565599 60780 19032 4360 3504819 41444 3463375 43834 41748 15012 3419541 3397167 910381 759289 43286 151092 54986 30609 29957 24377 716003 705407 490013 2486786 19066 2467720 337417
cat_boundaries=0 1 2
cat_threshold=2 16
is_linear=0
shrinkage=0.05


Tree=171
num_leaves=31
num_cat=0
split_feature=6 13 6 13 7 8 6 13 4 11 8 4 2 0 4 2 9 14 7 2 14 8 2 8 2 0 2 8 0 9
split_gain=89368 68378.9 25325.9 804951 418375 174043 56278 36888.3 19821.7 18426.2 14540 13375 12207 1.138e+06 317793 1.00362e+06 81268.8 14072.7 16995.8 13247.7 268695 24572.8 17579 755972 6.95402e+06 729909 15494.7 12869 13039.8 12136
threshold=33.500000000000007 259476.0550000002 29.500000000000004 1.4779288903810087e-11 7589735.205000001 238104.25358333337 25.500000000000004 1.4042598195374014e-09 4565379.0500000017 2.5000000000000004 827104.89500000014 11795543.310000001 1169.3550000000002 9.5000000000000018 534056.62500000012 1.0000000180025095e-35 3.5000000000000004 1672366.2850000004 7167.3950000000013 8646.9050000000007 1.182343112304807e-10 203131.47278260867 15015.625000000002 13376.500000000002 13365.185000000001 46.500000000000007 8412.3350000000009 141066.73875000005 281.50000000000006 2.5000000000000004
decision_type=2 2 2 2 2 2 2 2 2 2 2 2 2 2 2 2 2 2 2 2 2 2 2 2 2 2 2 2 2 2
left_child=2 -2 6 4 5 -4 10 -5 9 -8 11 12 13 -1 16 -16 27 18 -18 20 21 26 23 24 25 -21 -14 28 -15 -17
right_child=1 -3 3 7 -6 -7 8 -9 -10 -11 -12 -13 19 14 15 29 17 -19 -20 22 -22 -23 -24 -25 -26 -27 -28 -29 -30 -31
leaf_value=48.535855593851181 -19.712006896114033 -1.1379374008054302 -0.89277061115626977 -9.0311126686701595 -1.6538854623780379 58.16718840152808 -13.358444466287404 -0.17669944926904535 -2.4516174354793616 -0.63034993911200432 -4.5198764160075626 -3.6073896238570597 -18.718648676553453 -3.5625449201494925 52.523469123333363 -1.4670122923389406 -0.263058337775466 -0.022140413644612777 -16.216061526820674 -6.7418317835578128 -0.16728303812512124 -1.3730132336805534 -0.0032333755389048445 0.031530934910744032 2.2292008939116519 124.97774727440256 -1.4211822654415416 0.034576858986892799 -0.29017791750396321 -9.7960337720797988
leaf_weight=0.22056379397591186 0.0067640569596810743 1.2421459318519648 0.10763684880660684 0.23596358512060689 0.44602755616800005 0.047152214550752913 0.013966531813757066 25.402148194646529 8.0435832473484297 0.54263391329298583 0.77414845747261907 1.5595975770484063 1.2460754193337793 4.1489868637481022 0.16517920792103646 1.4534669179620836 0.23761387176238757 0.22918006777763367 0.088327602212533218 0.0079455905435373841 394.5638040960435 0.48267468190609131 19479.334626264252 1431.5022360077348 21.941039078963492 0.3434580259305311 0.32383849431085909 150.2126944112126 7.9435263239023923 0.12809504604282596
leaf_count=2090 27826 9499 1732 9268 4039 196 20052 11592 20567 1958 22807 19742 505678 75777 1 1360 55 5 3843 53466 40881 3923 2443211 36794 59102 170742 13561 773 9410 2956
internal_value=0.00555629 -9.96116 0.00659721 1.53024 35.9313 51.8848 0.00466691 -0.59435 -3.82272 -9.32957 0.0063761 0.00674958 0.00717986 0.43451 0.077338 16.9434 -0.205824 -11.5818 -13.5594 0.00385717 -0.282048 -15.0596 0.00928761 0.176946 9.11227 119.211 -17.0939 -0.0962018 -1.59967 -5.67684
internal_weight=21533 1.24891 21531.7 26.2389 0.600817 0.154789 21505.5 25.6381 8.60018 0.5566 21496.9 21496.1 21494.6 164.828 164.607 1.74674 162.86 0.555122 0.325941 21329.7 396.616 2.05259 20933.1 1453.79 22.2924 0.351404 1.56991 162.305 12.0925 1.58156
internal_count=3572906 37325 3535581 26827 5967 1928 3508754 20860 42577 22010 3466177 3443370 3423628 96270 94180 4317 89863 3903 3898 3327358 564043 523162 2763315 320104 283310 224208 519239 85960 85187 4316
is_linear=0
shrinkage=0.05


Tree=172
num_leaves=31
num_cat=0
split_feature=6 13 8 9 3 3 0 2 3 0 14 0 0 14 14 6 3 12 9 3 0 13 3 3 9 3 6 2 2 3
split_gain=164235 139055 56162 26326 270424 32339.2 16379.9 308911 2.9907e+06 1.49332e+06 617241 13471.1 13147.1 12603.3 14762 12598.9 85983.5 17702.2 12243.6 25635 11407.4 11653.6 1.16924e+06 191942 173112 554076 169150 123490 74577.1 400735
threshold=30.500000000000004 259476.0550000002 501255.36000000004 96.500000000000014 104316.00000000001 106760.50000000001 315.00000000000006 201885.82500000004 200540.16500000001 322.50000000000006 88103.065000000017 132.50000000000003 309.50000000000006 302687.50500000006 306654.12500000006 25.500000000000004 118610.99500000001 4.5000000000000009 15.500000000000002 25371.000000000004 5.5000000000000009 1.4779288903810087e-11 500122.64000000007 520263.75000000006 26.500000000000004 59101.805000000008 3.5000000000000004 35414.430000000008 583963.12000000011 118610.99500000001
decision_type=2 2 2 2 2 2 2 2 2 2 2 2 2 2 2 2 2 2 2 2 2 2 2 2 2 2 2 2 2 2
left_child=3 2 -2 6 -5 -6 12 13 -9 10 -10 -7 15 18 -15 20 17 -17 -8 -20 -1 22 28 -24 -23 -26 -27 -28 -22 -30
right_child=1 -3 -4 4 5 11 7 8 9 -11 -12 -13 -14 14 -16 16 -18 -19 19 -21 21 24 23 -25 25 26 27 -29 29 -31
leaf_value=0.26337964431753691 -29.587456340750791 -1.7783476343102853 -0.21474728202107524 -0.50190957133884895 -0.94068904348255566 -1.2102272988124385 0.066192693887323073 -0.74792609319693071 -5.3589931784529314 -4.2732726032019217 113.54018979850558 -28.356261156817041 -3.0715406104700209 1.0337412510053026 -1.5634808804537335 -2.8332100713625565 -13.356062306779378 -0.082883251939536995 -0.71545257669878914 -9.0106397405707526 0.044195131163045326 -0.029850774673337896 -4.8883955187351527 -53.234384209925558 -1.6939137567620257 -2.6529212937139866 -1.7236153328359582 -45.58016828023996 -0.94484605745496197 -33.158724081569339
leaf_weight=431.59088714608879 0.015449045183814403 1.8173387758637167 0.21176354587078094 71.847937040063101 0.23182507304860472 0.14588463213294747 554.48654605152763 10.705624932162872 0.02562461775989984 0.32887256043331997 0.047361895977512711 0.036653049921090891 2.4678799963112388 55.351338687015264 5.1697577940568982 5.705492234787747 0.32235283047112417 46.455308487227455 8.1957892519800275 0.087458732333758671 12574.645350452423 8737.4876792608393 0.52135824571449307 0.18609837922851225 17.047437406170566 0.63140085910392296 0.28008023651287695 0.19800173990484182 10.816442575119645 0.067547424193041716
leaf_count=4337 40908 14249 899 25790 240 349 24776 13707 1003 1357 977 7529 20340 62 3851 27880 14687 6465 6292 4857 2015336 985899 6098 215333 46995 1921 2729 21240 49941 5326
internal_value=0.00944299 -11.6027 -24.6981 0.0110116 -0.935259 -22.5905 0.0140974 0.264347 8.17451 76.8499 105.702 -26.035 0.00681242 0.110506 0.789996 0.00730142 -0.759169 -0.431452 0.0361518 -1.76478 0.00918395 0.00403108 0.0348465 -41.3382 -0.0402644 -4.7881 -28.9879 -38.4393 0.0404567 -3.91857
internal_weight=22537.1 2.04455 0.227213 22535.1 72.2623 0.414363 22462.8 634.398 11.1075 0.401859 0.0729865 0.182538 21828.4 623.291 60.5211 21826 52.4832 52.1608 562.77 8.28325 21773.5 21341.9 12586.2 0.707457 8755.64 18.1569 1.10948 0.478082 12585.5 10.884
internal_count=3571373 56056 41807 3515317 33908 8118 3481409 56882 17044 3337 1980 7878 3424527 39838 3913 3404187 49032 34345 35925 11149 3355155 3350818 2292034 221431 1058784 72885 25890 23969 2070603 55267
is_linear=0
shrinkage=0.05


Tree=173
num_leaves=31
num_cat=0
split_feature=6 4 13 2 8 8 7 3 4 13 13 13 3 13 13 3 7 4 8 3 6 2 3 14 14 3 4 3 9 9
split_gain=195667 89681.6 81743.8 69380.5 41985.3 16696.5 130871 90112.9 43362.2 32408.3 25074.6 544476 692558 110682 56298.4 37319.7 2.6145e+06 5.06538e+06 4.88246e+06 85609.2 81157 68905.2 72995.4 45953.5 19939.2 52169.1 18225.2 15819.4 153442 1.17543e+06
threshold=30.500000000000004 11795543.310000001 259476.0550000002 62826.405000000006 501255.36000000004 215919.80589869284 3532988.2300000004 320.50000000000006 4842762.5450000009 463649.06000000011 1.4460965758189562e-10 1.4042598195374014e-09 59101.805000000008 6.2755134422332059e-10 1.168700691778213e-10 144361.00000000003 1448150.6650000003 466243.73500000004 266073.00184210535 196097.88500000004 4.5000000000000009 144041.90000000005 106760.50000000001 739520.39500000014 1224550.0900000001 105516.50000000001 4184626.8900000006 49735.500000000007 104.50000000000001 107.50000000000001
decision_type=2 2 2 2 2 2 2 2 2 2 2 2 2 2 2 2 2 2 2 2 2 2 2 2 2 2 2 2 2 2
left_child=1 5 4 -3 -2 6 8 -8 24 26 14 12 -12 -14 15 21 17 20 -19 -18 23 -7 -23 -17 27 -26 -9 -1 -29 -30
right_child=2 3 -4 -5 -6 10 7 9 -10 -11 11 -13 13 -15 -16 16 19 18 -20 -21 -22 22 -24 -25 25 -27 -28 28 29 -31
leaf_value=-0.086230195593860123 -27.649713167525558 6.0849741675507216 -2.1773000716465227 -4.0633137841251523 -0.34207387652465138 0.084580855512244521 -0.93691910952385649 -22.783911340871168 -4.3841642190514571 -1.0023477513721915 -3.6804283717963275 -0.015020044976327612 -57.03659561190721 -2.6176072861972455 2.6501236813875488 -31.587162558123737 2.3276653630875708 174.31696456155089 -8.6447471715273565 0.15468766813157556 -1.278281450720411 -1.4769462749496585 -13.927297717715263 -0.51770071166878007 -0.68400369518028348 -9.1896227201600222 -0.42670508806432861 0.021313913775026005 51.515153700197963 -8.2314907907396346
leaf_weight=5209.5132739522069 0.030548587157240292 8.7388991149172899 1.0602366712305269 1.3072779086060489 0.19286744296550751 4409.2944449707538 1.7369527059545049 0.30376860895906088 4.7000501425627581 0.36180176122251939 2.9906690921706507 3975.4852851051496 0.017665092905713276 0.21462240815162659 21.105913795118795 0.18399076620811539 47.15594745501528 0.0043906800841985163 0.43253220264207259 775.43640986054538 0.48454976469983202 46.233970544869635 0.22975677406225159 0.1703448892213606 48.132833053518347 0.8867458690852662 0.14027991352687363 7997.9710353833179 0.17433933913730992 2.060229838327126
leaf_count=1691482 41187 3660 14196 20969 914 110767 21313 23348 17662 3547 28831 403131 14190 1219 1095 15886 3671 9426 13643 64011 1231 155639 3954 498 32492 15602 624 849767 242 6409
internal_value=0.0100599 0.0115413 -14.6249 4.51566 -23.6284 0.00933387 -0.0266522 -9.63526 -0.0240835 -17.4801 0.0607778 -0.0340861 -17.9781 -49.6869 0.131976 0.121409 0.43035 53.9483 113.224 0.281937 -21.7047 0.0642008 -1.83075 -28.0653 -0.022207 -1.01861 -20.911 -0.0184322 0.0257205 10.9137
internal_weight=22556.8 22555.5 1.28365 10.0462 0.223416 22545.4 13266 2.5428 13263.4 0.80585 9279.44 3978.71 3.22296 0.232288 5300.73 5279.63 823.868 1.27581 0.436923 822.592 0.838885 4455.76 46.4637 0.354336 13258.7 49.0196 0.444049 13209.7 8000.21 2.23457
internal_count=3570606 3514309 56297 24629 42101 3489680 2662488 48832 2613656 27519 827192 447371 44240 15409 379821 378726 108366 40684 23069 67682 17615 270360 159593 16384 2595994 48094 23972 2547900 856418 6651
is_linear=0
shrinkage=0.05


Tree=174
num_leaves=31
num_cat=0
split_feature=6 2 3 2 4 4 12 3 3 7 13 2 3 4 3 9 0 3 13 14 2 3 2 0 3 3 8 3 7 14
split_gain=208974 1.34092e+06 53310 33482.6 16744.4 13029.2 36834.7 40875.9 32299.3 18329.7 13685.1 24439.3 12779.6 11242.5 10630.3 10489.2 98231.7 40010.6 16368.6 9739.14 86643.2 26906.8 24438.4 1.39499e+06 133456 21620.8 16015.6 178967 30536.2 14358.6
threshold=32.500000000000007 2396346.4800000004 1585.5000000000002 1664289.3950000003 13133900.195000002 5592866.5850000009 11.500000000000002 105516.50000000001 18829.645 7589735.205000001 393408.2950000001 100400.47000000002 2255778.1000000006 4842762.5450000009 57027.320000000007 23.500000000000004 132.50000000000003 105516.50000000001 326347.69000000006 900287.97500000021 339.10500000000008 1.0000000180025095e-35 1169.3550000000002 9.5000000000000018 494.16500000000002 139520.00000000003 443746.43343137257 55428.500000000007 477888.12000000005 26542.010000000002
decision_type=2 2 2 2 2 2 2 2 2 2 2 2 2 2 2 2 2 2 2 2 2 2 2 2 2 2 2 2 2 2
left_child=4 2 -2 -4 5 6 9 -8 10 13 11 -7 -9 19 -15 16 -10 -18 -19 20 21 -1 23 -22 -25 -26 29 -28 -29 -24
right_child=1 -3 3 -5 -6 8 7 12 15 -11 -12 -13 -14 14 -16 -17 17 18 -20 -21 22 -23 26 24 25 -27 27 28 -30 -31
leaf_value=-1.901861567199751 -1.0156732716848749 58.794378063647201 -21.268578252502596 -0.17827201423225328 -4.7694632138473132 -8.2547234482120739 -1.6125429226412535 -13.827157259794916 0.093372958570978534 -3.9974403631119593 -0.57958391330751391 -1.6489052701911171 -0.091276067785531739 -0.88414244231159211 -5.7348982291963502 0.34076563385328273 -1.9460790831347397 -18.64796397614338 -1.7509756245412751 0.060640237318170691 58.107289647396669 -15.160675428005616 0.019026039446485885 -0.42563948405576285 -18.833612890420977 -0.19215980131146346 -0.3830222881874043 -2.2112276155133839 -22.847870497481331 -0.073675643505442368
leaf_weight=1.0634061910722026 0.96528167780881013 0.03760884268855913 0.11164162220558516 0.24765397608280193 0.84085936229530389 0.97798266019233704 11.821239043990072 0.012179983377124226 706.31735020092754 1.8794452444235492 11.919500194242678 7.6612082888030777 0.22031913697719574 7.456301641297963 0.46889039536073607 583.95057126801453 1.5966306729395507 0.058926689891077855 0.4355699849540341 4240.5157207754091 0.032672973845824127 0.20711498983575904 9504.5902884799543 13.522102646891721 0.25563024658951405 0.20192936062812805 54.84155274279933 0.50852451815276656 0.054463622235922271 7450.7864848649515
leaf_count=9273 19526 1286 22141 151 18918 9405 34353 7919 11369 13318 14852 31435 8580 14117 7586 7825 7522 13120 3522 263738 1484 17969 1940180 24997 30423 10488 28338 1221 14750 980268
internal_value=0.00053021 14.8714 -11.1296 -17.5609 -0.0010237 -0.000635064 -0.010066 -2.66527 0.15217 -0.00843627 -1.7676 -3.17601 -11.4499 -0.00789576 -1.78209 0.184057 0.0545745 -8.8394 -14.8983 -0.00715059 -0.0240375 -9.7907 -0.0227333 1.99374 -2.0074 -16.3863 -0.0245117 -0.865648 -17.5516 -0.021712
internal_weight=22603.6 1.36219 1.32458 0.359296 22602.2 22601.4 21288.4 12.0537 1312.92 21276.4 20.5587 8.63919 0.232499 21274.5 7.92519 1292.36 708.408 2.09113 0.494497 21266.6 17026.1 1.27052 17024.8 14.0123 13.9797 0.45756 17010.8 55.4045 0.562988 16955.4
internal_count=3570074 43104 41818 22292 3526970 3508052 3409002 50852 99050 3358150 55692 40840 16499 3344832 21703 43358 35533 24164 16642 3323129 3059391 27242 3032149 67392 65908 40911 2964757 44309 15971 2920448
is_linear=0
shrinkage=0.05


Tree=175
num_leaves=31
num_cat=0
split_feature=6 0 6 3 4 6 3 3 12 0 3 3 2 0 3 0 3 12 8 13 8 8 14 2 3 11 3 7 3 12
split_gain=326408 735926 45283.2 29215.9 18694.7 86186.9 141563 37707.6 30197.4 22146.7 88219.6 17825.8 16608.5 2.89133e+06 1.98512e+06 858564 334025 76618 14845.1 13941.8 23441.2 765952 557995 48513.6 22647.7 12140.9 14721.3 11644.2 37349.9 12903.2
threshold=34.500000000000007 310.50000000000006 30.500000000000004 1585.5000000000002 3124559.1950000003 20.500000000000004 51720.500000000007 11372.500000000002 10.500000000000002 321.50000000000006 53994.500000000007 1347.3750000000002 1169.3550000000002 15.500000000000002 163.50000000000003 8.5000000000000018 494.16500000000002 8.5000000000000018 126492.46517857144 1.0000000180025095e-35 270705.9200000001 253282.73666666669 354266.81500000006 31213.930000000004 50374.500000000007 5.5000000000000009 115033.45000000001 4243089.5500000017 50374.500000000007 4.5000000000000009
decision_type=2 2 2 2 2 2 2 2 2 2 2 2 2 2 2 2 2 2 2 2 2 2 2 2 2 2 2 2 2 2
left_child=2 3 4 -2 5 8 -7 18 9 12 -11 -4 13 14 -1 -16 -15 -18 -6 20 21 23 -23 -9 -25 27 -27 -14 -29 -30
right_child=1 -3 11 -5 7 6 -8 19 -10 10 -12 -13 25 16 15 -17 17 -19 -20 -21 -22 22 -24 24 -26 26 -28 28 29 -31
leaf_value=-1.8442196398279209 -0.94901231396988406 40.44489035201866 -1.1748440003208054 -16.583963775575128 -5.0456329901451529 -1.7719624446304516 -21.954546517965035 0.60749349303116573 -2.5097395522142913 -0.62681354529318445 -11.938056416895257 -11.856610044364029 0.0013460695376802168 -0.059192221155278293 -0.24571690254034834 119.00565005075391 -30.79236510285125 -0.015192298500986939 -0.92607724123807555 0.087646972385591729 0.23838173711575436 -0.69079868829782498 56.416178706850452 -0.6036434965369325 -12.473116207707674 -0.62471878362763944 -5.218265922469187 -0.5146043486512476 -11.144588708676924 -0.68036883805770432
leaf_weight=0.70712800948435051 0.60523136844146286 0.4942009831566585 1.0015728030440036 0.033936042572125014 1.3475276242332785 4.5105500469395423 0.14568512326185512 89.397577606800539 10.991029868386248 25.115818369713896 0.86344876229988088 0.09980567854737743 20708.241604382754 134.66155936709802 0.17240048572421077 0.013980370293707328 0.095772547813708253 0.24958717823028564 58.09638255323911 1937.1629210143394 734.57324496172453 0.67351146054005373 0.068024462999830559 0.83294958579907641 0.042010236089546016 41.888275003718896 0.85356194599835689 20.584168198168214 0.19369898744399094 0.57825743983084166
leaf_count=2080 15038 978 11322 16301 8260 33572 19093 1150 38724 27706 12225 12336 2958131 33231 1112 3233 54929 67 135607 88001 23583 1472 784 2668 8639 22963 10974 16267 8239 1174
internal_value=0.0144091 19.5712 0.0126534 -11.3931 0.0133018 -0.00297453 -6.17416 0.134085 -0.0013077 0.000128872 -1.4315 -7.32686 0.00197634 0.550893 61.9078 101.465 -0.307341 -25.0977 -1.10148 0.161061 0.332999 1.08571 33.9314 0.447039 -7.52473 -0.00164099 -0.833767 0.000114647 -1.14038 -8.1165
internal_weight=23774.3 1.13337 23773.2 0.639167 23772.1 20949.9 4.65624 2822.19 20945.2 20934.2 25.9793 1.10138 20908.2 135.9 0.893509 0.186381 135.007 0.34536 59.4439 2762.75 825.587 91.0141 0.741536 90.2725 0.87496 20772.3 42.7418 20729.6 21.3561 0.771956
internal_count=3569859 32317 3537542 31339 3513884 3243720 52665 270164 3191055 3152331 39931 23658 3112400 94652 6425 4345 88227 54996 143867 126297 38296 14713 2256 12457 11307 3017748 33937 2983811 25680 9413
is_linear=0
shrinkage=0.05


Tree=176
num_leaves=31
num_cat=0
split_feature=6 3 3 4 2 3 13 0 2 0 14 0 8 4 4 3 2 6 12 8 3 3 7 6 3 2 0 2 11 3
split_gain=102990 534857 90081.5 18880.5 13859.2 796642 298942 118121 118610 21799.3 12135.9 70244.8 47947.4 11767.2 58380.9 167890 59439.4 74009.3 41884.8 34074.3 25450 18364.3 13937.1 84967.5 58497 23625.9 11409.9 10864 9330.36 10183.8
threshold=32.500000000000007 5267754.6250000009 1585.5000000000002 11795543.310000001 8646.9050000000007 7053.5000000000009 110617.89500000002 306.50000000000006 8412.3350000000009 282.50000000000006 8.7766238721087588e-11 281.50000000000006 171663.81933333338 4067651.7100000004 3271823.4650000003 55428.500000000007 49926.545000000006 1.5000000000000002 10.500000000000002 199442.21901098904 52787.680000000008 11372.500000000002 5460395.8300000001 20.500000000000004 1877.0800000000002 223522.86000000002 8.5000000000000018 171.64000000000001 6.5000000000000009 29772.545000000002
decision_type=2 2 2 2 2 2 2 2 2 2 2 2 2 2 2 2 2 2 2 2 2 2 2 2 2 2 2 2 2 2
left_child=3 2 -2 4 5 9 7 8 -7 10 11 12 26 14 18 -16 -17 -18 22 -15 -20 -21 23 28 -25 -24 -1 -28 -6 -30
right_child=1 -3 -4 -5 13 6 -8 -9 -10 -11 -12 -13 -14 19 15 16 17 -19 20 21 -22 -23 25 24 -26 -27 27 -29 29 -31
leaf_value=-0.80380220081229248 -1.7026128953862949 20.971133977483841 -22.569547117014654 -4.391746959213946 -0.0026047347657185559 -48.262121601650506 -2.5235805696859295 -2.7018856039118688 -1.1706275125676047 -5.4565860657651015 -0.049872348978912372 0.034329542085148282 -0.87088618187493771 -3.2045523300951491 -1.0674909281698992 -0.61194395139575442 -0.92639631380687126 -28.53920034622546 -1.8244171356973635 -1.17909454295771 -9.0044157868260761 0.1394351689846984 -4.7401139961870289 -0.5447548634654108 -17.349220292186764 0.4157370383160065 -0.82622773807487437 -16.513631734479937 -0.70795327566688515 -4.8026608040903769
leaf_weight=0.29627064840930561 1.394021873619478 1.914084792137146 0.043259792282058007 1.4458153223313264 20542.245922716887 0.43032764204432439 1.1376740923528914 0.36330960430823644 0.20384833155398763 0.89727256966182167 642.74297279245968 17.629180908203125 1.6752964622972293 6.7124865677769767 15.679242142505052 0.511990520266148 0.4034889744526704 0.078970344000823145 7.3714083100250125 25.718946848743144 0.73316369145219429 2329.4543161422162 1.2470603081861487 1.0377690150480194 0.19016328394450699 247.69530165275083 0.24062293469527396 0.39862936967940354 14.147988581970802 0.7910639426018119
leaf_count=3055 20656 4080 18038 25391 2486505 327575 12902 13577 7358 33236 17891 2178 1859 18591 43699 2866 594 20442 27426 78249 16239 68668 11897 16413 19283 8670 5146 237510 11900 9078
internal_value=0.00247094 7.69406 -11.3352 0.00106805 0.00151849 -0.223187 -25.3681 -37.1134 -43.1073 -0.104277 -0.0888182 -1.26477 -7.6183 0.00798047 -0.00401313 -2.8765 -16.5602 -21.652 -0.00157388 0.113725 -3.39215 0.12454 -9.00413e-05 -0.00460199 -9.76847 0.371028 -13.006 -14.718 -0.00354339 -1.2128
internal_weight=23864.8 3.35137 1.43728 23861.5 23860 666.015 2.13516 0.997486 0.634176 663.88 662.983 20.24 2.61082 23194 20832.1 16.6737 0.99445 0.482459 20815.5 2361.89 8.10457 2355.17 20807.4 20558.4 1.22793 248.942 0.935523 0.639252 20557.2 14.9391
internal_count=3570972 42774 38694 3528198 3502807 662287 361412 348510 334933 300875 267639 249748 247570 2840520 2675012 67601 23902 21036 2607411 165508 43665 146917 2563746 2543179 35696 20567 245711 242656 2507483 20978
is_linear=0
shrinkage=0.05


Tree=177
num_leaves=31
num_cat=1
split_feature=6 3 11 7 2 10 0 4 0 0 0 8 3 13 13 3 7 7 4 3 1 3 7 7 3 3 4 12 3 2
split_gain=157453 128563 23571.2 459576 891643 81359.1 18320.6 18061.1 15979.3 29266.5 88483.1 603657 672710 77133 931631 259890 193110 986547 287849 81562 59968.3 450959 250192 46894.7 151866 40352.2 93392.8 32481.2 28356.6 114632
threshold=30.500000000000004 1347.3750000000002 10.500000000000002 2574710.8300000005 313174.37000000005 4.5000000000000009 5.5000000000000009 10869669.15 211.50000000000003 233.50000000000003 232.50000000000003 1.0000000180025095e-35 57027.320000000007 4.2746250983327634e-11 4.3883119360543794e-11 20192.345000000005 1105507.7100000002 1121543.1250000002 82743.080000000016 52108.500000000007 0 28909.000000000004 1059613.4650000005 5013109.7000000002 49735.500000000007 1161.5000000000002 885672.97000000009 2.5000000000000004 2836.5000000000005 30273.515000000003
decision_type=2 2 2 2 2 2 2 2 2 2 2 2 2 2 2 2 2 2 2 2 9 2 2 2 2 2 2 2 2 2
left_child=2 -2 6 4 -4 -6 7 -1 -8 10 13 12 -12 -10 15 -15 -16 -18 -19 -20 23 25 -23 27 -25 -22 -27 28 29 -11
right_child=1 -3 3 -5 5 -7 8 -9 9 20 11 -13 -14 14 16 -17 17 18 19 -21 21 22 -24 24 -26 26 -28 -29 -30 -31
leaf_value=-2.9450552278797062 -1.4221167035658511 -23.226759171182895 -0.78830331985946833 0.24379613475229439 -0.52348101493833499 59.186784574540674 -0.038675669380530985 1.1158157635323194 0.13112285010456315 -12.921318731030105 -0.63183743281010063 -3.0644493861530209 56.323719561229716 -0.96234886779346729 -0.2359022460983578 51.546307553956325 48.598830130785892 11.300637365758185 -1.2331719508656238 -14.710935328878358 -0.22894716374595384 -43.915552544597688 -1.9616221116318557 -1.0332569210968896 -19.739072167857064 -18.907688119042017 -0.14571637287660252 -2.3180584483465791 0.030209576529532413 -0.53381453552129621
leaf_weight=1.9442488170561194 1.6877401515959101 0.31478037946350657 1.7957551116311981 373.86122788278936 0.041815490392267167 0.032424183646109335 13422.911433782394 51.357665962529666 2138.8447451344205 0.89916448091406564 0.96921744372660923 4.9008342867192862 0.062800249434173283 0.24921333156534348 62.084727431044136 0.18138036457969403 0.25382671274167989 4.2954746528489425 8.5706016337373558 0.3370340408746707 20.672175842707457 0.0018097260502747394 0.70519165466287237 9.5617540791374491 0.24452478696527791 0.0019786068881039167 2.010478751130873 13.919606819661565 7262.277019635083 125.18694986437714
leaf_count=4021 26938 29199 2194 17534 610 159 2127756 50 180066 20400 3615 6574 1363 250 14381 245 208 461 21102 11949 232545 248843 102491 23006 4109 132104 13857 16856 165965 161605
internal_value=0.00369582 -11.4455 0.00515813 0.397475 20.3299 56.3706 -0.00123081 0.916092 -0.00338921 0.0456601 0.204894 5.84519 28.8441 0.187152 1.74228 41.723 0.972199 6.177 1.99682 -3.17697 -0.00191871 -2.08497 -27.7358 0.00773695 -3.28363 -1.02833 -6.4362 0.0125513 0.0172559 -0.723172
internal_weight=23510.2 2.00252 23508.2 375.731 1.86999 0.0742397 23132.4 53.3019 23079.1 9656.23 2220.75 5.93285 1.03202 2214.82 75.9723 0.430594 75.5417 13.4569 13.2031 8.90764 7435.48 23.3916 0.707001 7412.09 9.80628 22.6846 2.01246 7402.28 7388.36 126.086
internal_count=3570456 56137 3514319 20497 2963 769 3493822 4071 3489751 1361995 240214 11552 4978 228662 48596 495 48101 33720 33512 33051 1121781 729840 351334 391941 27115 378506 145961 364826 347970 182005
cat_boundaries=0 1
cat_threshold=2
is_linear=0
shrinkage=0.05


Tree=178
num_leaves=31
num_cat=1
split_feature=0 1 3 3 2 3 13 7 2 2 14 3 2 4 9 3 14 0 2 3 2 2 10 2 3 2 3 0 3 2
split_gain=55059.3 27328.6 3.98188e+06 1.3495e+06 205712 2.37445e+06 667279 197849 30357.3 20313.6 13810.5 9974.62 45492.2 234407 40144.1 29342.7 535888 813956 89504.9 18889 33112.9 15784.2 159650 433544 95649.5 15599.8 144924 997895 34158.6 700884
threshold=1.5000000000000002 0 125479.34000000001 121858.00000000001 121498.39000000001 5088.1050000000005 580932.31500000018 11619915.855 510.46000000000004 204502.29500000001 334662.12000000011 1347.3750000000002 552686.07500000007 1.0000000180025095e-35 6.5000000000000009 1585.5000000000002 3689.9849999999874 228.50000000000003 32183.350000000002 2087.5000000000005 33214.085000000006 3074.3900000000003 2.5000000000000004 2723.7950000000005 156821.69000000003 7325.3650000000007 6565.5000000000009 263.50000000000006 8558.1150000000016 32183.350000000002
decision_type=2 9 2 2 2 2 2 2 2 2 2 2 2 2 2 2 2 2 2 2 2 2 2 2 2 2 2 2 2 2
left_child=-1 11 3 4 5 8 -7 -4 -3 -6 -10 12 14 -14 -2 16 -13 -18 -19 20 -17 22 23 24 -21 26 -23 -28 29 -27
right_child=1 2 7 -5 9 6 -8 -9 10 -11 -12 15 13 -15 -16 19 17 18 -20 21 -22 25 -24 -25 -26 28 27 -29 -30 -31
leaf_value=2.512331440912301 -0.061316415126475059 -0.17126898185168288 -101.40054637436833 56.905910007353114 0.1431898491064402 -83.729156415989792 -1.1689628783772794 -1.1981619078389616 -10.307692765869689 -1.0461637656033731 -1.4196664923986186 0.0187780904691142 11.287056862537801 -1.0642105222444191 -1.1385385963615779 -6.3741347704103717 -1.0699106025685885 59.974463122078923 -0.1396693770214979 -35.181631968196911 -0.32384339433854925 0.24191420468715999 0.051692940356538458 -0.42124482411281899 -0.23387934446388214 -36.54386333983129 -3.4494300211263602 47.634172642385984 0.017111256646965618 -0.39172736320201362
leaf_weight=20.745691210788209 3315.8946831935414 22.175837220922357 0.022123371611472237 0.03338732197880645 307.73031251943019 0.16086704202918811 0.34671227914983005 0.077299023353317092 0.12471637534278079 39.624996192530261 1.3697375294521983 44.519973266697932 4.3058802696374743 13.390760041300691 87.810683441948186 2.1590310837020814 1.3410233471922446 0.020542573183774733 0.060808562840963691 0.42087726710391427 8.38286232054792 222.34659643019737 58.693733215332031 4.691499144705304 0.24303389340640857 0.36543904167031271 3.6021224863219876 0.2477390267230678 18115.969853783023 75.46225046805209
leaf_count=2170 346869 17162 720901 6291 93470 566915 7709 7713 564412 299303 18939 1778 321 8266 311041 759 1433 65 486 4095 6340 647 54 636 838 4738 5730 1505 517507 52475
internal_value=-0.00237431 -0.00482305 -0.423729 -0.153535 -0.311416 -4.67551 -65.5207 -95.4498 -0.767594 0.00488481 -5.99829 0.00247738 -0.0759486 2.38374 -0.0894349 0.0169563 1.26545 24.1679 56.4602 0.013786 -2.00831 0.0150483 -0.762443 -8.2901 -30.2207 0.0177936 0.429545 8.98073 0.0126502 -1.03941
internal_weight=22352.3 22331.6 371.666 371.567 371.533 24.1779 0.507579 0.0994224 23.6703 347.355 1.49445 21959.9 3421.4 17.6966 3403.71 18538.5 45.9423 1.42237 0.0813511 18492.6 10.5419 18482 64.0491 5.35541 0.663911 18418 226.196 3.84986 18191.8 75.8277
internal_count=3570568 3568398 2302815 1574201 1567910 1175137 574624 728614 600513 392773 583351 1265583 666497 8587 657910 599086 3762 1984 551 595324 7099 588225 5623 5569 4933 582602 7882 7235 574720 57213
cat_boundaries=0 1
cat_threshold=2
is_linear=0
shrinkage=0.05


Tree=179
num_leaves=31
num_cat=1
split_feature=6 3 13 14 3 2 9 7 9 3 8 1 2 14 3 3 3 14 6 9 6 2 10 3 3 2 3 9 3 3
split_gain=2.18872e+06 6.20892e+06 2.29559e+06 553930 72715.3 17132.6 229871 1.02258e+06 270019 1.42143e+06 478058 66143.3 1.38555e+06 1.35776e+06 943907 122678 41761.5 456962 89016 82365.7 51099.6 45700.7 40274.7 80492.3 33745.2 65927.5 41311.7 33850.5 239013 78251.9
threshold=30.500000000000004 267587.45500000002 1.4042598195374014e-09 620987.84500000032 1347.3750000000002 113714.07000000002 117.50000000000001 1506994.3100000003 51.500000000000007 82611.000000000015 461959.04458333348 0 13055.540000000003 441782.28999999998 12513.000000000002 106760.50000000001 111647.50000000001 2.3374013835564261e-10 7.5000000000000009 122.50000000000001 18.500000000000004 171.64000000000001 2.5000000000000004 111647.50000000001 129818.50000000001 407610.41000000009 59101.805000000008 20.500000000000004 53994.500000000007 55428.500000000007
decision_type=2 2 2 2 2 2 2 2 2 2 2 9 2 2 2 2 2 2 2 2 2 2 2 2 2 2 2 2 2 2
left_child=5 4 -3 -4 -2 11 8 -8 22 -10 -11 16 14 15 -13 -14 -1 19 -19 20 21 -18 24 -24 25 27 -27 -7 -29 -30
right_child=1 2 3 -5 -6 6 7 -9 9 10 -12 12 13 -15 -16 -17 17 18 -20 -21 -22 -23 23 -25 -26 26 -28 28 29 -31
leaf_value=0.057672960400868049 -1.0568671780371426 -8.0840097440962264 152.044679480729 -0.66245728416173622 -16.718626990618663 -0.41630088694099182 -4.0552469499493977 50.921914797640994 -1.5430147539324501 -64.584247142281484 -1.6004428830756905 -3.0832741572525491 -84.001668995821831 -0.84719426660322683 50.479103084126535 -3.0391994091944601 0 -0.36683979722590931 -11.490906248668969 -0.46021805371815311 -0.30239951373815804 -40.463112465210052 -1.2658841623494492 -14.954556213970362 0.019392081328940602 0.15443893658777205 -7.5467157339432909 -1.152587411861002 -0.30283650479621171 -29.71856622438564
leaf_weight=14346.892563268593 2.5494337178159063 0.17927823960781114 0.20702807814386892 0.053301382137453668 0.14244167571564359 1054.1237465090635 2.5223347617985845 0.18355722434430255 17.153269596715845 0.29132031958487181 0.46125294582944343 3.1590994497832732 0.020765574116639152 1.208324207346436 0.066856871651126748 0.13097225135249668 0.075209379195850259 139.16035122579953 0.82396480323373467 0.24568227918482055 0.1182242408412582 0.0044902692259700108 7.722348783864736 0.29659174514278497 6859.0519288948999 757.21814817249424 0.74571497344368154 36.997722136939124 0.3192673778920242 0.0025762654682495159
leaf_count=438212 26969 7974 2728 3598 15029 613863 7497 802 69239 27500 1092 430944 435397 84013 417289 209350 27 17465 10297 294 422 18927 19451 9217 342023 183668 18484 142813 486 16429
internal_value=0.0189123 36.4082 120.367 145.057 -6.19098 0.0124394 -0.04286 12.4073 -0.0481375 -6.0171 -48.9238 0.04578 -3.21017 -38.5855 9.70794 -77.438 0.0492143 -0.805751 -0.513393 -28.7962 -34.2192 -37.6483 -0.0351863 -3.37472 -0.0317235 -0.221211 0.136922 -0.469822 -1.93114 -22.8466
internal_weight=23232.1 3.13148 0.439608 0.260329 2.69188 23229 8737.09 2.70589 8734.38 17.9058 0.752573 14491.9 4.58602 1.36006 3.22596 0.151738 14487.3 140.428 139.984 0.443606 0.197924 0.0796996 8716.48 8.01894 8708.46 1849.41 757.964 1091.44 37.3196 0.321844
internal_count=3571499 56298 14300 6326 41998 3515201 1452564 8299 1444265 97831 28592 2062637 1576993 728760 848233 644747 485644 47432 27762 19670 19376 18954 1346434 28668 1317766 975743 202152 773591 159728 16915
cat_boundaries=0 1
cat_threshold=2
is_linear=0
shrinkage=0.05


Tree=180
num_leaves=31
num_cat=1
split_feature=6 3 2 9 3 9 3 9 9 14 3 8 2 1 2 14 2 3 10 3 9 7 6 3 0 4 3 13 4 3
split_gain=141993 192076 21477.4 180837 2.76617e+06 1.63828e+06 875602 184378 809698 606244 531436 77760 69426.9 68361.4 1.17323e+06 1.4159e+06 1.05022e+06 221666 33120.6 55089.4 27169.9 23936 1.24465e+06 2.61395e+06 1.84111e+06 82053.3 121370 261847 37897.1 114158
threshold=30.500000000000004 1347.3750000000002 113714.07000000002 95.500000000000014 51720.500000000007 105.50000000000001 200540.16500000001 62.500000000000007 59.500000000000007 2.8194335754960779e-11 82611.000000000015 1392147.5650000002 135684.95500000005 0 13055.540000000003 76730.275000000009 10572.115000000002 106760.50000000001 2.5000000000000004 111647.50000000001 51.500000000000007 5013109.7000000002 17.500000000000004 222732.50000000003 211.50000000000003 2220058.77 161526.34500000003 22135.54500000006 4704807.2950000009 37028.000000000007
decision_type=2 2 2 2 2 2 2 2 2 2 2 2 2 9 2 2 2 2 2 2 2 2 2 2 2 2 2 2 2 2
left_child=2 -2 13 7 -5 6 -6 8 18 -10 -9 -12 -11 -1 16 17 -15 -16 20 -20 21 25 23 -23 -25 -4 -27 -28 29 -24
right_child=1 -3 3 4 5 -7 -8 10 9 12 11 -13 -14 14 15 -17 -18 -19 19 -21 -22 22 28 24 -26 26 27 -29 -30 -31
leaf_value=0.03652708572725246 -1.1122788440149396 -27.308407775536644 -0.088525272567968716 -1.9700536527066257 -3.3835484023720799 -20.476036683679499 113.38080200457208 -1.439390008727665 -1.618897568067408 60.494158115760754 -36.810362238852022 -0.047500437165028865 -1.0319058854825212 -6.4064254543086712 -83.646279075242816 -1.181028793562902 50.535738710390241 -2.5816124854194662 -1.1691846724205435 -11.571548819235497 -5.519766813959583 -2.7469622651836691 -0.63281418471480722 -2.7008773624857398 118.89565709562584 -1.1940054975176635 -28.343487222684612 -2.550684608304854 0.083428931841129289 -18.720202099986821
leaf_weight=15598.707004486318 2.1271044652112443 0.11480930334254136 6723.811185544042 9.9816621056453592 0.12366894062783509 0.0033599937969141505 0.0241486784078421 7.7097234815249056 0.61514857218970931 0.010956534925199331 0.45806143980616898 0.162755087018013 0.013317572796239678 2.0272372748003398 0.0035732107174600838 1.5893178739304299 0.17478765186480449 0.16413627564907074 7.9878179485498766 0.58741904025516678 1.2896660129208601 2.2584166152308183 5.1871608942769516 0.38781568968964003 0.0073568041537736542 38.305333839740129 0.35692006209525917 4.4813327080337002 792.35632612700238 0.068281105527749797
leaf_count=485485 26894 29409 1052569 14484 1228 4335 1377 47235 1922 64 19372 31 716 733784 402566 176840 114378 149273 19481 9189 15448 21554 27824 4327 2558 110114 21641 18915 41339 16418
internal_value=-0.00169618 -10.4651 -0.00023375 -0.0691778 6.29871 79.7114 97.8481 -0.0785132 -0.0698541 35.0651 -7.10288 -33.1512 58.6819 0.0333337 -3.34537 -32.6506 12.4827 -74.4667 -0.0774466 -3.01636 -0.0737181 -0.07206 0.186369 29.303 83.156 -0.102646 -2.25133 -8.98317 0.0529232 -3.82367
internal_weight=23201.1 2.24191 23198.9 7596.19 10.1328 0.151178 0.147818 7586.05 7577.72 0.639423 8.33054 0.620817 0.0242741 15602.7 3.95905 1.75703 2.20202 0.167709 7577.09 8.57524 7568.51 7567.22 800.265 2.65359 0.395172 6766.95 43.1436 4.83825 797.612 5.25544
internal_count=3570770 56303 3514467 1452141 21424 6940 2605 1430717 1364079 2702 66638 19403 780 2062326 1576841 728679 848162 551839 1361377 28670 1332707 1317259 114020 28439 6885 1203239 150670 40556 85581 44242
cat_boundaries=0 1
cat_threshold=2
is_linear=0
shrinkage=0.05


Tree=181
num_leaves=31
num_cat=0
split_feature=2 9 9 0 3 9 9 3 3 2 2 13 3 7 7 3 4 3 13 4 4 3 2 4 3 8 7 3 14 8
split_gain=19360.1 132064 771470 646935 345087 70010.7 863410 349535 125199 64135.8 53578.7 241092 167684 40865.6 39758.1 194795 39260.2 779029 3.98779e+06 195082 159620 968527 299115 69977.1 179591 40431.2 36433.8 88258.3 32124 25163.4
threshold=113714.07000000002 85.500000000000014 83.500000000000014 237.50000000000003 144361.00000000003 62.500000000000007 61.500000000000007 52108.500000000007 51720.500000000007 2396346.4800000004 127513.48500000002 1.4324541552923621e-11 73433.195000000022 7167.3950000000013 8819061.0100000035 40810.500000000007 2991435.2500000005 309164.30000000005 1.4324541552923621e-11 3059194.9500000007 3428198.9900000007 115033.45000000001 168190.30000000002 7560428.8550000014 49735.500000000007 987154.09375000012 4104468.5200000005 75854.530000000013 487395.10500000004 13376.500000000002
decision_type=2 2 2 2 2 2 2 2 2 2 2 2 2 2 2 2 2 2 2 2 2 2 2 2 2 2 2 2 2 2
left_child=-1 2 5 -4 -3 6 10 -8 -7 13 11 12 -2 -6 16 -16 26 20 -19 -20 21 -18 -23 24 -22 29 -12 -28 -13 -26
right_child=1 4 3 -5 9 8 7 -9 -10 -11 14 28 -14 -15 15 -17 17 18 19 -21 23 22 -24 -25 25 -27 27 -29 -30 -31
leaf_value=0.047380159685246059 -4.7365774165060932 -1.8231427159775966 -2.5122962998378391 57.785032344304312 -0.58324317061798137 -1.2190391099193389 -0.97420186825508748 50.265262229225272 -19.384924360626734 -0.018219166966143965 -0.054671965913529331 -0.28221435348271801 -24.737244200673896 -29.922041386591157 -0.5967485020951897 -23.177804241429317 -0.8436890739805476 104.53862407774477 5.7129487027034704 -12.479687080658906 -1.4191432196165155 59.119008618939759 -5.7286582689740255 0.096036734728532414 -0.48083989021445145 -0.40958667398660148 -0.96653950650928189 -15.4670101776519 -4.0756205527762672 -25.533751290628967
leaf_weight=16441.152005529635 4.899410689668529 18.054328101762678 0.63138385701615951 0.057444404167356078 0.17260664131007009 4.2211070631295353 0.40910636759078656 0.19752630178184205 0.28532403469641643 0.24704055488109589 7079.2894946797524 83.898840474237701 0.6458138914177719 0.5623145165865544 8.2475283725351964 0.089099646926187215 4.9269648663200103 0.085869401356231445 9.4900779724121076 0.75725558620726552 14.545642758576122 0.010791185366265884 0.020261731116592355 395.85834560304079 0.15304791985916072 0.27816282958028182 6.5953896055534988 0.28619733770934619 4.9969330985106941 0.15491011895652068
leaf_count=2079881 30399 42450 4109 359 82 20367 820 400 10603 51 1046659 25617 14878 11556 29527 15601 21900 11781 924 26850 70667 230 1262 24244 243 190 31881 14881 21300 11305
internal_value=0.0168199 -0.0489418 -0.0382778 33.7518 -4.10296 -0.045761 -0.04168 36.6084 -5.68166 -23.9481 -0.0494064 -1.22664 -10.4902 -27.3422 -0.0344617 -3.29524 -0.0304045 0.435054 13.3691 3.37807 0.0824349 8.20772 52.2837 -0.0352573 -3.26335 -19.2779 -0.0584631 -3.45614 -0.538467 -22.9737
internal_weight=24081.2 7640.07 7621.03 0.688828 19.0363 7620.34 7615.84 0.606633 4.50643 0.981962 7615.23 94.441 5.54522 0.734921 7520.79 8.33663 7512.45 426.281 10.3332 10.2473 415.948 4.95802 0.0310529 410.99 15.1318 0.586121 7086.17 6.88159 88.8958 0.307958
internal_count=3571017 1491136 1436997 4468 54139 1432529 1401559 1220 30970 11689 1400339 92194 45277 11638 1308145 45128 1263017 169596 39555 27774 130041 23392 1492 106649 82405 11738 1093421 46762 46917 11548
is_linear=0
shrinkage=0.05


Tree=182
num_leaves=31
num_cat=0
split_feature=6 3 6 3 13 4 2 3 12 6 12 2 9 3 9 7 2 10 3 3 3 3 4 9 8 2 4 2 7 3
split_gain=186691 99520.4 39554.2 521089 669244 22431.9 2.7938e+06 2.15604e+06 32884.3 31829 36376.8 17452.2 153913 471835 124567 128749 44273.4 29797.7 66473.8 29202.7 635641 573464 388144 235238 278171 58535.6 40752.8 61284.1 33527.4 28537.1
threshold=30.500000000000004 1585.5000000000002 26.500000000000004 41418.500000000007 1.4324541552923621e-11 8456741.9550000019 346368.02500000008 350669.0400000001 22.500000000000004 24.500000000000004 9.5000000000000018 104039.41000000002 85.500000000000014 101646.00000000001 88.500000000000014 7167.3950000000013 111694.895 2.5000000000000004 53994.500000000007 104316.00000000001 125479.34000000001 106760.50000000001 1494420.6050000002 122.50000000000001 427508.25118750014 31213.930000000004 14514.900000000001 49926.545000000006 469205.93500000006 231374.46000000005
decision_type=2 2 2 2 2 2 2 2 2 2 2 2 2 2 2 2 2 2 2 2 2 2 2 2 2 2 2 2 2 2
left_child=2 -2 5 -4 -5 9 8 -8 -7 11 -11 19 16 -14 -15 -16 -13 29 -19 -1 21 26 23 24 25 -23 -21 -28 -22 -18
right_child=1 -3 3 4 -6 6 7 -9 -10 10 -12 12 13 14 15 -17 17 18 -20 20 28 22 -24 -25 -26 -27 27 -29 -30 -31
leaf_value=0.042384469263511276 -1.6967369986503329 -23.763124510498585 -1.6151434711534713 50.070849180886519 -13.020051962186484 -4.8522320131080079 -1.9231268244091471 103.7604503179525 0.11812633960415715 -12.964948419857993 -0.57649472588627892 -1.5156153094828737 -1.6342821294433296 -4.8962229959158128 -0.63582415436485529 -45.516291682623162 -0.13970692061585979 -0.88713438890539809 -12.430489618917502 -1.2576743359450839 0.013164126824651554 -1.6037684404571562 -4.790978601343709 -0.5352163793362682 -0.87558861138085098 -68.05334131096518 -0.66600314059160381 -18.380273712956903 -3.5094536423552904 0.044664868497676931
leaf_weight=12953.676341082833 1.1485816265836799 0.25601004012912287 7.1775840183903332 0.14036560603866477 0.14717922877871703 2.3582230271329641 0.76832843851258203 0.15373772785846995 368.30931069427822 0.010068941869545767 1.6801319275319042 50.301620087691845 15.531823451224964 0.823030728205837 0.22376927534929789 0.022614969589413919 3848.0173093177973 7.8842453402159691 0.52644767649489477 4.7864545781887182 301.47500237888454 0.08516215137611835 1.1274689602897399 0.2492184191942215 0.23009352804532357 0.14765148071638715 1.0462000816231081 0.06860740626456574 5.9093406155637913 4614.5183664861406
leaf_count=1498372 27054 29259 23626 3119 11006 33806 12810 1672 628 21538 2422 51308 40290 3439 114 10305 1021807 16883 9808 7656 282554 25031 1386 83 161 7321 1223 1148 137989 287544
internal_value=0.000615293 -13.9306 0.00212523 3.41929 32.7427 0.000820784 0.38551 60.5113 0.0735208 -0.00575103 -5.44404 -0.00507967 -0.0608384 -4.73162 -27.1863 -37.9728 -0.051184 -0.0423095 -2.85431 0.0307999 -0.444011 -13.7397 -32.3286 -47.6615 -55.3206 -64.768 -4.09947 -9.93427 -0.0657011 -0.0391772
internal_weight=22188.8 1.40459 22187.4 7.46513 0.287545 22179.9 371.59 0.922066 370.668 21808.3 1.6902 21806.7 8537.85 16.6012 1.06941 0.246384 8521.25 8470.95 8.41069 13268.8 315.125 7.74086 1.83959 0.712126 0.462907 0.232814 5.90126 1.11481 307.384 8462.54
internal_count=3571362 56313 3515049 37751 14125 3477298 48916 14482 34434 3428382 23960 3404422 1441498 54148 13858 10419 1387350 1336042 26691 1962924 464552 44009 33982 32596 32513 32352 10027 2371 420543 1309351
is_linear=0
shrinkage=0.05


Tree=183
num_leaves=31
num_cat=1
split_feature=6 6 3 13 6 14 3 3 8 0 2 3 2 3 4 2 0 9 3 13 4 0 14 3 1 2 2 2 8 0
split_gain=147770 335673 926333 87030 23625.3 20126.5 778610 223561 203652 1.18235e+06 145725 978343 661361 587063 143466 131171 156971 71180.3 199919 69617.5 44047.7 43161.4 34394.5 34332 94957.3 249052 31001.6 477488 109815 29686
threshold=30.500000000000004 29.500000000000004 115033.45000000001 269312.53500000009 27.500000000000004 5.8435034588910652e-11 448517.83500000002 500122.64000000007 420302.53416666674 109.50000000000001 428973.84500000003 59101.805000000008 417788.98000000004 309164.30000000005 602591.68500000017 510.46000000000004 281.50000000000006 35.500000000000007 51720.500000000007 8.7766238721087588e-11 8363.3750000000018 11.500000000000002 9.9680619314312956e-10 25994.150000000005 0 125469.93000000001 7325.3650000000007 15015.625000000002 190330.22891025647 234.50000000000003
decision_type=2 2 2 2 2 2 2 2 2 2 2 2 2 2 2 2 2 2 2 2 2 2 2 2 9 2 2 2 2 2
left_child=1 4 -3 -2 5 6 8 -8 10 -10 12 -12 15 -14 21 16 -1 -7 -19 23 -20 -13 -22 24 26 -26 29 28 -28 -17
right_child=3 2 -4 -5 -6 17 7 -9 9 -11 11 14 13 -15 -16 19 -18 18 20 -21 22 -23 -24 -25 25 -27 27 -29 -30 -31
leaf_value=-10.665055835473746 -20.396239229223937 -1.0649149008601044 54.86891955424781 -1.7398372965667646 -3.5566493923472464 -0.024750256956743582 -5.2512601009723685 -45.004038626164117 56.145587037838766 -3.6750526265118388 -0.76358414160332355 -2.9426941917874774 -2.8735721979893936 52.672571300061442 -2.5370222969967733 -0.32961032350844599 10.058408447838312 -1.4217076617253692 -0.99103678899461889 -10.242403760276783 -28.665564744871645 -46.329310359622404 -0.5847327941217334 0.10942937138961627 -52.231157330907109 -0.13506906743521904 -36.378209971917059 -0.16868574215429616 -1.6722647450983275 1.0280438188552672
leaf_weight=0.24486386897012646 0.3906578939944253 2.4002146865823244 0.047134932130580842 1.5199943114954695 3.6386588767782078 12951.00510672531 0.9390548194591154 0.20618147091737138 0.083991459285493231 3.0287527053276109 24.273682279860729 0.20951588124366172 0.65696769113541909 0.12298188855625436 0.40847096555497153 64.140415001372276 4.7829290567834741 13.546339141537977 0.32528652545683046 0.6369044892344381 0.028985391925010817 0.50401010238707633 0.17000707983970642 8235.1755366708985 0.01939319727813904 0.30299666167496175 0.1185523221346878 1274.4756244949872 0.41428941040914069 105.4001107091874
leaf_count=33008 42400 5521 2438 13902 18863 1490683 11356 139380 327 14275 50593 619 3638 85 2124 4035 4186 27594 394 8453 15276 10686 315 603682 769741 54065 6679 232420 1306 2998
internal_value=0.0122212 0.0136661 15.6147 -11.253 0.0112945 0.0120239 0.0664284 -30.0529 0.0730723 11.197 0.068354 -3.64173 0.0784564 30.5536 -36.2028 0.0728479 7.44643 -0.0287489 -3.46301 0.0682491 -20.6681 -42.7446 -25.1758 0.0699859 -0.154742 -4.71853 -0.117006 -0.202366 -28.0923 0.515467
internal_weight=22689.2 22687.3 2.44735 1.91065 22684.9 22681.2 9716.15 1.14524 9715 3.11274 9711.89 25.3957 9686.49 0.77995 1.122 9685.71 5.02779 12965.1 14.0706 9680.68 0.524279 0.713526 0.198992 9680.05 1444.87 0.32239 1444.55 1275.01 0.532842 169.541
internal_count=3571042 3514740 7959 56302 3506781 3487918 1953656 150736 1802920 14602 1788318 64022 1724296 3723 13429 1720573 37194 1534262 43579 1683379 15985 11305 15591 1674926 1071244 823806 247438 240405 7985 7033
cat_boundaries=0 1
cat_threshold=2
is_linear=0
shrinkage=0.05


Tree=184
num_leaves=31
num_cat=0
split_feature=2 6 13 2 3 14 3 3 8 2 3 2 2 3 0 3 2 9 3 3 3 2 3 3 3 0 2 2 0 0
split_gain=155854 131780 114215 28890.9 238841 22567.9 252866 1.41472e+06 550978 93287.6 455025 90185.5 68525.6 1.21597e+07 4.48836e+06 5.11874e+06 76576.2 68049.3 106625 43141.3 26614.1 308498 1.89867e+06 1.79686e+06 283869 755434 324417 288202 145918 30141
threshold=339.10500000000008 30.500000000000004 289454.86500000017 1341.9300000000003 1347.3750000000002 8.7766238721087588e-11 448517.83500000002 520263.75000000006 284405.32468954247 441427.84500000003 59101.805000000008 468639.08000000002 13055.540000000003 7053.5000000000009 191.50000000000003 13718.500000000002 6928.3150000000014 35.500000000000007 51720.500000000007 25994.150000000005 300659.00000000006 239130.98500000002 121858.00000000001 267587.45500000002 321264.32500000007 159.50000000000003 303858.47500000003 374059.82500000001 137.50000000000003 19.500000000000004
decision_type=2 2 2 2 2 2 2 2 2 2 2 2 2 2 2 2 2 2 2 2 2 2 2 2 2 2 2 2 2 2
left_child=-1 3 -3 4 -2 6 9 8 11 12 -11 -8 13 16 -15 -16 -5 -7 -19 -14 21 -21 -23 -24 25 26 28 29 -22 -26
right_child=1 2 -4 5 -6 17 7 -9 -10 10 -12 -13 19 14 15 -17 -18 18 -20 20 24 22 23 -25 27 -27 -28 -29 -30 -31
leaf_value=-15.550412792370199 -0.55540038664482327 -22.134498404684109 -1.6003191703686501 0.16176107927075983 -24.981686650359922 -0.0037102430694569777 -7.9361193849737717 -46.047203462084745 49.639140857717337 -0.57358866721765267 -19.713657094850536 10.17177603679364 -0.18149880976443453 -18.807021273782727 232.23309743206843 -3.7301427407894225 -11.393920981918798 -1.5661895332382685 -14.797553710265158 0.12153264106839408 -2.558417562014303 -0.76473764738185379 -91.336711824743716 -7.7139157650367878 -2.2797968710975764 -6.6394403305225298 -2.5607973271419335 0.61569195364288509 60.893246915432918 -20.177493104337305
leaf_weight=0.60520634771819359 19.384413457677674 0.23613435679397299 1.8884993669886345 257.62156654240738 0.058505227521730485 14349.683780332563 0.04533469772893628 0.017306496899744839 0.2152344750031715 31.032541087965264 2.4591049093539459 4.4644805623936321 1413.7992022251838 0.14065400300247555 0.0050045317326156682 0.25766486056751475 0.44170533787769173 9.8880528335072935 0.87447711470786416 7637.3357458538403 0.014396957690388805 28.201512210680857 0.17312031706717368 1.8933272410294453 0.59813665093107427 1.0832308832983129 0.1844104786592777 259.05452988629719 0.0010563402434659716 0.82663349932889851
leaf_count=27972 33342 42932 13297 185195 49835 1499628 15150 134088 401 51048 13068 435 609293 191092 24393 149703 148507 24340 14125 266393 1670 37374 9948 1037 2677 4012 174 507 416 17701
internal_value=0.0289242 0.0299642 -10.2376 0.0312988 -1.84757 0.032898 0.0920712 10.5813 18.7965 0.0858104 -2.50989 8.58152 0.0951254 0.896647 147.679 181.123 0.098058 -0.00682696 -3.80832 0.0728582 0.118228 0.101256 -4.85511 -42.2224 0.613067 18.1695 46.1046 0.45741 57.4692 -16.7048
internal_weight=24022.5 24021.9 2.12463 24019.8 19.4429 24000.3 9639.87 4.74236 4.72505 9635.12 33.4916 4.50982 9601.63 258.467 0.403323 0.262669 258.063 14360.4 10.7625 9343.17 7929.37 7667.6 30.268 2.06645 261.762 1.28309 0.199864 260.479 0.0154533 1.42477
internal_count=3569753 3541781 56229 3485552 83177 3402375 1864282 150074 15986 1714208 64116 15585 1650092 698890 365188 174096 333702 1538093 38465 951202 341909 314752 48359 10985 27157 6272 2260 20885 2086 20378
is_linear=0
shrinkage=0.05


Tree=185
num_leaves=31
num_cat=0
split_feature=2 14 4 0 6 13 14 6 3 2 3 3 3 14 2 3 6 3 13 3 2 3 2 4 0 3 3 2 2 0
split_gain=324553 1.2151e+06 247114 374095 115447 65024.1 29684.3 22926.8 48339.6 19055.7 181868 36474 17883.7 13726.3 116876 550243 91880.9 467675 151873 703393 446530 79255.3 1.47851e+06 47897.9 38972 29480.5 23438.9 291834 2.10304e+06 1.35691e+06
threshold=339.10500000000008 1672366.2850000004 11795543.310000001 5.5000000000000009 30.500000000000004 133111.38500000004 1196972.2500000002 27.500000000000004 35842.500000000007 1341.9300000000003 1347.3750000000002 106760.50000000001 53.045000000000009 8.7766238721087588e-11 583963.12000000011 121858.00000000001 9.5000000000000018 52787.680000000008 5.8093974075745798e-11 49735.500000000007 137752.24000000002 473250.02500000008 485261.38500000007 1.0000000180025095e-35 311.50000000000006 35842.500000000007 181798.76000000004 204502.29500000001 181973.25500000003 129.50000000000003
decision_type=2 2 2 2 2 2 2 2 2 2 2 2 2 2 2 2 2 2 2 2 2 2 2 2 2 2 2 2 2 2
left_child=1 6 4 -4 7 -6 -1 9 -9 10 -2 -12 -5 14 16 -16 18 -18 21 -20 -21 24 -23 -19 26 -26 -11 28 -28 -30
right_child=2 -3 3 12 5 -7 -8 8 -10 13 11 -13 -14 -15 15 -17 17 23 19 20 -22 22 -24 -25 25 -27 27 -29 29 -31
leaf_value=-17.579240758777001 -0.35318435561898515 59.391715573285786 24.192945755545065 -0.44272843591722949 -17.923818204694928 -1.3925702036760939 -0.55949611208275607 -0.98836466701100179 -12.308982065501509 0.043236533150186107 -22.389423690718523 -0.25680038168632519 -10.115814460351061 -0.017100279437796479 -1.1218343590655395 -39.258578956487796 -1.2247346279398634 -1.3253430399624999 -0.94672509334151267 -5.9318858444312594 56.607582471205006 -23.749753653033782 54.82785584448493 -34.219482407502426 -1.4596251658169794 -9.8918863386565388 -1.8815161804181 0.20384965034379668 -0.50959491538538459 80.452819705859156
leaf_weight=0.25162161347517376 27.534102123193811 0.0027909965820360752 1.5185663342077362 0.94852322503252473 0.38785181287242165 1.3708305480220313 0.40846955594429835 7.6441535050452583 0.11612043950851436 8182.9117493678596 0.17444656675484793 0.24966543912887573 0.21654292037289025 13071.735013666941 8.7566526252323751 0.069648687371013263 26.239210300020677 0.21368854364394552 4.0973718355161912 0.16069776584594819 0.0035350755031773309 0.56671357410472389 0.002367064829158271 0.25046400463401908 4.3052696504158599 0.59888169447062534 9.5971613442801242 1093.3074106547849 0.78497850128007585 0.45041543352707047
leaf_count=27554 33190 266 56 16083 31995 15324 125 15644 9863 1446004 33981 15995 17133 1494253 32556 5776 43979 382 9284 2790 3156 118985 951 26354 22891 9562 121566 12649 425 1710
internal_value=0.0158197 22.1043 0.0141823 12.9634 0.012056 -10.2158 -13.7315 0.013313 -2.54409 0.0143113 -1.26748 -18.6931 -6.0848 0.0159676 0.0622831 -5.38791 0.0680204 -2.80723 0.0765806 8.56901 42.8759 0.0717638 11.3083 -30.3273 0.0698583 -3.9912 0.0724328 0.288571 8.09898 51.7919
internal_weight=22444.9 0.662882 22444.2 2.68363 22441.5 1.75868 0.660091 22439.8 7.76027 22432 27.9582 0.424112 1.16507 22404.1 9332.32 8.8263 9323.49 26.7034 9296.79 4.2616 0.164233 9292.52 0.569081 0.464153 9291.96 4.90415 9287.05 1104.14 10.8326 1.23539
internal_count=3570482 27945 3542537 33272 3509265 47319 27679 3461946 25507 3436439 83166 49976 33216 3353273 1859020 38332 1820688 70715 1749973 15230 5946 1734743 119936 26736 1614807 32453 1582354 136350 123701 2135
is_linear=0
shrinkage=0.05


Tree=186
num_leaves=31
num_cat=0
split_feature=12 13 6 2 0 0 9 13 3 2 13 6 3 4 0 14 6 3 6 3 3 2 0 3 13 0 9 3 4 14
split_gain=697134 698686 165598 134038 760085 614415 149006 112988 105576 29313.3 31260.9 24060.6 30467.8 18345.5 15010.4 26495.2 22697.4 22678.8 20916.4 43735.6 1.17158e+06 26682.6 18515.3 267870 462866 94905.8 45072.8 103619 35242.9 34626.8
threshold=29.500000000000004 289454.86500000017 30.500000000000004 677.47000000000014 36.500000000000007 35.500000000000007 3.5000000000000004 1.4042598195374014e-09 238.50000000000003 1341.9300000000003 54073.340000000004 27.500000000000004 9930.2800000000007 10869669.15 306.50000000000006 306654.12500000006 25.500000000000004 24156.000000000004 1.0000000180025095e-35 148202.00000000003 152370.96000000005 48479.575000000004 293.50000000000006 144361.00000000003 8662.8550000000214 290.50000000000006 49.500000000000007 55428.500000000007 194686.41 302687.50500000006
decision_type=2 2 2 2 2 2 2 2 2 2 2 2 2 2 2 2 2 2 2 2 2 2 2 2 2 2 2 2 2 2
left_child=2 -2 3 4 5 -1 8 -4 -6 10 -5 13 -13 14 16 18 22 -17 19 21 -21 -16 25 26 29 -11 27 -24 -29 -25
right_child=1 -3 7 9 6 -7 -8 -9 -10 11 -12 12 -14 -15 15 17 -18 -19 -20 20 -22 -23 23 24 -26 -27 -28 28 -30 -31
leaf_value=-5.5121638947625344 57.26830052400674 -1.1071346830836746 -25.904091695044926 -8.9080083653189615 3.9984411972692722 59.227272835180955 -15.885282634853233 -1.799527722826757 -0.17175668019897586 -0.0090429982786963767 -0.85506534536924672 -0.97031016812874737 -9.3295997570516089 -4.4075464028986628 -6.8271360500828528 -1.2310793935770137 -4.1848133229524267 -7.8931333015133465 0.10917962753994868 50.930260475326804 -0.56178054189031723 0.49613698380353877 -0.85061421237131407 -34.088567682557958 -0.7131469303940734 1.9768153906168004 0.022171729440492133 -4.0386644602969017 -15.945425243474439 -3.2237734701260226
leaf_weight=0.3309778018766697 0.063491389217859906 0.91790665774106872 0.026620189260179949 0.86097955071828192 27.793426872082144 0.02585926465690136 0.22153593584385234 1.2417438171313124 31.923014201807788 19933.906562671487 4.1475156395789705 5.0960131070689565 0.49982083275497569 1.3592146746632341 0.26282974296027717 10.03884095818491 2.256176899856654 0.58021618439213618 1752.8631438662896 0.19178506098157555 14.833851948524677 97.266042171495442 54.103915203648832 0.66130330852689745 3.9089229420046201 59.346042633056641 359.95949788373304 3.0421334135043199 0.4493678603194019 0.33835863533026656
leaf_count=8186 111 3200 31406 53211 16073 353 3783 22041 27396 2951375 2074 13338 12941 29057 47284 10072 21371 7871 63400 256 8675 11532 136949 39239 6817 44 19264 13199 5493 3647
internal_value=0.00716519 29.6639 0.00453767 0.00590768 2.34085 39.369 1.47789 -13.5043 1.80296 -0.000508282 -3.4924 0.000432287 -3.01899 0.00132571 0.00179242 0.137103 -0.010646 -2.24352 0.151853 0.809564 3.23218 0.40726 -0.00997956 -0.337152 -10.909 -0.00304954 -0.187095 -1.47311 -8.78116 -30.4807
internal_weight=22368.5 0.981398 22367.5 22366.3 60.2948 0.356837 59.938 1.26836 59.7164 22306 5.0085 22301 5.59583 22295.4 22294 1876.04 20418 10.6191 1865.42 112.555 15.0256 97.5289 20415.7 422.463 4.90858 19993.3 417.555 57.5954 3.4915 0.999662
internal_count=3569658 3311 3566347 3512900 55791 8539 47252 53447 43469 3457109 55285 3401824 26279 3375545 3346488 149090 3197398 17943 131147 67747 8931 58816 3176027 224608 49703 2951419 174905 155641 18692 42886
is_linear=0
shrinkage=0.05


Tree=187
num_leaves=31
num_cat=0
split_feature=4 9 0 4 2 2 13 3 2 9 3 9 0 3 9 3 7 3 13 3 10 3 0 0 4 3 2 14 2 11
split_gain=608527 712623 166293 53106.6 12665.8 141405 473736 437012 178998 126513 467718 135724 59164.6 268905 46388 83479.5 44807.5 83938.4 143152 40226.7 29340.2 51874 28535.7 28524.5 336303 130691 24821.5 24279.6 16866.1 34544.9
threshold=13133900.195000002 1.0000000180025095e-35 252.50000000000003 9540369.8850000035 113714.07000000002 127513.48500000002 6.2755134422332059e-10 22185.500000000004 115597.52500000001 85.500000000000014 52787.680000000008 84.500000000000014 307.50000000000006 78786.345000000016 63.500000000000007 52787.680000000008 6883727.1700000009 30649.500000000004 1.4042598195374014e-09 290745.03000000009 2.5000000000000004 52108.500000000007 15.500000000000002 306.50000000000006 1.0000000180025095e-35 267587.45500000002 133614.88000000003 506658.2950000001 1321881.0250000001 4.5000000000000009
decision_type=2 2 2 2 2 2 2 2 2 2 2 2 2 2 2 2 2 2 2 2 2 2 2 2 2 2 2 2 2 2
left_child=3 2 -2 4 -1 6 7 -6 -9 11 -11 12 14 -14 16 -16 20 -18 26 -13 23 -22 -10 28 25 -25 -19 -8 -7 -30
right_child=1 -3 -4 -5 5 9 27 8 22 10 -12 19 13 -15 15 -17 17 18 -20 -21 21 -23 -24 24 -26 -27 -28 -29 29 -31
leaf_value=0.029361978457170798 -0.77425804855614055 -5.7478205956323194 59.885804960288823 -8.3988525609239169 -4.0843844349034857 -0.044076920347806629 -0.53491302303645127 -3.7806136947070268 -1.5412960718193052 -1.3639456105265511 -28.953926877343008 -1.6967972858668361 -1.097771960020524 -24.914436598414259 -1.0958766137286082 -16.020046233377997 -0.68446414223007812 -0.71835062339265576 -1.4838510832284137 7.1614001272223469 -0.85980371220218876 -11.278295082373146 -48.365511642543609 -1.438897934495629 0.29104370142547809 20.229071509134751 -26.882899993690508 -4.6366220116804255 0.15326926909944666 1.8842348355813621
leaf_weight=15107.497542144207 0.098522581159448286 0.59916420835816975 0.022051697956768479 0.88124518755648651 3.0277749413799802 7445.2734730135653 34.723252350012295 0.54474666209200684 0.10319609096723131 13.93143197060974 0.74374148197082313 1.1135603518723636 15.590203818793197 0.29364549377539972 4.5146285490236027 0.24398252458473191 11.78318151332463 0.16213576495647414 2.2060854962635275 7.3971567153930664 5.9553671235423984 0.56138014359041477 0.29532762082874592 0.74350992103173341 152.50119209243044 1.9763325050117933 0.0097542680783835878 3.0829288682394909 373.29388062545519 30.261774464941425
leaf_count=2064037 667 23685 471 33263 31510 1110354 18227 3954 742 33314 16202 1996 28652 12931 17032 8614 38004 369 11492 562 15477 8984 24318 1647 10329 109 11091 17767 24639 1092
internal_value=0.00382642 29.7453 53.8571 0.00162328 0.00230405 -0.0480948 -2.91523 -17.4321 -36.1245 -0.0328894 -4.52045 -0.0241517 -0.0312051 -2.98793 -0.0249842 -4.51099 -0.0217617 -2.73739 -9.69436 5.94531 -0.0166192 -3.13898 -46.016 -0.0136846 0.655323 15.51 -23.8802 -0.980381 -0.0269976 0.28742
internal_weight=23219.4 0.719738 0.120574 23218.7 23217.8 8110.33 41.7772 3.97105 0.94327 8068.56 14.6752 8053.88 8045.37 15.8838 8029.49 4.75861 8024.73 14.1612 2.37798 8.51072 8010.57 6.51675 0.398524 8004.05 155.221 2.71984 0.17189 37.8062 7848.83 403.556
internal_count=3571531 24823 1138 3546708 3513445 1449408 96518 60524 29014 1352890 49516 1303374 1300816 41583 1259233 25646 1233587 60956 22952 2558 1172631 24461 25060 1148170 12085 1756 11460 35994 1136085 25731
is_linear=0
shrinkage=0.05


Tree=188
num_leaves=31
num_cat=0
split_feature=7 7 3 13 6 8 2 4 9 3 3 2 3 4 2 0 2 3 2 13 2 2 7 3 9 3 2 2 2 7
split_gain=230346 635048 555269 268651 224255 1.00276e+06 115413 38401.2 20197.9 605000 829476 53579.7 52776.6 164367 112033 18488.9 50409.4 17645.5 375463 651868 405661 60743.2 187820 45953.3 66077.7 45256.2 42251 184773 108319 65521.3
threshold=7846029.2599999988 9199944.9350000005 188459.50000000003 1.4042598195374014e-09 29.500000000000004 251976.52200000003 299238.00000000006 8984212.0800000001 85.500000000000014 144361.00000000003 111647.50000000001 121498.39000000001 31471.275000000005 1.0000000180025095e-35 150427.12000000002 139.50000000000003 33214.085000000006 91389.24500000001 74842.735000000015 2.0725110516650605e-10 73150.085000000006 91150.985000000015 923562.1050000001 134403.82000000004 19.500000000000004 94470.000000000015 94753.440000000017 123547.48500000002 121498.39000000001 2196819.9100000006
decision_type=2 2 2 2 2 2 2 2 2 2 2 2 2 2 2 2 2 2 2 2 2 2 2 2 2 2 2 2 2 2
left_child=4 2 -2 -3 7 -6 -4 8 17 10 12 -11 15 -14 -15 16 -10 26 19 20 -19 22 23 24 25 -20 -1 28 -28 -30
right_child=1 3 6 -5 5 -7 -8 -9 9 11 -12 -13 13 14 -16 -17 -18 18 21 -21 -22 -23 -24 -25 -26 -27 27 -29 29 -31
leaf_value=0.015004545330141365 -2.5413398328931387 -27.079631223479112 20.765862168140114 -0.63530352574809068 -2.1748330266734839 50.139300143291393 -3.1984778153344946 -5.8106711336571273 -10.741292585652394 -0.26115858086830218 40.361948940244503 -40.104478471904834 -0.91173980233678431 -28.874961446053774 -0.53257973777342482 -0.22913626016191763 -0.7426213851776714 -53.405288174238287 -1.0853984075391221 -3.1352394793098655 -3.1770606669774692 0.090766628058986665 -20.121042747181246 -0.16529842656850952 -1.524109681204737 -15.39585890147309 -2.5686977681514502 -0.15967062648724978 -19.788006003368935 -1.8988696286024584
leaf_weight=10830.532526246625 3.8149012480260387 0.035599932937897871 7.5964177548886846 14.02287848213218 3.4386172211176516 0.21246634987468915 0.27144023906163806 1.8295608180196712 0.57387543331072333 0.10640440881252311 0.24341930005942813 0.047088157294693844 6.5847955075515525 0.024970282200216465 0.58730967500471032 111.81966497226679 7.259071352187882 0.20771500580200319 1.0360853844996523 9.5644825994546494 0.80746969026361115 9171.9826965286593 0.35666210892443118 31.475669134614066 8.8273402573152993 0.79534283865056377 51.160064579507093 1564.8411885833557 0.56625788885696837 1.1160579830545858
leaf_count=1400246 23837 31921 7040 30893 12650 482 1862 34551 2642 9375 1652 10655 5080 3904 5049 22458 23357 355241 138 70646 2409 449204 17715 17832 648 2194 120074 897585 7115 1947
internal_value=0.0218076 4.65952 12.7889 -2.49645 0.0161193 10.994 19.6711 0.0137765 0.014532 -0.611101 -0.281668 -36.6599 -0.674789 -4.55854 -18.884 -0.405295 -2.60885 0.0182335 0.0706373 -8.92711 -34.8582 0.0819362 -1.7823 -1.16408 -3.84593 -10.5444 -0.0206038 -0.25887 -3.13888 -13.0545
internal_weight=21831.7 25.7412 11.6828 14.0585 21806 3.65108 7.86786 21802.3 21800.5 127.247 127.093 0.153493 126.85 7.19708 0.61228 119.653 7.83295 21673.3 9225.05 10.5797 1.01518 9214.47 42.4911 42.1344 10.6588 1.83143 12448.2 1617.68 52.8424 1.68232
internal_count=3570402 95553 32739 62814 3474849 13132 8902 3461717 3427166 84172 64142 20030 62490 14033 8953 48457 25999 3342994 916027 428296 357650 487731 38527 20812 2980 2332 2426967 1026721 129136 9062
is_linear=0
shrinkage=0.05


Tree=189
num_leaves=31
num_cat=0
split_feature=14 2 6 6 13 6 0 3 13 2 3 2 13 2 2 3 4 13 3 8 0 8 10 14 13 0 0 13 6 8
split_gain=531397 858088 80614.9 74796.4 73309.2 33165.3 82504.6 315452 92191.6 39304.4 21530.2 45332.4 34664.1 24493.5 166195 52778.8 277197 129768 39590.9 36818.2 23926.2 17318.9 16095.2 17027 295185 763952 213593 232863 37904.1 26209.7
threshold=10446370.240000004 38976.185000000005 24.500000000000004 33.500000000000007 504384.50000000006 24.500000000000004 109.50000000000001 8558.1150000000016 354671.49500000005 1321881.0250000001 73433.195000000022 40227.305000000008 68518.545000000071 94753.440000000017 123547.48500000002 49735.500000000007 1.0000000180025095e-35 306756.09000000003 1.0000000180025095e-35 87900.032500000016 211.50000000000003 156113.49333333338 4.5000000000000009 26542.010000000002 19515.355000000007 278.50000000000006 287.50000000000006 28045.490000000016 14.500000000000002 290002.95722222229
decision_type=2 2 2 2 2 2 2 2 2 2 2 2 2 2 2 2 2 2 2 2 2 2 2 2 2 2 2 2 2 2
left_child=3 2 -2 5 -5 10 -7 -8 9 -9 13 12 -12 -1 15 19 -17 -18 20 -15 -16 -20 23 24 29 -26 -25 28 -28 -13
right_child=1 -3 -4 4 -6 6 7 8 -10 -11 11 22 -14 14 18 16 17 -19 21 -21 -22 -23 -24 26 25 -27 27 -29 -30 -31
leaf_value=-0.0034566554768103858 -0.23578387660819194 -1.436277866199704 59.983949430718852 -19.133786592563897 -0.55014778125416619 -0.25889062218530967 -1.0118141892833521 -36.795597618703596 -0.43753479270125184 -0.12904363749419825 -10.901367537276585 0.09601462979099884 -1.2242574687034384 -6.4171748296090732 0.058641933449220009 -1.5029406925649382 -32.325566570320163 -1.4737478617569093 -0.37013952023247687 -1.6080394774855407 -1.139085200784504 -1.1301784178976995 0.88273681892348943 2.9544350578365831e-05 -0.39348530874162602 43.673061044649955 -29.073748158920452 -2.2320688667045339 -3.7617959427312719 0.99317989326091327
leaf_weight=10690.389477567247 0.050352795903179315 1.4141482685740676 0.020380921709998945 0.0084329683204799055 1.2523763340131739 26.892834178531569 5.8725813431640992 0.031222282183097416 0.28169854673375061 0.086561061441898346 0.60791907876817441 5797.5128681659962 2.9090399369593047 4.0145334992833943 1179.935868829265 5.7777847057442333 0.34500274802554731 0.59163924914874488 370.24226154526684 26.023182840051774 42.222476125818503 93.679319634279977 59.410900434388168 4104.6572391067166 3.2746729223390383 0.39492722185970031 0.37632040467503491 4.2915805964542724 0.55196512687516064 81.581806333358145
leaf_count=1381566 195 5944 304 31218 4175 11065 35561 29666 4904 512 342754 206428 33258 31262 265458 2617 5640 1125 273949 91561 160561 222939 3571 368663 1085 189 17800 11299 3642 22324
internal_value=0.0116645 23.1325 56.9272 0.00911081 -9.08492 0.0100243 -1.54663 -6.27253 -27.6213 -34.0761 0.0123909 0.0667682 -4.9412 -0.0316599 -0.206558 -3.48758 -7.26175 -23.664 -0.133012 -2.43699 0.016362 -0.525725 0.0690122 0.0640859 0.118632 12.685 -0.0139989 -9.27257 -23.7817 0.108632
internal_weight=22504.7 1.48488 0.0707337 22503.2 1.26081 22502 33.1649 6.27206 0.399482 0.117783 22468.8 10055.6 3.51696 12413.2 1722.83 36.7521 6.71443 0.936642 1686.08 30.0377 1222.16 463.922 10052.1 9992.64 5882.76 3.6696 4109.88 5.21987 0.928286 5879.09
internal_count=3571235 6443 499 3564792 35393 3529399 81708 70643 35082 30178 3447691 1011013 376012 2436678 1055112 132205 9382 6765 922907 122823 426019 496888 635001 631430 230026 1274 401404 32741 21442 228752
is_linear=0
shrinkage=0.05


Tree=190
num_leaves=31
num_cat=0
split_feature=6 6 12 3 7 7 2 2 13 6 3 13 0 3 7 2 13 13 3 7 8 3 8 2 2 9 3 2 2 0
split_gain=50146.7 75220.6 36857.9 69427.4 18939.9 477999 683314 318059 188310 20210 22683.2 15341 14153.7 13112.5 196434 87186.4 70062.2 67637 61190.3 40785.2 166540 56882.6 47988.3 65951.9 21727.2 19100.4 77761.4 90547 65752.9 27020.9
threshold=35.500000000000007 34.500000000000007 11.500000000000002 91389.24500000001 8128285.25 7846029.2599999988 194290.97000000003 196805.11000000002 1.4042598195374014e-09 27.500000000000004 8558.1150000000016 8144649.8650000012 310.50000000000006 49735.500000000007 5342983.4350000015 31213.930000000004 113250.92500000006 3354.1400000000008 51317.500000000007 3765194.8700000006 261566.37565656571 55428.500000000007 301908.94066666672 49926.545000000006 38976.185000000005 37.500000000000007 31471.275000000005 152614.72000000003 6711.9700000000003 139.50000000000003
decision_type=2 2 2 2 2 2 2 2 2 2 2 2 2 2 2 2 2 2 2 2 2 2 2 2 2 2 2 2 2 2
left_child=1 2 4 -4 5 9 -7 -8 -6 13 -11 -2 -3 25 15 17 18 -15 -16 -17 21 -21 -22 -24 -23 -1 28 -28 -27 -30
right_child=11 12 3 -5 8 6 7 -9 -10 10 -12 -13 -14 14 16 19 -18 -19 -20 20 22 24 23 -25 -26 26 27 -29 29 -31
leaf_value=-0.0021518213768687692 -11.462243085325381 -1.6362115754298849 -1.2983748081413091 -13.497798763973755 -21.252843900308036 -0.72977241650171465 60.4904699764135 -1.7720677513625898 -0.26430936606408412 -0.98474448304215834 -9.6424759613475715 -0.14208146428790544 3.6920542866509658 -15.971704207373215 -0.052508062483270737 0.071286052281763379 -2.0483123445908764 -1.1493711681626448 -28.374171929164266 -0.66243285642531669 -0.21757707101019974 -0.24437549258458016 -0.27221796297166684 -15.992612321243161 -20.667813350354177 -11.863091080673282 -19.609833568480511 -0.7924024998759327 -2.6046050828200036 -0.18517015364764028
leaf_weight=9926.4976831678778 0.23985124699629423 0.79672751936595965 15.41330450190808 0.29533449363215858 0.14064480989622552 1.5277418775019216 0.010209279481991018 0.18796845039526888 17.390493949777699 3.3679505228319382 0.099335238046501018 0.42925541954809887 15.260625556576997 0.48814466940687928 0.24054738496797717 12354.080571216686 0.91923564624741727 1.9541906802553639 0.002493712250158763 0.66605842780410884 37.928355989393147 0.1685725528596248 1.6159426145481661 0.18149941633709699 0.60565187725044212 0.2270407645061131 0.13213522737294181 1.67706720798992 10.946479093462697 349.42396414403913
leaf_count=2033952 27491 4188 42349 21505 28211 3180 31 3058 21175 9836 9934 703 121 386176 329 683660 10503 30586 18774 855 7210 526 933 14209 20079 5195 6595 7528 38118 131087
internal_value=0.0272228 0.0278578 0.0253653 -2.32214 0.0270915 0.0283952 20.9647 49.2397 -1.57075 0.0258788 -3.33684 -8.63908 3.34696 0.0265399 0.0611647 0.0637881 -15.0079 -7.89251 -22.9398 0.0659928 -1.48643 -14.1723 -0.689668 -7.01082 -18.8679 -0.0151867 -0.371217 -8.65986 -0.305783 -0.26568
internal_weight=22742.9 22742.2 22726.2 15.7086 22710.5 22692.9 1.72592 0.198178 17.5311 22691.2 3.46729 0.669107 16.0574 22687.8 12398.9 12397.7 1.16228 2.44234 0.243041 12395.2 41.1661 1.44028 39.7258 1.79744 0.774224 10288.9 362.407 1.8092 360.597 360.37
internal_count=3568097 3539903 3535594 63854 3471740 3422354 6269 3089 49386 3416085 19770 28194 4309 3396315 1173840 1144234 29606 416762 19103 727472 43812 21460 22352 15142 20605 2222475 188523 14123 174400 169205
is_linear=0
shrinkage=0.05


Tree=191
num_leaves=31
num_cat=0
split_feature=11 0 13 7 9 2 9 4 4 7 3 2 3 7 7 8 8 3 7 3 0 0 3 2 7 0 6 8 8 3
split_gain=248711 1.15587e+06 84677.2 44710.7 55070.8 41729.2 24736.4 365246 1.03341e+06 359741 766974 313009 988780 253055 367678 146352 65543.2 82253.6 56673.2 116344 19570.1 79266.8 183156 168742 67743.5 46245.7 1.00805e+06 410598 41503 92763.2
threshold=11.500000000000002 15.500000000000002 2543858.6900000009 10793438.285000002 3.5000000000000004 171.64000000000001 61.500000000000007 2807177.0550000002 7170104.330000001 30928.460000000003 102884.74500000001 504559.37500000006 37028.000000000007 3422293.7900000005 3478084.27 114751.13625 91934.200000000026 94470.000000000015 1105507.7100000002 44568.545000000006 283.50000000000006 275.50000000000006 53994.500000000007 113714.07000000002 923562.1050000001 284.50000000000006 19.500000000000004 164566.05348076925 267575.08742424246 51720.500000000007
decision_type=2 2 2 2 2 2 2 2 2 2 2 2 2 2 2 2 2 2 2 2 2 2 2 2 2 2 2 2 2 2
left_child=3 -2 -3 5 -5 -1 20 9 -9 10 -8 13 -13 16 -15 -14 17 -11 -18 -20 21 -7 -23 24 -24 26 -22 -28 -27 -30
right_child=1 2 -4 4 -6 6 7 8 -10 11 -12 12 15 14 -16 -17 18 -19 19 -21 25 22 23 -25 -26 28 27 -29 29 -31
leaf_value=-7.7022435792764314 -1.4705030192622817 60.813812589109922 -0.66897878870614225 -1.0006115183778039 -15.460194579019714 0.0015838026873432141 -2.9112785216974011 -3.4081157282287053 58.478582014990153 -2.0136454803201049 50.552916642998916 -0.65852254483464323 60.115899890915458 25.459000491611725 -1.9436071476827252 -2.1822937619180212 0.13464380795097675 -16.256607824155289 -1.5072670785834605 -17.644074847356144 -1.7245733199018092 -0.60288615953336122 -2.3212703109111712 -19.424788303280472 -16.006181542651813 0.12797232572769143 59.438658671141411 -0.79024001904524099 -0.99370872097514074 -13.142016058949663
leaf_weight=0.74429174523538577 3.5690986248181233 0.0048256007236957962 0.036347100404267321 2.2875906597612974 0.024972250154570719 17281.29237749696 1.464587109110943 1.7039252786792625 0.018466188736227518 9.1953059026072612 0.099876860899875797 2.840670096555892 0.0040158569848501814 1.3935645485232897 2.2387286603072702 0.029300484650680362 2277.6475514870976 0.20914405019177706 13.518855766935619 0.2476154785546435 11.011477630950441 92.907687292021976 10.081950141782217 1.3313954276869591 0.071384431452563457 3209.5883653781534 0.028893159395045331 0.35445596416059488 14.087827726908381 0.80145656639624263
leaf_count=13974 15655 272 1248 13159 23973 2774915 4225 10155 2541 14788 1215 5826 713 295 4850 2143 62103 5425 18962 12600 23691 113591 23588 21809 7357 340587 102 1329 32338 17818
internal_value=0.0325607 11.6447 58.0201 0.030225 -5.77827 0.0310629 0.0316499 0.18675 18.4904 0.165094 18.8819 0.144227 14.3449 0.1203 11.795 56.2326 0.0967507 -3.8629 0.114682 -2.97307 0.0142628 -0.00675308 -1.37382 -7.06221 -3.84441 0.127146 3.1756 43.4313 0.11539 -2.43388
internal_weight=22938.8 3.61027 0.0411727 22935.2 2.31256 22932.9 22932.2 2310.61 1.72239 2308.89 1.56446 2307.32 2.87399 2304.45 3.63229 0.0333163 2300.82 9.40445 2291.41 13.7665 20621.6 17385.7 104.392 11.4847 10.1533 3235.87 11.3948 0.383349 3224.48 14.8893
internal_count=3571247 17175 1520 3554072 37132 3516940 3502966 145841 12696 133145 5440 127705 8682 119023 5145 2856 113878 20213 93665 31562 3357125 2941260 166345 52754 30945 415865 25122 1431 390743 50156
is_linear=0
shrinkage=0.05


Tree=192
num_leaves=31
num_cat=0
split_feature=2 2 7 13 2 6 0 9 9 3 4 3 9 3 2 3 7 2 9 3 9 9 3 3 0 4 0 0 3 0
split_gain=417335 718388 41160 49782.8 20631.9 134063 60269.5 56238.4 176421 821276 336359 141714 65514.9 63233.2 28017.9 204759 4.15304e+06 1.25494e+06 85059.4 126760 66077.8 46626.2 38217.6 33634.6 28854.1 261617 196172 22278.3 59955.6 29158
threshold=171.64000000000001 1.0000000180025095e-35 10793438.285000002 543222.74500000023 123547.48500000002 29.500000000000004 94.500000000000014 96.500000000000014 95.500000000000014 29772.545000000002 1685.8400000000004 121858.00000000001 85.500000000000014 51317.500000000007 107905.28000000001 118610.99500000001 7167.3950000000013 115597.52500000001 20.500000000000004 24156.000000000004 19.500000000000004 2.5000000000000004 52787.680000000008 134403.82000000004 36.500000000000007 1685.8400000000004 37.500000000000007 321.50000000000006 121858.00000000001 315.00000000000006
decision_type=2 2 2 2 2 2 2 2 2 2 2 2 2 2 2 2 2 2 2 2 2 2 2 2 2 2 2 2 2 2
left_child=1 -1 4 -4 5 14 -7 8 12 -10 -11 -9 27 -14 -2 18 17 -17 20 -20 21 24 -23 -18 -16 -26 -27 29 -29 -6
right_child=2 -3 3 -5 7 6 -8 11 9 10 -12 -13 13 -15 15 16 23 -19 19 -21 -22 22 -24 -25 25 26 -28 28 -30 -31
leaf_value=45.004774541825704 0.027746447400721415 -6.790172302145149 -13.395963830993882 -0.9020356096512171 -0.065473749022418551 7.7275627179552195 -4.3536339948288649 -1.0759317694483663 -0.8708261981977039 55.346298101867696 -1.6200253210507509 -19.046096468251232 -0.822636013389621 -14.486180552647216 0.062238410374950204 -1.6552556014007314 -8.7582711100363309 116.9902395802491 -1.1069609921412777 -21.879217003616173 3.1090037910604456 -1.4222220965838974 -10.533143031477556 -0.21596153617800404 -20.381645805194538 10.236223738728006 0.74017650661549839 -0.59960539739456709 -12.749516443115516 1.1739286487471847
leaf_weight=0.35962310383669249 16151.546487912832 0.88279433759695125 0.24739510710608525 2.6696102891419011 6668.8219174584192 6.7209995779173983 0.5389331760290873 6.6118888550984121 5.032470306375906 0.084144003055659 0.26785822555295885 0.35070739535945072 2.1784115504700292 0.53810384984231641 468.72177936721516 0.24936059967145729 0.2398306642977549 0.028449652055851482 2.7275757644388285 0.069404776784490863 18.637815592625316 4.7529296719812777 0.71926893481021537 17.208842265678371 0.39151220935964559 4.9426914195607443 66.874981686084624 5.7452272154470361 0.26413283646056918 46.79586334337273
leaf_count=2 2002155 14081 29648 9441 1319991 1184 10612 15203 1015 207 581 3579 20075 10562 9306 1815 729 1798 16026 4685 1203 21498 2328 28831 7381 297 14031 13687 4506 5445
internal_value=0.0146997 21.5839 0.0126394 -5.11237 0.013494 0.0432219 6.41162 -0.060391 -0.0554131 8.25223 42.8582 -4.25999 -0.0632922 -6.70007 0.0400764 0.379535 5.52396 92.5377 0.209501 -7.25024 0.25918 0.156461 -4.06295 -0.802019 0.206574 1.12976 1.52539 -0.059613 -2.87709 -0.0566631
internal_weight=23485.2 1.24242 23484 2.91701 23481.1 16744.4 7.25993 6736.69 6729.73 5.38447 0.352002 6.9626 6724.34 2.71652 16737.1 585.564 17.7265 0.27781 567.838 2.79698 565.041 546.403 5.4722 17.4487 540.931 72.2092 71.8177 6721.63 6.00936 6715.62
internal_count=3571902 14083 3557819 39089 3518730 2123879 11796 1394851 1376069 1803 788 18782 1374266 30637 2112083 109928 33173 3613 76755 20711 56044 54841 23826 29560 31015 21709 14328 1343629 18193 1325436
is_linear=0
shrinkage=0.05


Tree=193
num_leaves=31
num_cat=0
split_feature=4 3 2 3 2 9 0 6 13 2 3 8 4 4 9 3 9 0 13 9 3 2 4 0 6 3 9 0 9 3
split_gain=35749.7 56491.2 21301 648140 28915.9 25080.9 12757.7 43068.2 40753.2 29277.8 26861.2 24725 907728 467348 16751.3 32516.2 31418.3 448828 784082 137897 172421 84231.3 16270 15992.2 154276 351531 43976.4 27944.7 75654.1 190900
threshold=10869669.15 1.0000000180025095e-35 1868.4450000000004 1877.0800000000002 339.10500000000008 55.500000000000007 310.50000000000006 33.500000000000007 691565.96500000008 270505.40000000008 51317.500000000007 1.0000000180025095e-35 49069.340000000004 78540.190000000017 120.50000000000001 53994.500000000007 110.50000000000001 277.50000000000006 5.8093974075745798e-11 85.500000000000014 104316.00000000001 441427.84500000003 541602.44000000006 129.50000000000003 23.500000000000004 1161.5000000000002 50.500000000000007 142.50000000000003 6.5000000000000009 31471.275000000005
decision_type=2 2 2 2 2 2 2 2 2 2 2 2 2 2 2 2 2 2 2 2 2 2 2 2 2 2 2 2 2 2
left_child=2 -2 3 4 -1 -5 7 14 -9 11 -11 12 -8 -14 16 -16 19 22 -19 23 -21 -22 -18 -4 27 -26 -27 28 -25 -30
right_child=1 -3 6 5 -6 -7 9 8 -10 10 -12 -13 13 -15 15 -17 17 18 -20 20 21 -23 -24 24 25 26 -28 -29 29 -31
leaf_value=-7.0949556347718143 -0.53142622477804646 -13.604262370133837 0.05406235760506431 -40.341176027074063 -0.13510217917313933 -3.4519316464919663 0.372528898003126 -14.279569531804478 -0.42654155327304216 -0.8480048879305967 -9.7239457169483288 0.10075533574616664 57.440361345912322 -1.0855332998375558 -0.75157259995537207 -7.695346533156175 -0.076998115872638107 -1.0742916932370423 51.486616488947234 -2.4192081166243256 -26.206038343488174 -2.1263004240530194 0.9974418035163144 -0.29999483826132983 -0.89528046094462099 -35.926116504775429 -1.5584486312540462 -0.014016663601925938 -1.5816078567473255 -25.017913783232142
leaf_weight=0.51782315417150826 2.7475489277250364 0.23915144815222555 8591.0776038664953 0.053430950097401619 92.919556053031855 0.26438553746014781 129.92418223999695 0.025669622653702651 1.2361184373727432 2.7713871497203639 0.39566148953824543 1187.7615249023754 0.062914815747671382 0.44862493592661928 20.65835944717136 0.87201377073043929 90.57335993147808 1.6700558758033051 0.1847161281344617 19.621497014120255 0.24902298573023385 0.78851289919914824 56.524322056935517 618.2532410845464 3.7887114005530966 0.061847499477494128 0.20659536123275757 12582.546373586038 5.357374022498913 0.077183981191398909
leaf_count=11285 20107 22090 817522 90881 51824 990 26737 24295 2666 9494 4441 26099 132 1117 7368 3326 6049 2028 171 44658 16524 1203 837 230618 34510 37855 1376 2048604 15614 11066
internal_value=0.00507312 -4.7293 0.00587937 -0.742269 -0.248446 -35.5635 0.00891976 -0.000148896 -6.89937 0.159755 -4.02551 0.172858 0.823632 39.3484 0.000560392 -1.3621 0.00195789 0.723228 20.3602 -0.00299803 -3.9906 -17.9334 0.339784 0.000963261 -0.0335699 -8.76495 -31.5611 -0.0302237 -0.356637 -5.75156
internal_weight=23411.9 2.9867 23408.9 93.7552 93.4374 0.317816 23315.1 21993.8 1.26179 1321.36 3.16705 1318.2 130.436 0.51154 21992.5 21.5304 21971 148.952 1.85477 21822 20.659 1.03754 147.098 21801.4 13210.3 4.05715 0.268443 13206.2 623.688 5.43456
internal_count=3571487 42197 3529290 154980 63109 91871 3374310 3306290 26961 68020 13935 54085 27986 1249 3279329 10694 3268635 9085 2199 3259550 62385 17727 6886 3197165 2379643 73741 39231 2305902 257298 26680
is_linear=0
shrinkage=0.05


Tree=194
num_leaves=31
num_cat=0
split_feature=4 0 5 4 0 6 13 9 8 9 3 3 9 8 0 0 9 5 3 5 0 5 0 3 3 8 9 14 5 7
split_gain=270003 1.15173e+06 185730 333320 345697 55591.6 46568.3 29284.2 546465 31802.3 33298.7 28309.4 23463.9 720936 568463 62806.7 50235.9 29818.1 27456.8 88539.4 26321.3 24971.4 24057 19978.6 19093 15864.3 15252.1 377331 987726 61256.7
threshold=11795543.310000001 11.500000000000002 5.8292543362972031 1.0000000180025095e-35 227.50000000000003 33.500000000000007 691565.96500000008 134.50000000000003 362477.74571428576 111.50000000000001 53994.500000000007 4068.5000000000005 88.500000000000014 26456.115000000002 129.50000000000003 142.50000000000003 85.500000000000014 9.7843035985058897 5088.1050000000005 11.921240640754862 153.50000000000003 8.3270878191320232 140.50000000000003 42089.000000000007 38521.700000000004 237008.34033333338 32.500000000000007 2.3374013835564261e-10 13.340681343788388 105288.82500000003
decision_type=2 2 2 2 2 2 2 2 2 2 2 2 2 2 2 2 2 2 2 2 2 2 2 2 2 2 2 2 2 2
left_child=2 -2 3 4 -1 7 -7 9 23 12 -11 -3 16 14 -14 18 26 -17 -15 21 -19 -20 -23 -9 -18 -12 -4 29 -29 -28
right_child=1 11 5 -5 -6 6 -8 8 -10 10 25 -13 13 15 -16 17 24 20 19 -21 -22 22 -24 -25 -26 -27 27 28 -30 -31
leaf_value=34.688739094883736 58.287148268259244 -0.52935189642002678 -0.018068583445717712 -10.254085891580576 -1.211335042446571 -15.587432591852053 -0.42680621294939752 -0.69799602359490198 23.533436884953378 -1.2741291990235297 -12.865015350553518 -10.840977698571969 53.349397985817689 -0.45680039006157175 -2.6142802054047851 1.9961579529733493 -2.1232980970691737 0.4095625945380566 -0.8012610930544366 -1.9482976790559494 -2.3968149111022639 -21.926021338416788 -0.36529305416097074 -6.8812491587664653 -11.988170760484783 -0.95253117043501401 -4.2428048644725509 -4.3479618505952793 55.344669518247237 0.086908196940821913
leaf_weight=0.65686786208146619 0.032060747418659274 2.2910703070947633 17591.140868030401 0.57569307643652257 1.0169270841661009 0.048761510874918979 1.0945485994098811 16.416111299429183 1.5499708699780992 7.021958180745556 0.13385505117225516 0.0096401544205683143 0.14528600557155213 7.1801608525884406 0.60519741256014059 28.082101245009113 1.9524201505958276 129.92003338143726 0.33449052367360077 6.7362386346489753 7.9321372775109174 0.041917072810579659 0.1876577456810794 0.45741010331915788 0.11299540461888469 0.60496821790457667 7.1863362301519365 1.5230214902396504 0.10131294944064517 3948.0427658969115
leaf_count=16088 1420 16793 3149422 3258 8490 26822 2977 4672 299 8587 3555 15157 56 11587 1746 1173 10726 510 304 9876 13777 8058 257 2719 7325 691 19951 10074 1100 213395
internal_value=0.00944191 14.2399 0.00726189 11.9601 20.5799 0.00547633 -8.04665 0.00626948 1.94684 0.00453517 -3.00736 -3.84542 0.00574936 0.570829 32.5047 0.259523 0.0009724 0.540714 -2.78915 -4.75112 0.231946 -15.5737 -18.9366 -1.24151 -6.39934 -9.27112 0.00188305 0.0905663 19.0436 0.0779697
internal_weight=21763.1 2.33277 21760.8 2.24949 1.67379 21758.6 1.14331 21757.4 18.4235 21739 7.76078 2.30071 21731.2 181.165 0.750483 180.415 21550.1 165.934 14.4805 7.3003 137.852 0.564065 0.229575 16.8735 2.06542 0.738823 21548 3956.85 1.62433 3955.23
internal_count=3570865 33370 3537495 27836 24578 3509659 29799 3479860 7690 3472170 12833 31950 3459337 47344 1802 45542 3411993 15460 30082 18495 14287 8619 8315 7391 18051 4246 3393942 244520 11174 233346
is_linear=0
shrinkage=0.05


Tree=195
num_leaves=31
num_cat=0
split_feature=2 4 3 4 2 2 9 0 0 2 14 9 3 9 9 7 3 9 3 9 0 0 7 14 0 2 3 0 3 13
split_gain=75628.6 33104.3 38200.5 17438.9 16759 77846.7 942717 403057 69285.3 44157.9 83554.5 27884.1 59464.1 33285.8 37840.2 755653 2.92566e+06 443703 2.38173e+06 400747 243274 243182 1.14786e+06 198504 299883 124623 150950 52818.4 82886.5 176256
threshold=339.10500000000008 10869669.15 85349.000000000015 1.0000000180025095e-35 115597.52500000001 113714.07000000002 19.500000000000004 227.50000000000003 212.50000000000003 121498.39000000001 1.764419721439481e-10 111.50000000000001 55428.500000000007 104.50000000000001 11.500000000000002 315167.46000000002 53994.500000000007 23.500000000000004 55428.500000000007 68.500000000000014 322.50000000000006 310.50000000000006 6317939.5900000008 125326.57499999998 322.50000000000006 156830.25500000003 51720.500000000007 279.50000000000006 55428.500000000007 8662.8550000000214
decision_type=2 2 2 2 2 2 2 2 2 2 2 2 2 2 2 2 2 2 2 2 2 2 2 2 2 2 2 2 2 2
left_child=3 4 -3 -1 5 -2 -7 8 -8 10 -6 13 -13 14 21 16 -16 18 -17 20 -18 27 -23 -20 -25 26 -19 -11 -29 -30
right_child=1 2 -4 -5 9 6 7 -9 -10 11 -12 12 -14 -15 15 17 19 25 23 -21 -22 22 -24 24 -26 -27 -28 28 29 -31
leaf_value=-2.5436052770380329 0.023830170478635643 -1.3089608889567173 -12.708591430984768 -13.039131842225277 -14.29138286444269 -0.65135047705861593 -1.0312383619256391 -0.8616112625621265 60.997319686142639 -0.018680982144919377 -1.3990813692421336 -1.0001096960855989 -13.030474584966266 0.62538967452377114 -1.1871583906739105 -1.0820152519475166 -93.017997763604313 -1.4885137307564571 -12.670523648381579 -12.145240360677578 -1.0007932088583509 -2.3294711684691665 56.632533894145652 -64.429241570516908 -1.1361079091862238 -0.027301888153387223 -21.016853512690485 -0.63229441953473142 -17.167470952008689 -1.2466002428020591
leaf_weight=1.5348129050304737 14936.010053700424 3.383700480341346 0.058180827797926216 0.27336894858884186 0.47264875094196135 11.648533452396109 0.012741325972387484 0.34634696169559764 0.0018080989663209939 6189.4477509949256 10.786433616157872 6.8258897176309539 0.25623433829435072 174.18155871307681 9.0696766187887086 24.618373320344261 0.22885188902718162 3.2346665504626628 1.0837726560376264 0.65203711790950647 0.099746391177181148 3.234949525264144 0.076297753543823954 0.92505089280733444 0.24783217906951927 1176.0240958412626 0.54612282010609137 30.818245115138925 1.5788105334331461 5.8863835357404835
leaf_count=24684 2039719 29085 12798 3331 14261 9381 1504 2253 110 762937 27341 7980 3356 1870 64725 145272 25697 23441 14564 4777 323 6400 318 60069 881 189676 14662 53005 13374 12869
internal_value=-0.00545989 -0.00443959 -4.32048 -8.21036 -0.00359048 0.0271995 3.8933 43.2753 59.1969 -0.0638266 -3.06233 -0.0589999 -2.9944 -0.0558793 -0.0718947 -0.326819 -13.3426 -0.207449 -6.44248 -68.4025 -86.8667 -0.0220706 11.8488 -46.6306 -57.7354 -0.0600802 -8.11644 -0.0302844 -1.8579 -6.24454
internal_weight=22593.6 22591.8 3.44188 1.80818 22588.3 14948 12.0094 0.360896 0.0145494 7640.3 11.2591 7629.04 7.08212 7621.95 7447.77 1216.73 10.0503 1206.68 26.875 0.980635 0.328598 6231.04 3.31125 2.25666 1.17288 1179.8 3.78079 6227.73 38.2834 7.46519
internal_count=3570663 3542648 41883 28015 3500765 2052967 13248 3867 1614 1447798 41602 1406196 11336 1394860 1392990 544087 95522 448565 220786 30797 26020 848903 6718 75514 60950 227779 38103 842185 79248 26243
is_linear=0
shrinkage=0.05


Tree=196
num_leaves=31
num_cat=1
split_feature=9 2 12 2 6 13 3 0 0 9 14 8 8 3 14 3 4 13 3 6 1 4 2 0 10 0 12 3 11 3
split_gain=455448 257654 1.12717e+06 159155 86374.1 113006 52825.6 19076.4 519224 838911 241642 1.00889e+06 79819.6 206960 110777 1.08867e+06 74285.8 106648 46760.8 42045.2 37421.3 2.55898e+06 2.19786e+06 3.29912e+06 74131.2 31199.2 27895.2 40349.7 27273.4 16291.2
threshold=263.50000000000006 171.64000000000001 4.5000000000000009 1169.3550000000002 31.500000000000004 691565.96500000008 1060.5000000000002 262.50000000000006 263.50000000000006 104.50000000000001 966822.40000000026 218940.62400000001 264512.57848214294 52787.680000000008 469589.16000000009 200540.16500000001 8363.3750000000018 250062.66500000001 14751.500000000002 17.500000000000004 0 1.0000000180025095e-35 16096.770000000002 9.5000000000000018 1.0000000180025095e-35 13.500000000000002 1.5000000000000002 53994.500000000007 2.5000000000000004 99704.085000000006
decision_type=2 2 2 2 2 2 2 2 2 2 2 2 2 2 2 2 2 2 2 2 9 2 2 2 2 2 2 2 2 2
left_child=1 2 -1 6 7 -6 -3 20 9 -9 12 -12 14 -14 18 -16 -15 -18 -10 26 -5 22 -22 -24 28 -23 -20 -28 -25 -27
right_child=-2 3 -4 4 5 -7 -8 8 10 -11 11 -13 13 16 15 -17 17 -19 19 -21 21 25 23 24 -26 29 27 -29 -30 -31
leaf_value=-3.1193225752341656 18.74197279989745 -3.6661486430334649 57.224124522910337 0.00054928524199441317 -20.755150913671827 -0.74134698802175247 -16.977696848746394 -0.97586816094250806 -1.2173642594827045 55.726184438055398 51.530784759355505 -1.8372141423830586 -1.0854940938831239 -1.8445710167127816 -1.7673922145907452 50.58941056264328 -30.009802872575477 -1.5755215539226459 0.1216763353140029 -6.0724550568833662 -2.7450643188273909 0.18541691131675661 -2.4815608980104273 -142.9225732270736 -0.29058555921486701 -1.3459709073331438 -0.73478189976118546 -8.9942668984586778 -0.14394149712937729 -7.6600844554781125
leaf_weight=2.6163856110134014 2.2464562493732947 2.8127841309745008 0.046849968032756872 18426.677046888184 0.15162878955947956 2.0253712557330359 0.65734402902828559 1.5273649386795589 66.287728365934527 0.096480784487945503 0.17538585300021736 3.3341892007427743 23.208015703715397 0.9294814542735137 6.2804286200406407 0.16619261878453162 0.24043361238080541 0.61028065058158865 4076.5442758602389 1.7470873740189734 1.9193497601562879 221.136416586221 0.8120008413447064 0.0015561039211918655 0.013484866725090812 23.312330155471344 6.6234500012075888 0.98787691584156512 0.005451375675104511 0.14260262523983414
leaf_count=13901 144 32725 159 1001813 42865 6106 50082 5686 275298 16 724 13378 52174 931 11487 4532 25174 2824 243738 11642 664791 46345 6615 321933 4432 320041 4075 11073 674 394226
internal_value=0.0155943 0.0129354 13.2723 0.0108107 0.0126547 -8.23106 -9.4228 0.0137999 0.11022 22.3456 0.0962626 11.6642 0.0837721 -2.67867 0.101012 6.19403 -15.5857 -21.4875 0.0900619 0.111567 -0.00783267 -0.605427 -41.6101 -80.8166 -140.711 -0.00117379 0.115699 -2.72735 -142.298 -1.69623
internal_weight=22873.3 22871.1 2.66324 22868.4 22865 2.177 3.47013 22862.8 4188.76 1.62385 4187.13 3.50958 4183.63 24.9882 4158.64 6.44662 1.7802 0.850714 4152.19 4085.9 18674 247.343 2.75184 0.832493 0.0204923 244.591 4084.16 7.61133 0.00700748 23.4549
internal_count=3569604 3569460 14060 3555400 3472593 48971 82807 3423622 662752 5702 657050 14102 642948 81103 561845 16019 28929 27998 545826 270528 2760870 1759057 998445 333654 327039 760612 258886 15148 322607 714267
cat_boundaries=0 1
cat_threshold=2
is_linear=0
shrinkage=0.05


Tree=197
num_leaves=31
num_cat=1
split_feature=14 13 7 3 0 13 2 4 3 3 9 3 1 3 3 0 2 0 0 3 4 0 13 7 0 2 9 7 4 4
split_gain=479725 919846 102758 275846 83121.6 77088.4 51642.2 31535.1 28766.3 23617.4 23434.9 55154.7 22761.7 147764 665900 423009 138421 57782.5 1.76593e+07 5.50915e+06 303620 1.5171e+06 27386.9 24482.7 20989.9 17999 17312 17003.1 16401.1 39207.2
threshold=10446370.240000004 1394563.4800000002 7589735.205000001 40810.500000000007 22.500000000000004 76109.820000000022 339.10500000000008 7560428.8550000014 1347.3750000000002 163.50000000000003 120.50000000000001 31471.275000000005 0 121858.00000000001 104316.00000000001 188.50000000000003 1169.3550000000002 262.50000000000006 255.50000000000003 22185.500000000004 1.0000000180025095e-35 9.5000000000000018 88393.430000000008 541798.83500000008 2.5000000000000004 32183.350000000002 4.5000000000000009 16710825.715000002 7170104.330000001 4842762.5450000009
decision_type=2 2 2 2 2 2 2 2 2 2 2 2 9 2 2 2 2 2 2 2 2 2 2 2 2 2 2 2 2 2
left_child=2 4 6 25 -2 27 9 10 -9 -1 12 -12 13 14 17 -16 22 18 20 -20 21 -8 24 26 -14 -4 -22 -5 29 -18
right_child=1 -3 3 5 -6 -7 7 8 -10 -11 11 -13 16 -15 15 -17 28 -19 19 -21 23 -23 -24 -25 -26 -27 -28 -29 -30 -31
leaf_value=-2.0822373864372272 60.802635098463647 -1.000947675807738 -6.7701903497165326 -31.600367225693056 -0.81940105268429542 -2.3129026932692063 -0.34551106400258869 -1.0471111451409005 -7.8215741004365427 -11.874627968729762 -0.91088848100232811 -11.375624730612156 -0.11434475308505335 -3.1666356350353384 -2.048479246091103 46.866362803874601 0.018084265076060809 0.10892091535878468 -1.9741808715725893 240.15952329710859 0.24177609572668515 -64.78703130578036 -2.268383991031603 -1.3351238540074053 -19.515932438447443 -0.60831645913539156 1.3559546840213519 -1.0994200215135119 0.84271293136824055 -3.4419968185485299
leaf_weight=2.4570799397894763 0.0025462857928764638 1.7071431967478869 0.37131406230167208 0.14830126613586936 0.029966399211931952 0.56445993420384644 6.0270416626176182 6.1345590428554564 1.3117165943167632 0.21930223227383638 15.305696688348384 0.39907119034281358 0.17176540195167855 30.602829065953301 0.55999493958724478 0.2499934472701667 21218.78072925824 1246.6741544376553 0.28517879774005406 0.0080578126929293781 195.9548437174345 0.07877867862018284 0.8624045493759942 20.132182688974154 0.19822953970895707 10.900648338812488 41.599612981104201 0.12570938467979431 59.273695878509898 7.1903223940862508
leaf_count=9903 560 4745 4704 20443 1126 14827 521 21801 21577 17920 6719 4896 180 25583 2198 1918 3012524 42021 8029 1752 23712 20822 2152 121030 65782 56072 15928 1197 2204 38385
internal_value=0.027805 20.9493 0.025297 -4.40002 58.2158 -22.3843 0.0278346 0.0287869 -3.02582 -5.89771 0.0299152 -1.84217 0.0312839 0.216078 0.288044 30.598 0.0177762 0.251561 0.921954 185.235 0.0182756 -10.1781 -12.432 0.298307 -17.1705 -1.34684 0.441774 -29.4577 0.0190896 0.0167498
internal_weight=22868.3 1.73966 22866.6 12.1104 0.0325127 0.838471 22854.5 22851.8 7.44628 2.67638 22844.4 15.7048 22828.6 1542.17 1511.57 0.809988 21286.5 1510.76 264.086 0.293237 263.792 6.10582 1.2324 257.687 0.369995 11.272 237.554 0.274011 21285.2 21226
internal_count=3571231 6431 3564800 97243 1686 36467 3467557 3439734 43378 27823 3396356 11615 3384741 263514 237931 4116 3121227 233815 191794 9781 182013 21343 68114 160670 65962 60776 39640 21640 3053113 3050909
cat_boundaries=0 1
cat_threshold=16
is_linear=0
shrinkage=0.05


Tree=198
num_leaves=31
num_cat=1
split_feature=6 13 1 2 3 0 2 2 9 9 6 6 13 13 13 0 6 9 2 3 4 0 3 4 13 7 9 4 2 7
split_gain=419755 928690 55100 6.65134e+06 5.4107e+07 1.04316e+07 820409 865369 353314 100016 37733.8 34738.3 37086.6 40544.5 44634.4 27497.2 449918 911069 212765 57724.9 50271.8 45204.1 103214 48130.5 40472.8 29370.2 2.53463e+06 301643 200201 49255.2
threshold=34.500000000000007 1.4324541552923621e-11 0 83835.480000000025 55428.500000000007 235.50000000000003 13365.185000000001 11075.645000000002 1.5000000000000002 2.5000000000000004 6.5000000000000009 27.500000000000004 147597.92500000002 5.6274984672199943e-12 2.501110429875553e-11 278.50000000000006 26.500000000000004 23.500000000000004 1169.3550000000002 204.50000000000003 6872135.1900000004 275.50000000000006 52108.500000000007 1.0000000180025095e-35 140492.58000000016 15070.120000000001 28.500000000000004 1685.8400000000004 48479.575000000004 91039.835000000021
decision_type=2 2 9 2 2 2 2 2 2 2 2 2 2 2 2 2 2 2 2 2 2 2 2 2 2 2 2 2 2 2
left_child=2 -2 3 4 6 -6 7 -1 -9 10 -8 15 13 -13 -15 16 18 -18 19 -4 24 -20 -23 -24 25 26 28 -28 -17 -27
right_child=1 -3 11 -5 5 -7 9 8 -10 -11 -12 12 -14 14 -16 20 17 -19 21 -21 -22 22 23 -25 -26 29 27 -29 -30 -31
leaf_value=-0.78701253687870043 56.653161073548176 -7.1978087827612187 -4.3408489159096524 0.062793766071921789 -8.3368809882238306 419.00865693303314 -45.755419179379395 55.183634971980354 -0.17367654754563674 -2.2120114408982845 -0.18732822805924468 -1.896875179170717 -0.40498231684598984 -0.16500923977658188 -19.412323567358342 -16.322336458572764 -1.7089552736072915 57.0196684626628 -0.012415638908254477 -21.984736879027807 2.6093856961150426 -0.90126847901247631 -2.7871330824055187 -18.356696946368345 -2.6650259604889932 -5.1601303889687369 58.832609701524063 -1.8387670843996375 0.29390248440022004 0.069442122132323772
leaf_weight=8.4696687265346959 0.021277625498057673 0.85839809599694616 1.7890629052883189 1705.5649344843985 0.12169946240651699 0.014136356467156802 0.0096177990439036409 0.089256497682106195 0.38321153122586316 0.3017082005362236 0.056448531408901215 2.3995345845214779 5.8916940183776578 0.45576444155560381 0.0042694015303075252 0.81753469734257933 1.6476228704861509 0.043591411895982035 17128.28313249928 0.2931264508631829 19.442796438797814 18.630324431188377 1.4916388097781863 0.35752069860975066 11.975044378913479 3.5097061117307922 1.0705603219291293 0.16150597252890575 722.67451355055437 2889.0717809716566
leaf_count=3199 6447 26067 29885 260135 3189 1368 5747 205 451 12828 2282 8780 13960 384 18099 196573 6253 1350 2547501 53454 9173 35122 6498 12034 33455 11807 394 916 47268 216322
internal_value=0.0351771 23.6622 0.0332037 0.304671 40.0832 365.876 0.302464 5.27112 40.6555 -36.0314 -43.523 0.010666 -2.97294 -6.78675 -13.5205 0.0120695 -0.0144464 20.4278 -0.0176534 -13.1533 0.136691 -0.0152913 -2.30761 -11.1854 0.122728 0.132692 0.417099 53.6166 0.252616 0.061314
internal_weight=22525.9 0.879676 22525 1715.01 9.44575 0.135836 9.30991 8.94214 0.472468 0.367775 0.0660663 20810 8.75126 2.85957 0.460034 20801.3 17152.5 1.69121 17150.8 2.08219 3648.72 17148.8 20.4795 1.84916 3629.28 3617.31 724.724 1.23207 723.492 2892.58
internal_count=3571146 32514 3538632 289404 29269 4557 24712 3855 656 20857 8029 3249228 41223 27263 18483 3208005 2692097 7603 2684494 83339 515908 2601155 53654 18532 506735 473280 245151 1310 243841 228129
cat_boundaries=0 1
cat_threshold=16
is_linear=0
shrinkage=0.05


Tree=199
num_leaves=31
num_cat=0
split_feature=4 3 6 6 2 2 2 2 3 2 2 0 3 2 2 9 3 2 9 10 4 11 4 7 4 4 3 3 8 6
split_gain=203586 232390 81748.7 123258 1.02174e+06 99103.9 92298.3 53848.2 25443.3 18860.9 672752 477320 18542.8 386376 1.12444e+06 71447.2 51844.9 517931 139305 40977.5 21543.9 16159.2 14363 30577.7 32499.9 2.21454e+06 3.23631e+06 398990 106567 2.29638e+06
threshold=15890731.275000002 156821.69000000003 31.500000000000004 29.500000000000004 42917.55000000001 1321881.0250000001 20159.610000000004 339.10500000000008 238.50000000000003 677.47000000000014 510.46000000000004 36.500000000000007 13077.685000000001 13365.185000000001 13055.540000000003 15.500000000000002 10326.500000000002 32183.350000000002 18.500000000000004 1.5000000000000002 3271823.4650000003 3.5000000000000004 387060.48500000004 97983.960000000006 776862.67000000016 765308.28000000014 241372.57500000004 350669.0400000001 235913.73937500003 7.5000000000000009
decision_type=2 2 2 2 2 2 2 2 2 2 2 2 2 2 2 2 2 2 2 2 2 2 2 2 2 2 2 2 2 2
left_child=2 -2 3 7 6 -4 -5 8 -1 10 -9 -12 16 14 15 19 20 18 -18 -14 21 -11 -15 -24 25 28 -27 -28 -25 -30
right_child=1 -3 5 4 -6 -7 -8 9 -10 12 11 -13 13 22 -16 -17 17 -19 -20 -21 -22 -23 23 24 -26 26 27 -29 29 -31
leaf_value=-2.1950437164332497 -1.0847846327634982 19.182757263721836 -20.028597708494257 -1.0956993090074847 -1.0528500151618434 -0.5562348230384464 50.897955890192797 0.24150343235310412 -13.305574044871243 -0.076025748925097683 48.805637542300936 -3.1559764367983081 -27.485967883529817 0.017526344906887724 26.129794988967827 -3.9016480704849741 -37.585613071454773 -0.57708676577782136 -5.4578663631761293 -0.77174773442288647 -1.289967323464015 0.13614492481857796 -1.9372605587594653 0.14223749651053794 0.045336229735126396 -1.7758372866202305 -0.70556430720172869 120.42186768157238 0.64587732873652137 51.608518565025101
leaf_weight=2.1524915006226006 2.5135490785543708 1.9614768135905412 0.12061106586747539 0.047242398843509587 7.0918035602987413 1.7123927597970146 0.19149437026483382 172.72540087877556 0.025601908408533602 3861.6262840002328 0.21894381552914377 0.51550954866198073 0.13507243549894687 12074.177007780152 3.6436381073290249 1.4766712853463106 0.20374388975085045 55.502344907398374 1.0498969642740639 0.2329220330136037 32.980966143577461 1168.0224054347545 17.247088222464299 1901.1937814851642 5102.4900389068489 1.3699337976100641 0.06037973153427173 0.012030853849614498 94.894019093759681 1.2639561327082152
leaf_count=10075 11942 3973 43325 822 12954 2366 874 14316 17809 1394516 2166 11622 384089 734838 6744 20177 47558 77046 2494 1973 122024 54491 20607 124457 404922 1499 140 1925 35801 3579
internal_value=0.0384423 9.67901 0.0362865 0.0372672 6.11818 -8.45675 48.0265 0.0351973 -6.47277 0.0360406 0.554074 31.5393 0.0323226 0.0548686 12.2542 -14.7023 -0.0522207 -1.5418 -25.0424 -23.5053 -0.0352192 -0.0267356 0.0507416 0.107069 0.112307 0.283158 47.8654 112.939 0.22486 1.8401
internal_weight=24506.9 4.47503 24502.4 24500.6 7.33054 1.833 0.238737 24493.2 2.17809 24491 173.46 0.734453 24317.6 19198.2 5.4883 1.84467 5119.39 56.756 1.25364 0.367994 5062.63 5029.65 19192.7 7118.53 7101.28 1998.79 1.44234 0.0724106 1997.35 96.158
internal_count=3571124 15915 3555209 3509518 14650 45691 1696 3494868 27884 3466984 28104 13788 3438880 1740751 412983 406239 1698129 127098 50052 386062 1571031 1449007 1327768 592930 572323 167401 3564 2065 163837 39380
is_linear=0
shrinkage=0.05


Tree=200
num_leaves=31
num_cat=0
split_feature=6 3 2 12 4 0 13 6 7 4 3 13 13 13 6 3 14 3 4 14 2 7 3 8 0 3 4 4 8 2
split_gain=1.45081e+06 3.54738e+06 36558.5 14936.4 622959 670498 470970 946469 145591 31006.9 51345.1 26402.4 19855.3 19766.3 18138.2 17533 16273.2 33580.4 15996.3 353459 1.02299e+06 57499.4 81178.9 20753.9 49356.1 150654 41569.5 46998.8 31842.1 70591.6
threshold=32.500000000000007 267587.45500000002 1321881.0250000001 8.5000000000000018 57372.020000000011 11.500000000000002 5.6274984672199943e-12 27.500000000000004 8128285.25 7560428.8550000014 49116.785000000011 35835.800000000097 3354.1400000000008 108424.45500000002 27.500000000000004 32558.170000000002 2102314.9150000014 52108.500000000007 4565379.0500000017 900287.97500000021 33214.085000000006 5342983.4350000015 49116.785000000011 264512.57848214294 274.50000000000006 53994.500000000007 1.0000000180025095e-35 3271823.4650000003 427508.25118750014 71381.690000000017
decision_type=2 2 2 2 2 2 2 2 2 2 2 2 2 2 2 2 2 2 2 2 2 2 2 2 2 2 2 2 2 2
left_child=3 2 -2 8 5 -5 7 -6 9 14 -11 12 -8 -10 16 -13 18 -18 21 -20 -21 23 -23 -1 28 -26 -27 -28 29 -25
right_child=1 -3 -4 4 6 -7 11 -9 13 10 -12 15 -14 -15 -16 -17 17 -19 19 20 -22 22 -24 24 25 26 27 -29 -30 -31
leaf_value=0.0082426260622830965 -12.617844612811224 107.61795576586098 -0.46165873477779079 53.70552745891456 -3.3903123322193984 -1.908291883417131 -10.115325036362821 58.314489974969035 -18.696542556355435 -1.3741265118685639 -13.695451001072875 -0.83583682425071348 -0.31258866281777764 -1.7328470438289867 -3.4278037845562643 0.13611976679746804 -0.77582513561910971 -8.4565879192426134 0.17003219454957233 57.265817784161733 -1.6843188317468265 -1.5278325382811455 -17.748418596758953 -0.15663979023013411 -1.0554826754863844 -1.8309929063253372 -24.354826106394714 -1.6492158954846716 0.072605929944560318 -1.4986990749602318
leaf_weight=19173.61273933532 0.11653648602231204 0.071535874110485786 1.5695878031026149 0.12477979213381862 1.2993106569734247 0.91933868856439671 0.10699522218081314 0.037640361601865568 0.17048914566249584 6.9576234158257719 0.018175817099282621 47.397851944163449 1.0956713962441136 0.46910085711214244 2.8626675477935342 1127.163040938595 22.18950196051939 0.54802369899933623 507.44143020746839 0.053944884109726199 2.2602780017216575 3.6360526446206536 0.067229369700648856 521.28513848377213 21.336846163897977 0.76238451504940707 0.190185592677377 0.47681818008277355 734.81735229444644 119.75371270347193
leaf_count=2850359 29493 10887 2511 173 6399 981 5753 239 26924 27265 14293 57985 864 14298 18389 39483 25536 14447 39544 833 8641 25011 14622 45208 38455 822 18590 2155 61476 169548
internal_value=0.00999127 36.2742 -5.68833 0.0055057 0.178692 27.7573 0.130684 22.5546 -0.00416345 -0.00300635 -3.11996 0.0860367 -5.38334 -14.903 -0.00182845 0.0962158 -0.00120123 -1.30961 0.000271482 0.276678 16.5525 -0.00658919 -5.53438 -0.00532491 -0.191198 -2.45055 -14.2667 -18.8526 -0.152056 -0.409304
internal_weight=22298.8 1.75766 1.68612 22297.1 1178.14 1.04412 1177.1 1.33695 21118.9 21118.3 6.9758 1175.76 1.20267 0.63959 21111.3 1174.56 21108.4 22.7375 21085.7 509.756 2.31422 20575.9 3.70328 20572.2 1398.62 22.7662 1.42939 0.667004 1375.86 641.039
internal_count=3571184 42891 32004 3528293 111877 1154 110723 6638 3416416 3375194 41558 104085 6617 41222 3333636 97468 3315247 39983 3275264 49018 9474 3226246 39633 3186613 336254 60022 21567 20745 276232 214756
is_linear=0
shrinkage=0.05


Tree=201
num_leaves=31
num_cat=0
split_feature=6 3 13 9 3 2 2 3 3 9 4 2 3 3 2 2 13 2 3 2 3 8 4 4 14 3 3 12 2 6
split_gain=75981 105270 13899 681607 4.61916e+06 1.07604e+06 134206 326968 66925.9 1.06806e+06 51842.7 35493.8 55125.3 262278 28444.9 20330.5 15516.3 25726.2 55134.8 417666 124534 14603.7 14478 13589.4 99130.5 303395 55942.8 43221.6 39538.3 37293
threshold=32.500000000000007 1585.5000000000002 5.8662408264353884e-11 5.5000000000000009 53994.500000000007 44286.150000000009 583963.12000000011 118610.99500000001 473250.02500000008 50.500000000000007 24958.510000000006 441427.84500000003 55428.500000000007 448517.83500000002 23109.540000000005 339.10500000000008 49186.605000000003 207152.10500000001 1585.5000000000002 33214.085000000006 52787.680000000008 146092.03250000003 1.0000000180025095e-35 541602.44000000006 314419.98500000004 31471.275000000005 403869.50000000006 1.5000000000000002 417788.98000000004 4.5000000000000009
decision_type=2 2 2 2 2 2 2 2 2 2 2 2 2 2 2 2 2 2 2 2 2 2 2 2 2 2 2 2 2 2
left_child=2 -2 6 16 14 -6 8 -8 11 -10 -9 15 -13 -14 21 22 17 18 -4 20 -20 -5 -1 24 26 -26 28 -27 29 -17
right_child=1 -3 3 4 5 -7 7 10 9 -11 -12 12 13 -15 -16 23 -18 -19 19 -21 -22 -23 -24 -25 25 27 -28 -29 -30 -31
leaf_value=-1.2543397645142758 -0.40950893149264245 -20.9327678419059 -0.28113286905519852 -0.090241958309277698 -4.338295622377732 -117.85369903631532 -1.3874184036860318 -33.18478488172007 -44.614898293430706 -0.1851113230644523 -5.3355701577945069 -0.34268263278890987 -17.964340505105614 -0.19630929401571218 -1.2026257246146719 0.051203643681929416 -0.0011156147627399394 -0.046057289152118611 -38.751271808176696 -1.4841953164333026 -0.30085599533071589 -11.313702946557431 -8.4514001335802842 0.12434823611991214 -0.79885706673701551 -5.8114613674331812 -8.2554286066991942 -20.768687000153804 -7.3683884707567122 -0.56022603175293884
leaf_weight=3.2835186842887647 1.6907642250837742 0.031580046551162755 90.71710962952632 0.40993907100109706 0.35302475836164443 0.14198548492479152 8.867868674447811 0.096897972055509762 0.42154263329579578 28.099567863458979 0.76271338596519667 38.019137374721886 1.6965136960556115 9.1404973803653711 15.518642739164887 9878.8320753284097 8135.4187000821785 264.12304342681398 0.011459572494640025 31.583993104339946 0.28623025865665797 0.15382085155720648 0.10045940087252336 5051.8794184435556 27.727386656401059 2.0437234428606836 1.0355266911901697 1.2910097768310258 0.80337870469156669 254.84789503622233
leaf_count=23965 20524 22304 17397 263 5833 38158 62413 3424 241019 28875 6273 36987 9189 151 74575 1651479 795508 25626 2239 23839 3589 4650 1564 313589 33086 3738 17318 9057 7152 88734
internal_value=0.0140216 -8.33867 0.0149746 -0.0361335 -9.87199 -93.9539 0.0434815 -5.54709 0.0473988 -2.331 -24.6344 0.0519936 -1.27994 -4.26094 -1.93515 0.0563527 -0.015844 -0.324869 -0.92026 -2.67484 -30.506 -8.43238 -3.34819 0.05733 0.0240185 -2.75181 0.0327966 -15.0585 0.0344584 0.0357728
internal_weight=23849.4 1.72234 23847.7 8538.72 16.5774 0.49501 15308.9 9.72748 15299.2 28.5211 0.859611 15270.7 48.8561 10.837 16.0824 15221.8 8522.14 386.722 122.599 31.8817 0.29769 0.56376 3.38398 15218.5 10166.6 31.0621 10135.5 3.33473 10134.5 10133.7
internal_count=3572518 42828 3529690 991677 123479 43991 2538013 72110 2465903 269894 9697 2196009 46327 9340 79488 2149682 868198 72690 47064 29667 5828 4913 25529 2124153 1810564 45881 1764683 12795 1747365 1740213
is_linear=0
shrinkage=0.05


Tree=202
num_leaves=31
num_cat=0
split_feature=12 0 6 13 5 9 4 5 0 13 3 3 3 11 5 13 3 7 3 3 5 3 4 9 5 9 5 3 5 5
split_gain=862766 308256 84500.2 89515 22412.4 2.15281e+06 2.82979e+06 897181 71040.4 185255 115340 53553.4 23474.8 1.24391e+06 23684.1 48597.6 178508 20147.1 26371.9 19373.1 39450.9 895817 491612 1.21645e+06 383675 208469 86368.8 80318 34642 192033
threshold=32.500000000000007 24.500000000000004 32.500000000000007 561104.35000000021 13.42367693089375 16.500000000000004 2697825.1250000005 13.518379715675239 9.5000000000000018 2.501110429875553e-11 21107.500000000004 1351313.6350000002 555826.50000000012 1.0000000180025095e-35 13.174616177705563 1319.7350000000004 55428.500000000007 486682.12000000005 100542.50000000001 91389.24500000001 11.420283557041078 134403.82000000004 1.0000000180025095e-35 7.5000000000000009 6.7279585275865044 21.500000000000004 10.878156619369959 94470.000000000015 11.459043982004728 11.60629808710131
decision_type=2 2 2 2 2 2 2 2 2 2 2 2 2 2 2 2 2 2 2 2 2 2 2 2 2 2 2 2 2 2
left_child=2 -2 4 -4 12 8 -7 -8 11 10 -10 -6 14 -14 19 16 -16 -11 -19 28 21 22 25 26 -25 -21 -24 -28 -1 -30
right_child=1 -3 3 -5 5 6 7 -9 9 17 -12 -13 13 -15 15 -17 -18 18 -20 20 -22 -23 23 24 -26 -27 27 -29 29 -31
leaf_value=0.0094669906152912327 -0.72419609972568133 47.869168988476517 -20.570111031029338 -0.33260790025578085 -0.84479416025521425 -1.4438408505441545 120.70090789358319 -0.9351558097138748 -0.7778788403415402 0.13017762551988879 -27.213704813118696 5.3224809556878441 -50.943058354790608 -0.14286969721275064 -1.2430854815461918 -0.28720794050015941 -19.397278301451053 -1.0167486922696849 -8.6825140151816012 -22.281463950262385 0.079765054782531819 0.18484757701057489 -1.2678970873550728 -0.67928159956055356 -82.388275911223843 -0.68032825701213795 -1.1865888182443993 -22.210335979107242 -5.2017761851527808 -0.17588762759034748
leaf_weight=10373.936561416613 0.39857574628695047 0.27835091948509216 0.02552437289836107 1.242902557658963 4.7814281380437906 1.374341479718054 0.012176647550798697 0.16027330400885723 0.80266699983257095 570.02283211944234 0.0085040799929270161 10.159318923950195 0.2192274779983866 104.05586034347358 9.7503742903521164 49.672500959998928 0.60570662337007597 11.977174206331613 0.29300765391017591 0.37563888449918437 10713.596392849735 193.13925282824684 2.1895265765635159 0.18656712253647212 0.031013492353679339 6.3104715949542989 0.80354254775222012 0.59372525806700505 18.219891311219726 1724.7424990352183
leaf_count=1434803 2169 18 36393 4193 2241 23511 899 10955 14896 4983 10492 83 278657 188145 24228 19409 5775 35184 4434 71197 175247 215438 6484 149 8689 1307 254 4078 73697 913276
internal_value=0.0217464 35.8845 0.0192185 -9.63053 0.0201377 0.321699 46.1944 103.271 0.126129 0.0360311 -15.9302 3.4193 0.0123297 -0.732609 0.0157251 -0.967965 -3.91992 0.0855545 -1.84067 0.0183308 0.0666364 -0.621094 -14.1844 -26.5072 -70.4302 -4.6356 -9.0676 -15.6604 -0.0251937 -0.231381
internal_weight=23800 0.676927 23799.3 1.26843 23798 599.592 1.54679 0.17245 598.045 583.104 0.811171 14.9407 23198.4 104.275 23094.2 60.0286 10.3561 582.293 12.2702 23034.1 10917.2 203.63 10.4905 3.80437 0.217581 6.68611 3.58679 1.39727 12116.9 1742.96
internal_count=3571284 2187 3569097 40586 3528511 107678 35365 11854 72313 69989 25388 2324 3420833 466802 2954031 49412 30003 44601 39618 2904619 482843 307596 92158 19654 8838 72504 10816 4332 2421776 986973
is_linear=0
shrinkage=0.05


Tree=203
num_leaves=31
num_cat=0
split_feature=6 3 2 4 7 3 13 9 13 4 2 4 12 3 3 11 2 3 9 6 4 8 4 2 3 3 13 2 2 2
split_gain=83667.7 64774.6 16903.4 17123.3 164839 416301 362761 44934 1.00533e+06 380603 40610.4 25987.8 24682.3 17508.6 60897.7 46674.9 39276.1 91162.8 21932.5 104734 68664.2 47078.1 21026.2 17280 1.25878e+06 127648 317079 27388.6 16136.9 15657.1
threshold=33.500000000000007 1585.5000000000002 1321881.0250000001 7170104.330000001 5342983.4350000015 52108.500000000007 224094.48000000001 23.500000000000004 2.501110429875553e-11 7560428.8550000014 181973.25500000003 4304302.8450000007 11.500000000000002 222732.50000000003 215186.00000000003 1.0000000180025095e-35 583963.12000000011 101646.00000000001 42.500000000000007 14.500000000000002 1014909.7000000001 133400.43125000005 3959353.2350000008 232599.43000000002 121858.00000000001 207731.44500000004 483598.68500000006 407610.41000000009 299238.00000000006 31213.930000000004
decision_type=2 2 2 2 2 2 2 2 2 2 2 2 2 2 2 2 2 2 2 2 2 2 2 2 2 2 2 2 2 2
left_child=2 -2 3 4 11 29 -7 28 -9 10 -10 12 13 14 16 22 23 -18 19 -15 -20 -21 -16 -1 27 26 -26 -25 -5 -6
right_child=1 -3 -4 7 5 6 -8 8 9 -11 -12 -13 -14 18 15 -17 17 -19 20 21 -22 -23 -24 24 25 -27 -28 -29 -30 -31
leaf_value=-0.0068906671365840727 -0.22520629695251199 -19.060010650297478 0.28043368017093301 0.16906538867669535 -5.4675438453202005 -47.58670442237274 -3.3398402943622871 -0.19732125007737744 60.604783151396397 -3.0244166814058855 -0.43988870581204387 -2.7057808268015004 -2.5328834283464832 0.042039517654389819 -16.012330152823605 -1.5288345894155411 -1.3700078100515469 -16.482909460035852 0.19033702665894894 -0.59063647708579292 1.9233605399491081 -16.066923454255662 -0.015673276302139268 -0.48250217717379784 -55.585407689605233 -9.2301846827092202 -1.756827884883553 0.087882013601818521 -3.3956134262425652 -1.0406036016067295
leaf_weight=15995.132868969236 0.8711663893102638 0.020144861371345746 565.61397741681139 964.19076900298046 1.5331896866114245 0.0085710540096765042 1.1696250204759824 19.914466869483256 0.0033479718833327324 0.20061849502193943 0.013132188589801959 7.8801530495584293 8.6167367314519634 3813.1736037117612 0.22458850580575207 2.6949264984739214 16.975057462481413 0.082361837765282497 781.3947027629348 0.86168855980717829 60.700651402915241 0.46030171706565948 0.24993294477462769 335.07713280508631 0.32864904018416813 1.1541543884777261 0.42975141305464643 562.40319660943351 2.1871375408915119 13.441376261798247
leaf_count=2135243 18020 19412 39932 43369 6677 31084 16315 7810 245 4212 273 27960 36252 496162 6918 1278 64982 5106 40247 1730 14169 37620 6 311133 19071 1220 1990 92909 16001 74857
internal_value=0.00984168 -10.5061 0.0107003 0.00393451 -0.0053717 -4.90497 -25.3631 0.207539 2.48865 46.6033 59.3785 -0.00147839 -0.000365319 0.000763438 -0.0228722 -6.06484 -0.0213811 -2.35202 0.086606 0.0355849 0.317397 -10.5802 -13.3149 -0.0188886 -0.232014 -33.0495 -43.4317 -0.125367 0.157491 -1.80807
internal_weight=23157 0.891311 23156.1 22590.5 21604 16.1528 1.1782 986.509 20.1316 0.217099 0.0164802 21587.8 21580 21571.3 16914.8 3.16945 16911.6 17.0574 4656.59 3814.5 842.095 1.32199 0.474521 16894.5 899.393 1.91255 0.7584 897.48 966.378 14.9746
internal_count=3572203 37432 3534771 3494839 3422929 128933 47399 71910 12540 4730 518 3293996 3266036 3229784 2639856 8202 2631654 70088 589928 535512 54416 39350 6924 2561566 426323 22281 21061 404042 59370 81534
is_linear=0
shrinkage=0.05


Tree=204
num_leaves=31
num_cat=0
split_feature=6 3 7 7 14 9 8 14 3 4 6 3 12 2 14 3 2 2 2 4 2 2 9 2 2 9 2 8 2 3
split_gain=74200.7 49337.6 34990.1 638070 797298 103802 61679.8 1.4035e+06 2.85113e+06 1.457e+06 44619.9 42460.5 33796.3 25759.2 23329.4 16558.9 79847.9 32249.6 20564.5 64401.9 48293.1 66072.4 89297.9 62152.1 94881.8 40812.7 21544.3 265528 19945.9 30724.8
threshold=33.500000000000007 1585.5000000000002 5460395.8300000001 5584584.4900000012 7.7307049650698916e-12 25.500000000000004 301908.94066666672 487395.10500000004 115033.45000000001 4704807.2950000009 22.500000000000004 53994.500000000007 11.500000000000002 171.64000000000001 500318.75500000012 25371.000000000004 15366.970000000003 15015.625000000002 23791.255000000005 44603.125000000007 204502.29500000001 71381.690000000017 1.0000000180025095e-35 127513.48500000002 121498.39000000001 6.5000000000000009 48479.575000000004 13376.500000000002 30273.515000000003 53.045000000000009
decision_type=2 2 2 2 2 2 2 2 2 2 2 2 2 2 2 2 2 2 2 2 2 2 2 2 2 2 2 2 2 2
left_child=2 -2 12 4 -4 6 7 8 -5 -10 11 -8 13 -1 -9 18 17 -17 -15 20 21 26 23 24 -23 -21 27 -20 -29 -30
right_child=1 -3 3 5 -6 -7 10 14 9 -11 -12 -13 -14 15 -16 16 -18 -19 19 25 -22 22 -24 -25 -26 -27 -28 28 29 -31
leaf_value=-5.6443219215581095 -0.31358314202229098 -15.98930822531748 59.493657624508415 -2.588400041071393 -2.2201285657492646 -12.509951857314881 -1.6399733591739005 0.56695029506135064 -3.7878949178732331 119.87733997817932 0.18151792568822947 -11.808783253583217 -3.1313611366186382 0.024333073555680759 -3.1640081102877691 -11.765265112615468 0.048848267985810913 -0.55042598770235707 -20.173554623621513 -0.020500032068470956 -0.39090852468346138 -14.724561402916477 -1.9968189624070647 -22.759310574132392 -0.2070036650217264 -0.82724641955413292 -0.44179276361204844 -0.3931935334140928 -11.204827503162225 -1.6017925867730973
leaf_weight=1.0074650728565746 0.93309748339365861 0.20273375882256739 0.021226520305560603 1.9190168260401956 0.93329785812630839 0.58315883313014083 6.2422506917489073 97.136483792503697 0.234517216682434 0.0049421215338680538 702.17619454592625 0.35585396512321565 7.5148306802657308 3922.2971741684091 3.3895564443327961 1.002772772719708 15870.406386120538 1.0958497181832172 0.93487623996886782 2158.7223205903138 143.06580800905616 0.8276316830888456 9.9180517170767164 0.038879143571362795 3.0072686690828458 168.05227663131609 39.484091775612612 25.635367434613958 0.12015682415179707 5.2742826053447951
leaf_count=13951 18046 19465 644 15788 7379 25868 33387 440 4889 2152 31650 17860 40568 732715 25464 376937 1023212 5307 94790 448485 82797 20756 32360 24067 2137 436026 27043 2113 446 4395
internal_value=0.0289506 -9.29009 0.0298086 0.351817 28.8865 0.282782 0.307368 1.44648 34.2659 93.4186 0.140525 -3.67106 0.0180842 0.0192834 0.411174 0.0197915 0.0472841 -7.97831 -0.047574 -0.157927 -0.957412 -1.8926 -4.94875 -10.5452 -5.73861 -0.0791001 -1.24244 -2.18787 -1.03292 -3.5353
internal_weight=23172.5 1.13583 23171.4 812.996 0.954524 812.042 811.459 102.685 2.15848 0.239459 708.774 6.5981 22358.4 22350.9 100.526 22349.9 15872.5 2.09862 6477.38 2555.08 228.306 85.2406 13.7918 3.87378 3.8349 2326.77 71.4488 31.9647 31.0298 5.39444
internal_count=3571137 37511 3533626 165521 8023 157498 131630 48733 22829 7041 82897 51247 3368105 3327537 25904 3313586 1405456 382244 1908130 1175415 290904 208107 79320 46960 22893 884511 128787 101744 6954 4841
is_linear=0
shrinkage=0.05


Tree=205
num_leaves=31
num_cat=0
split_feature=2 2 3 2 3 4 9 0 0 9 3 2 13 2 2 3 0 13 7 0 3 13 7 0 7 0 13 2 3 3
split_gain=517384 33896.1 18223 38413.8 909792 519091 856962 171336 202193 126742 73724.2 66550.2 52897.3 25376.3 197834 310246 345349 247841 121512 62649.6 47820.6 23874.6 22892.2 22216.8 19799.9 19321.6 24484.2 16625.9 394089 426606
threshold=1.0000000180025095e-35 171.64000000000001 91389.24500000001 91150.985000000015 134403.82000000004 1.0000000180025095e-35 4.5000000000000009 19.500000000000004 299.50000000000006 21.500000000000004 94470.000000000015 54538.475000000013 469491.61500000005 94753.440000000017 121498.39000000001 53994.500000000007 95.500000000000014 178058.07500000004 1.0000000180025095e-35 43.500000000000007 55428.500000000007 991290.78000000014 469205.93500000006 94.500000000000014 1410538.3400000003 307.50000000000006 1147933.3700000003 148180.10000000003 125479.34000000001 121858.00000000001
decision_type=2 2 2 2 2 2 2 2 2 2 2 2 2 2 2 2 2 2 2 2 2 2 2 2 2 2 2 2 2 2
left_child=-1 -2 13 4 5 9 11 -8 -9 10 -4 -7 -12 -3 15 18 -17 -18 -15 21 24 -16 -6 -22 -21 26 -13 -5 29 -29
right_child=1 2 3 27 22 6 7 8 -10 -11 12 25 -14 14 19 16 17 -19 -20 20 23 -23 -24 -25 -26 -27 -28 28 -30 -31
leaf_value=21.242627411182625 -6.914700453524607 0.025608443072633515 -1.112827159452316 0.19300329899933494 0.19113443541475122 -1.302031200765402 -0.033749010894737502 -75.330490679213526 -7.8232868113733964 -0.7070804265373436 -27.901408035571947 -19.482769597690456 -0.33468517458958191 -17.90337228770689 0.078422791995328339 -2.8894636659026181 -45.014559532362391 -3.0269105550340392 -1.1996777104884195 -0.42617068641359285 -0.043506351967291045 -1.7018478854957406 -3.8247210376605754 -13.299516149738205 -1.2598549023786074 -0.41541883794533563 -0.090237033759740362 -2.7965612983853365 0.067145466668290812 -35.462570786941733
leaf_weight=1.8769286862225261 0.75308025411868484 10858.353910684658 0.71579675414352273 3224.6047235519172 228.80003089695342 2.0479979549077356 0.12221372127532948 0.092488094681034805 0.41594996689505559 5.544295578569252 0.021312850015150431 0.40174400790649556 0.23987461795272252 0.15017133794146076 1349.0806471287067 2.5674550451730935 0.30308740200476869 0.69543844306610436 25.431738526427523 314.3324656457321 0.45490826278798785 18.099475382661467 2.6053679107019994 0.093601943528006826 91.928082390481222 0.25033225523661207 0.19530791605877351 3.1959295190396819 8025.4985227893903 0.59853110579780144
leaf_count=3 14145 1431891 4664 135545 261462 5722 24 9319 1263 1307 65742 3201 84 20409 165954 1878 5412 781 102623 423546 858 54204 131045 45456 323010 68 356 40817 318669 2766
internal_value=0.0401618 0.037635 0.0381381 0.0837118 -0.539005 -14.5571 -27.695 -57.2918 -61.9051 -4.71499 -15.5947 -8.1945 -22.9276 -0.00324104 -0.176891 -4.19331 -16.2304 -31.921 -1.96775 -0.10857 -0.652472 0.0536243 0.129636 -9.4366 -0.617458 -15.1279 -17.1708 0.0971193 0.058592 -14.2721
internal_weight=24159.5 24157.6 24156.8 11495.4 241.453 10.0473 3.52603 0.630652 0.508438 6.52128 0.976984 2.89538 0.261187 12661.5 1803.14 29.1479 3.56598 0.998526 25.5819 1773.99 406.809 1367.18 231.405 0.54851 406.261 0.847384 0.597052 11253.9 8029.29 3.79446
internal_count=3572224 3572221 3558076 982054 484257 91750 19953 10606 10582 71797 70490 9347 65826 2576022 1144131 131103 8071 6193 123032 1013028 792870 220158 392507 46314 746556 3625 3557 497797 362252 43583
is_linear=0
shrinkage=0.05


Tree=206
num_leaves=31
num_cat=0
split_feature=12 4 4 7 3 9 9 7 8 3 14 10 8 12 0 3 0 2 3 2 2 0 3 7 0 14 4 3 3 9
split_gain=276544 67538.9 20398.8 176630 202126 173480 885644 411987 81020.4 82455 61569 58925.8 43178 34551 23813.5 22690.1 22125.9 13262.3 52392.5 12342.8 12145.4 16549 12064.4 16981.9 11483.2 11167.9 87421.8 137667 132143 51651.6
threshold=27.500000000000004 3428198.9900000007 4704807.2950000009 5342983.4350000015 49735.500000000007 36.500000000000007 64.500000000000014 2375214.4849999999 318350.14310924371 99704.085000000006 1.182343112304807e-10 1.5000000000000002 320849.88333333336 11.500000000000002 231.50000000000003 20519.500000000004 11.500000000000002 339.10500000000008 238.50000000000003 78471.400000000009 677.47000000000014 37.500000000000007 1585.5000000000002 2110579.6750000003 1.5000000000000002 211836.99000000014 1674816.4800000002 55428.500000000007 161526.34500000003 4.5000000000000009
decision_type=2 2 2 2 2 2 2 2 2 2 2 2 2 2 2 2 2 2 2 2 2 2 2 2 2 2 2 2 2 2
left_child=2 -2 3 13 -5 8 -7 10 9 19 -8 -6 -10 17 -14 -16 -11 18 -1 -4 21 -19 -15 -24 -22 26 -26 -28 29 -29
right_child=1 -3 5 4 11 6 7 -9 12 16 -12 -13 14 22 15 -17 -18 20 -20 -21 24 -23 23 -25 25 -27 27 28 -30 -31
leaf_value=-0.51517836488668689 14.129938230782466 -2.3194927037238764 -4.6271504803504495 -2.7011760496493888 -31.741630987251369 2.1621501758265902 -1.1926587086105251 -4.1632283970823716 2.1478482204599936 -0.84841360973616586 61.079537830129624 -0.63365299313869017 0.15032427194105055 -1.3710485525395888 -0.95107134098807833 -10.249790523893456 -17.068681141468034 1.2075009321345482 -12.148806951513025 -1.0916913364988217 0.55331089539183409 0.16564085736951656 -0.82647538783660102 -9.7001476473785928 -0.016206793257861934 0.046706663792458844 -1.0614238989328311 -1.852586785858285 -4.179121526137962 -28.687024772170744
leaf_weight=9.6331361090948313 3.2811959466882903 0.43082611061321952 2.5717533084433404 3.6983620574603702 0.050592076052200174 23.335859089630141 0.0020489824883557486 0.17480344452118943 26.42628042405488 0.38195757754147064 0.0012777511728927493 0.22711350023749177 952.39877511407917 3.7563591918112236 2.4647269636480007 0.038372831676600216 0.32036633440225937 45.493844915795222 0.089823269424756158 11.394931622545652 95.449774861197511 214.14401599159564 1.1368003364437194 0.57348030819845197 12891.987032398083 9847.4054089679939 39.294129202507683 0.39601561803877883 5.0384620261529784 0.057902504576084923
leaf_count=9914 597 3853 9517 50027 27951 13239 1260 5549 1624 639 58 1331 63202 17198 17245 11878 21812 4477 17564 40329 2000 23451 1944 18647 2240083 856462 70490 1278 31653 5879
internal_value=0.0209021 12.1326 0.0185406 0.00889934 -9.41028 0.237317 4.39277 46.7364 0.1349 -3.43244 59.7587 -26.712 0.19167 0.0109233 0.135339 -3.98028 -13.9306 0.0119438 -1.74607 -2.00869 0.0127582 0.352148 -3.64335 -6.28496 0.00889136 0.00658622 -0.0239541 -2.20488 -8.96124 -22.6556
internal_weight=24181.7 3.71202 24177.9 23158.4 3.97607 1019.51 23.514 0.17813 995.997 14.669 0.00332673 0.277706 981.328 23154.5 954.902 2.5031 0.702324 23149 9.72296 13.9667 23139.3 259.638 5.46664 1.71028 22879.6 22784.2 12936.8 44.7865 5.49238 0.453918
internal_count=3571151 4450 3566701 3380349 79309 186352 20106 6867 166246 72297 1318 29282 93949 3301040 92325 29123 22451 3263251 27478 49846 3235773 27928 37789 20591 3207845 3205845 2349383 109300 38810 7157
is_linear=0
shrinkage=0.05


Tree=207
num_leaves=31
num_cat=0
split_feature=4 0 0 9 4 4 3 13 8 3 9 9 8 3 3 9 8 4 3 9 13 8 8 9 11 13 13 3 9 3
split_gain=371745 331892 607204 147543 18584.1 100149 1.03312e+06 280916 98550.8 1.49703e+06 1.0692e+06 60523.4 37020.3 73491 27239.5 24830.2 22938.7 38048.8 34662.8 16778 405459 186673 59485.7 31388.8 12853.2 12688 301104 801422 201038 489202
threshold=15890731.275000002 253.50000000000003 41.500000000000007 2.5000000000000004 1674816.4800000002 1704213.6050000002 161526.34500000003 2.501110429875553e-11 172578.50464285715 156821.69000000003 29.500000000000004 62.500000000000007 204044.63731259969 53994.500000000007 22539.985000000004 1.5000000000000002 205933.97166666671 1921320.5500000003 60121.000000000007 48.500000000000007 1.0000000180025095e-35 326491.22600000008 329290.34272727283 36.500000000000007 3.5000000000000004 1.1596057447604836e-10 7.2986949817277504e-11 50852.55000000001 5.5000000000000009 49735.500000000007
decision_type=2 2 2 2 2 2 2 2 2 2 2 2 2 2 2 2 2 2 2 2 2 2 2 2 2 2 2 2 2 2
left_child=4 2 -2 -4 25 6 -6 -8 9 -7 -11 12 13 -10 -13 -15 -14 18 -18 23 21 -21 -23 -19 -20 26 -1 -28 -27 -30
right_child=1 -3 3 -5 5 8 7 -9 11 10 -12 14 16 15 -16 -17 17 19 24 20 -22 22 -24 -25 -26 28 27 -29 29 -31
leaf_value=0.039748482622929814 -1.1919169595188255 -0.71876857245966974 60.126554190347441 -2.87753965282573 -0.95986108490674327 -1.3124125489412521 58.432441989350707 -0.97900559862473779 -1.0152930619757039 -5.9536708145167072 54.117986258093019 -2.2030915327805518 0.7113780801223869 -1.6251809759468714 -14.061416367140822 -17.447290790486061 -0.97471252470938552 0.090331830337224167 -9.1394272219573907 -0.90720289053564318 0.2630074878312666 27.379463346723654 -1.7321594216119374 -5.2023707987310601 -0.84030025010522713 -0.034811537146009784 -0.64101234539657348 49.142390082553746 -1.6936140981637751 -36.845309296015635
leaf_weight=13262.8794297162 0.73757097619692302 1.3543978988843866 0.006330765307211602 0.0061757788340590127 8.3920835650513759 21.649153668701139 0.036335777907802402 0.20597928640265895 11.124289169876159 0.83605077577217479 1.2452371572653647 1.8906238691274109 154.8168274544314 0.63383196461018876 0.01655711005383631 0.031477825652041602 41.335120640309768 3666.0160389713074 0.91206303146340295 0.82397614580854384 174.76209554251602 1.2314493248529592 0.066634995807447805 1.8036793631881654 0.91402411735046496 5872.4704891732481 2.6778045872242626 0.14257600556903582 5.1070852140935585 0.26149727595497907
leaf_count=2334011 2863 6206 2042 4737 6080 28398 874 1639 28804 10254 1137 12326 3778 3130 8909 12652 24912 387072 11665 2826 4389 43 2205 20631 1709 602807 5774 3528 20506 12572
internal_value=0.0396838 17.3406 31.7305 56.8953 0.0373701 0.13412 5.22605 47.7898 0.122065 3.2689 35.8848 0.102853 0.107999 -2.57799 -7.10913 -12.4042 0.116469 0.0926015 -1.36677 0.109337 0.583612 18.4441 25.7794 0.0863105 -6.7544 0.0166997 0.0437947 14.0788 -0.0444472 -8.92323
internal_weight=23234.4 2.10448 0.750078 0.0125065 23232.3 4088.74 8.6344 0.242315 4080.11 23.7304 2.08129 4056.38 4054.47 11.7896 1.90718 0.66531 4042.68 3887.87 43.1612 3844.7 176.884 2.12206 1.29808 3667.82 1.82609 19143.5 13265.7 2.82038 5877.84 5.36858
internal_count=3568479 15848 9642 6779 3552631 573433 8593 2513 564840 39789 11391 525051 503816 44586 21235 15782 459230 455452 38286 417166 9463 5074 2248 407703 13374 2979198 2343313 9302 635885 33078
is_linear=0
shrinkage=0.05


Tree=208
num_leaves=31
num_cat=0
split_feature=2 4 3 9 3 13 13 3 14 3 0 2 3 9 13 7 3 7 3 2 3 3 3 7 3 8 6 13 7 7
split_gain=33309.4 24350.1 20692.4 19424.8 21850.8 13529.8 289565 1.10162e+06 211325 296618 64357.8 148781 108077 88329 41546.5 313486 167858 53139.2 271384 40370.8 32489.1 26595.9 59139.8 26401.6 25134.3 22084.5 21822.9 18629.2 16899 418940
threshold=171.64000000000001 11795543.310000001 431.50000000000006 135.50000000000003 31471.275000000005 1.1596057447604836e-10 7.2986949817277504e-11 278687.50000000006 2.3374013835564261e-10 21564.500000000004 253.50000000000003 30273.515000000003 32558.170000000002 7.5000000000000009 14054.400000000001 4545426.995000002 49735.500000000007 2346013.7200000002 50075.000000000007 33214.085000000006 53994.500000000007 267587.45500000002 59101.805000000008 15070.120000000001 4068.5000000000005 588944.58600000013 27.500000000000004 1817258.5650000002 950560.71000000008 963374.64500000014
decision_type=2 2 2 2 2 2 2 2 2 2 2 2 2 2 2 2 2 2 2 2 2 2 2 2 2 2 2 2 2 2
left_child=-1 3 -3 5 -5 6 25 -8 9 -7 14 12 23 21 15 17 -17 19 -19 -10 -20 22 -13 -12 -15 26 28 -25 -2 -30
right_child=1 2 -4 4 -6 8 7 -9 10 -11 11 13 -14 24 -16 16 -18 18 20 -21 -22 -23 -24 27 -26 -27 -28 -29 29 -31
leaf_value=-6.8586975160523069 0.021300566473177067 -0.695428294805297 -9.2509975304746579 -1.1477331936901747 -8.4864199746391105 -1.7983966230223687 -2.40291254582664 57.416663301523876 -7.959307603469596 -33.658348761141092 -0.68919058801297828 -0.97143072951376441 -0.37892981008981208 -0.23175434968816944 0.01570510249342703 -3.5293976513978502 -34.944521822359881 -1.0034972226590975 -0.13622139574528094 -0.21384890243030119 -29.895381898170427 -0.072068724026554856 -6.399095108921184 -28.15227572303132 -15.411244311135505 -5.4519854738890361 -4.9712892817388123 0 18.667788633231115 0.12094262238362984
leaf_weight=0.75583627892046834 11390.965054777624 1.9749353445326985 0.28960589964890138 8.2622503904324223 0.24603501658453097 2.4968873914315379 2.6050695145768246 0.050395064055920424 0.7020797946029792 0.11234672207841745 0.16917620607525938 44.030468252540047 0.88230366525995418 0.38207530669565332 8326.4809191686927 1.1936343337801298 0.0085863275702927622 8.9023648310968078 0.11121866575301502 156.35213288183886 0.023441787657937432 63.124620323508331 4.7596240306900972 0.031678787063146113 0.34125991986614662 0.82149795583063578 1.1602146636596433 0.062565298554375204 2.0467134586942839 4869.6951186707884
leaf_count=14092 2042609 16721 16621 4318 3121 16682 11003 3836 2962 12812 47 65198 5374 8036 742013 20147 11716 15132 309 21959 8473 25993 9965 6995 8591 19796 20704 51 3977 431518
internal_value=0.0277878 0.0282727 -4.28973 0.0288382 -2.23068 0.0297008 0.0565259 14.1275 -0.0209805 -12.1171 -0.0159061 -1.19193 -14.25 -0.934832 -1.28716e-05 -0.777798 -19.522 -0.526069 -4.05444 -0.298644 -27.1029 -0.754833 -1.6189 -23.6329 -12.1832 0.0533599 0.0539735 -26.5457 0.0546379 0.132565
internal_weight=24889 24888.3 2.26454 24886 8.50829 24877.5 16267.3 2.65546 8610.17 2.60923 8607.56 113.784 1.14572 112.638 8493.77 167.293 1.20222 166.091 9.03703 157.054 0.13466 111.915 48.7901 0.26342 0.723335 16264.7 16263.9 0.0942441 16262.7 4871.74
internal_count=3570771 3556679 33342 3523337 7439 3515898 2533443 14839 982455 29494 952961 130250 12467 117783 822711 80698 31863 48835 23914 24921 8782 101156 75163 7093 16627 2518604 2498808 7046 2478104 435495
is_linear=0
shrinkage=0.05


Tree=209
num_leaves=31
num_cat=0
split_feature=9 2 4 13 9 9 2 4 14 8 13 2 4 8 14 0 9 7 2 13 13 7 13 6 13 0 0 2 2 0
split_gain=661785 191317 75246.2 47932.4 33228.6 25646.1 19480.3 558914 822029 101810 20568.6 151730 260948 124570 123033 109973 181960 159452 119534 81348.4 36775.7 216364 66837.9 32607.4 26580.4 24774.6 24516.6 181884 41893 23294
threshold=263.50000000000006 510.46000000000004 9540369.8850000035 30547.78000000025 120.50000000000001 2.5000000000000004 1321881.0250000001 4184626.8900000006 94012.620000000039 323643.99625000008 5.8662408264353884e-11 583963.12000000011 1.0000000180025095e-35 172578.50464285715 5.8435034588910652e-11 216.50000000000003 5.5000000000000009 4243089.5500000017 31213.930000000004 168555.16000000003 46370.130000000041 4545426.995000002 8662.8550000000214 15.500000000000002 8.2218321040272723e-10 307.50000000000006 18.500000000000004 48479.575000000004 232599.43000000002 260.50000000000006
decision_type=2 2 2 2 2 2 2 2 2 2 2 2 2 2 2 2 2 2 2 2 2 2 2 2 2 2 2 2 2 2
left_child=1 3 4 -1 6 -4 10 -8 9 -9 11 26 13 -13 25 20 18 -18 19 -17 21 23 -23 -16 -25 -12 27 -3 -29 -20
right_child=-2 2 5 -5 -6 -7 7 8 -10 -11 14 12 -14 -15 15 16 17 -19 29 -21 -22 22 -24 24 -26 -27 -28 28 -30 -31
leaf_value=-23.665017659679421 27.269937297189461 -16.613725629043909 -2.4093858466421416 -3.0430623383031179 -2.8753262691182266 -13.217771304998791 0.21662575926139513 -0.2334168935685689 -1.3962911219619023 61.012643226605704 -14.813802883451221 -35.728271105566385 -2.3087662347738251 -0.30373956979834577 -0.40216262890144966 -18.613318266639517 -4.8306555012426502 -28.595012412471643 -1.8229528838531288 -2.7894885910470961 0.0015078649283437578 -23.415358200379366 -1.3680129417906555 -11.596938065041979 -0.88835682694193641 -0.60833417894884023 0.059681145588824237 -0.17010722713685028 -2.9908994563454816 -0.42261931771372013
leaf_weight=0.035094785920344762 1.2277260539303814 0.72307427162451077 1.9570385417677321 0.87784566507459239 8.9115802565720497 0.34018607253218824 466.69718694999045 0.064459294094597913 1.2682590179862665 0.0031913877472986843 0.69411035025366763 0.017240846686302769 6.3520498470596802 0.35153648265879822 295.50287580693515 0.5674448551048229 4.1506503049103527 0.048935479004715066 39.705174028688234 2.6334834057518473 6745.8305242172091 0.34808141684259886 0.64013585158449282 0.18488860315338373 1.5030807229755085 0.48456677939104265 14556.641907647969 258.64923101104438 12.879585822746888 113.39151434382758
leaf_count=40684 138 123656 21238 1752 11362 36707 27683 1437 5552 1003 17561 9367 37595 1196 71699 7844 20241 23551 78384 8302 635769 23609 2935 8563 2475 813 2238304 29180 16687 67199
internal_value=0.0193309 0.0166344 0.0179769 -15.795 0.0190822 -7.5348 0.020356 0.339213 24.7363 57.0916 0.01357 0.0472312 -6.96026 -26.8559 -0.0557304 -0.0521299 -1.34218 -10.5548 -1.02909 -9.35886 -0.0225491 -0.565002 -17.0075 -0.453458 -5.94118 -11.9358 0.0508766 -0.418359 -0.31441 -0.795297
internal_weight=22522.7 22521.5 22520.5 0.91294 22518.2 2.29722 22509.3 468.033 1.33591 0.0676507 22041.3 14835.6 6.72083 0.368777 7205.69 7204.51 160.497 4.19959 156.298 3.20093 7044.01 298.179 0.988217 297.191 1.68797 1.17868 14828.9 272.252 271.529 153.097
internal_count=3572486 3572348 3529912 42436 3471967 57945 3460605 35675 7992 2440 3424930 2455985 48158 10563 968945 950571 205521 43792 161729 16146 745050 109281 26544 82737 11038 18374 2407827 169523 45867 145583
is_linear=0
shrinkage=0.05


Tree=210
num_leaves=31
num_cat=0
split_feature=2 4 8 3 13 13 2 2 4 4 2 4 3 2 7 3 13 2 3 13 7 9 3 3 7 4 2 7 4 9
split_gain=235644 944894 52613.3 1.45366e+06 233969 53296 23694.7 934436 452511 22744.4 17350.9 45792.6 1.16308e+06 22805.1 19027 18158.1 2.05396e+06 61341.8 67603.4 104227 58571 14886 23515.6 14492.4 13868.9 518833 860906 194436 960223 69856.8
threshold=510.46000000000004 1.0000000180025095e-35 559826.5881666668 249695.94000000003 24878.410000000007 704625.95500000031 1169.3550000000002 1003.455 1.0000000180025095e-35 1.0000000180025095e-35 946715.66500000015 1.0000000180025095e-35 1877.0800000000002 833148.21000000008 541798.83500000008 500122.64000000007 1.4042598195374014e-09 583963.12000000011 121858.00000000001 16893.145000000004 469205.93500000006 135.50000000000003 26836.000000000004 78786.345000000016 2407600.6450000009 57372.020000000011 294976.2950000001 2439529.1000000001 2396134.8900000001 3.5000000000000004
decision_type=2 2 2 2 2 2 2 2 2 2 2 2 2 2 2 2 2 2 2 2 2 2 2 2 2 2 2 2 2 2
left_child=1 -1 6 5 -5 -4 7 9 -9 -2 13 12 -12 15 -13 17 -17 21 -19 -20 -18 24 -23 -16 -8 26 -26 28 -27 -28
right_child=2 -3 3 4 -6 -7 10 8 -10 -11 11 14 -14 -15 23 16 20 18 19 -21 -22 22 -24 -25 25 27 29 -29 -30 -31
leaf_value=50.510392600046714 0.33987071514363687 -13.029001883773951 -10.074772297211574 -3.5861070675979714 36.474832333600574 -0.13371525042405882 -0.00050186794584663975 59.06523655830761 -2.9178198894152181 -5.8512411223734802 49.899127523946483 0.21582273804096488 -0.35629297995723364 -5.6961313363768298 -1.0899179607746643 -62.79633970347782 -0.0067570138949912375 -1.5359257626427394 -22.924997434474392 -1.0802155509006242 -9.9653487863436734 -0.8576795719483683 -8.1430112036835123 -7.0765694804508561 -2.2463580246397452 -1.3249296564735775 -0.23629454915317707 0.073134112333138296 47.702396658248091 59.767587047823071
leaf_weight=0.048398470685917405 140.05888114065124 0.63982665624485602 0.38073503193721947 0.22096730772908157 2.2558899409427946 58.854905829418712 17490.336381896279 0.0057900180108752522 0.2901765124551699 0.50118502136439147 0.22192327458980443 725.86109382076472 19.682916348272339 0.74955225562371097 6.2918230492769682 0.31261353730030705 228.38972388194571 10.557553473012458 0.048967631575268178 1.3628543737779621 0.48610061796062964 8.838362006118416 0.32724534165316477 0.35289429011452167 1.2776490792283555 4.4650699828451463 0.042529858407210727 4730.3268869829608 0.26802297539522957 0.014058373512604597
leaf_count=37337 36223 4958 28392 7263 9021 17653 2416168 12154 1596 4604 1227 12067 7927 13132 40430 288212 36638 45669 2767 1622 151950 3687 2697 5299 2093 4514 86 374590 510 344
internal_value=0.0292358 18.7088 0.0278887 1.47419 32.8959 -0.363889 0.0240065 0.668253 42.9315 0.276582 0.0200713 0.256096 2.56394 0.0121595 0.189967 0.0126034 -0.4292 0.017174 -3.42048 -11.0311 -0.0711884 0.0191784 -1.89373 -2.29261 0.0200527 0.0959406 23.663 0.0843039 9.28677 57.1239
internal_weight=23433.5 0.688225 23432.8 61.7125 2.47686 59.2356 23371.1 140.856 0.295967 140.56 23230.2 752.411 19.9048 22477.8 732.506 22477.1 229.188 22247.9 11.9694 1.41182 228.876 22235.9 9.16561 6.64472 22226.7 4736.39 1.33424 4735.06 4.73309 0.0565882
internal_count=3570830 42295 3528535 62329 16284 46045 3466206 54577 13750 40827 3411629 66950 9154 3344679 57796 3331547 476800 2854747 50058 4389 188588 2804689 6384 45729 2798305 382137 2523 379614 5024 430
is_linear=0
shrinkage=0.05


Tree=211
num_leaves=31
num_cat=1
split_feature=2 2 2 13 4 2 0 8 8 0 3 0 2 14 3 13 3 1 3 2 3 3 0 4 13 2 3 12 3 13
split_gain=577233 704727 77097.3 24145.5 14059.9 589315 600200 15358.2 1.04978e+06 355316 58408.1 11749.7 51158.4 31339.6 106432 38149.2 30587.5 27099.1 1.88909e+06 909225 578992 130309 89870.4 49895.2 20962.6 618192 3.63886e+06 286942 533460 102946
threshold=171.64000000000001 1.0000000180025095e-35 510.46000000000004 61577.530000000006 10122339.550000003 308411.78000000009 230.50000000000003 559826.5881666668 588944.58600000013 243.00000000000003 53994.500000000007 122.50000000000001 1341.9300000000003 1171864.6500000001 52787.680000000008 790694.30500000028 1.0000000180025095e-35 0 106760.50000000001 94753.440000000017 100.26000000000001 111647.50000000001 281.50000000000006 630510.03000000014 5.8662408264353884e-11 504559.37500000006 423012.74500000005 1.0000000180025095e-35 52787.680000000008 3354.1400000000008
decision_type=2 2 2 2 2 2 2 2 2 2 2 2 2 2 2 2 2 9 2 2 2 2 2 2 2 2 2 2 2 2
left_child=1 -1 3 -2 7 -6 -7 11 9 -9 -10 -4 16 17 -15 -16 -13 24 19 20 -19 -20 23 -21 25 -14 -27 28 -26 -29
right_child=2 -3 4 -5 5 6 -8 8 10 -11 -12 12 13 14 15 -17 -18 18 21 22 -22 -23 -24 -25 27 26 -28 29 -30 -31
leaf_value=50.966447155013348 -15.577646700452863 -7.6290717372399701 0.059465302570377049 -1.0419797341314962 0.17934478642659418 -3.4441336442905577 50.28793770857785 -2.1161355073496031 -0.34615723427465334 58.165503038729959 -11.025607874550481 -0.80945455560210311 0.022436736424222337 -0.69751740328849121 -15.972054854319419 -1.801739552370293 -13.220703856748361 -0.88428355378525048 -1.4776232141133629 -13.042117141737023 -60.869697534819551 -71.377897159391068 0.1686527208543033 -2.5474128846796784 -2.0401768145002661 -3.9412215352746873 91.976587443985267 -3.3423645604962369 -43.495897237992857 -0.073850669043256795
leaf_weight=0.20074051544661276 0.033147895356838486 0.50791355060273458 8202.1371666200193 0.61237975202207318 402.75520182927846 0.71833781053953838 0.17818723592722396 0.23095774790170392 26.902105562462154 0.041947813172484583 0.3489832888677985 1.1153799255521462 10939.519106654554 47.514144864424154 0.61099441717267255 1.0881099319365177 0.16426059125977621 0.71985440569360726 0.11789446373238387 0.7774009630307902 0.0078034793100432145 0.0016417555637662359 241.85656821382906 5.1935582444494717 3.1383197394465863 4.3983689467150135 0.2487185777153752 23.296925470880524 0.081493458720643619 2850.7001865524985
leaf_count=2 27186 14034 818377 1097 33374 8880 7939 5557 30474 1722 16851 17895 594404 43423 16795 7274 33958 327178 8607 131454 459965 509821 55319 103977 19000 11992 558 33529 3261 227135
internal_value=0.0200453 29.0805 0.0178621 -10.8045 0.0186442 0.310741 28.1174 0.013355 1.17283 45.5615 -0.868529 0.0118726 -0.0157742 -0.0145636 -1.26147 -10.9289 -7.50542 -0.0101125 -0.516156 -0.243937 -36.3906 -65.3413 0.0079967 -5.58942 -0.000596884 0.0309768 16.5699 -0.120668 -13.1495 -0.101501
internal_weight=22755.2 0.708654 22754.5 0.645528 22753.9 403.652 0.896525 22350.2 27.524 0.272906 27.2511 22322.7 14120.6 14119.3 49.2132 1.6991 1.27964 14070.1 248.675 248.555 0.727658 0.119536 247.828 5.97096 13821.4 10944.2 4.64709 2877.22 3.21981 2874
internal_count=3571038 14036 3557002 28283 3528719 50193 16819 3478526 54604 7279 47325 3423922 2605545 2553692 67492 24069 51853 2486200 1596321 1077893 787143 518428 290750 235431 889879 606954 12550 282925 22261 260664
cat_boundaries=0 1
cat_threshold=2
is_linear=0
shrinkage=0.05


Tree=212
num_leaves=31
num_cat=1
split_feature=2 14 0 2 1 2 3 3 2 0 4 3 14 3 3 3 9 0 13 12 14 11 9 3 2 4 3 3 2 0
split_gain=380606 975346 54280.8 86441.1 46077.3 102105 103789 65361.8 57116.7 172919 36873.1 29078.6 23149.2 37232.5 20566 16339.5 42296 19521.6 16514.6 563382 319081 15804.2 14814.7 24177.3 14382 13623.2 12298.9 18804.8 9481.08 118662
threshold=171.64000000000001 1672366.2850000004 1.5000000000000002 407610.41000000009 0 1169.3550000000002 163.50000000000003 106760.50000000001 89263.535000000018 175.50000000000003 10869669.15 66098.000000000015 665199.71000000031 91389.24500000001 3610.2900000000004 1161.5000000000002 7.5000000000000009 260.50000000000006 2020486.4450000005 3.5000000000000004 2102314.9150000014 5.5000000000000009 135.50000000000003 30920.500000000004 1341.9300000000003 4184626.8900000006 125479.34000000001 102884.74500000001 677.47000000000014 171.00000000000003
decision_type=2 2 2 2 9 2 2 2 2 2 2 2 2 2 2 2 2 2 2 2 2 2 2 2 2 2 2 2 2 2
left_child=1 -1 3 -2 8 6 -6 -8 9 28 15 -11 26 -14 -12 16 17 25 21 20 -20 22 24 -24 -17 -7 27 -10 -4 -30
right_child=2 -3 4 -5 5 10 7 -9 12 11 14 -13 13 -15 -16 18 -18 -19 19 -21 -22 -23 23 -25 -26 -27 -28 -29 29 -31
leaf_value=-3.8288914831129564 -0.24892069951893558 56.106218899655794 0.26792815775931705 5.8879561086893561 -1.8067791582774024 -0.054478811224820102 -24.156622966895981 -0.14700500171544525 0.13420640591620553 1.6444484175421512 -0.8017211409180055 3.3661149555483387 -1.0046058347242297 -10.388209929549912 -10.646878251254273 0.70155932176343405 -1.2694448846503872 -1.7379556636306717 36.610599996405362 0.19154838440373262 -0.33743138833941999 -2.2857153449390326 -0.80487698460720647 -8.5809687314166592 0.016992528751115409 -1.9553928652981989 -0.20398206819372536 0.66381287053393478 -10.623009969003762 0.051257963114793484
leaf_weight=1.5550201151593936 12.91677792328265 0.065910777408744958 184.45660247758059 9.2126141891116209 3.4941474394020111 2717.2349580071414 0.13600846226995722 0.3946993350982666 1224.0631257591074 52.422020591078685 1.2373667586224286 52.254732011216127 15.191605915969053 0.16817922914365446 0.25182965778289079 76.022079873393523 74.763919123008691 16.469751161234853 0.66957172162053247 412.79662214359706 0.87071714837603931 6.4425193860442951 6.4055085847360278 0.24996216982958408 19876.28450537008 8.4592770819267553 208.14621524885411 193.39222867018816 1.73974410239225 52.199241638183594
leaf_count=13935 2039 131 81 129 29221 677363 37317 15748 170742 15351 13399 2428 62923 7512 18240 8664 314563 139911 251 24000 2808 20204 2455 2893 1923567 29329 18538 4121 13317 4
internal_value=0.0306734 19.0834 0.0286911 2.44979 0.0264665 0.00662539 -7.12002 -18.0649 0.257046 0.844104 0.00817178 2.52767 0.135434 -1.73636 -6.07699 0.00882461 -0.104026 -0.0717983 0.0244276 0.336486 23.8114 0.0179348 0.0187931 -2.18032 0.0196361 -0.0610952 0.15418 0.206884 0.0973769 -0.480032
internal_weight=25210 1.62093 25208.3 22.1294 25186.2 23202.2 4.02486 0.530708 1984.03 343.072 23198.2 104.677 1640.96 15.3598 1.4892 23196.7 2816.93 2742.16 20379.7 414.337 1.54029 19965.4 19959 6.65547 19952.3 2725.69 1625.6 1417.46 238.396 53.939
internal_count=3571184 14066 3557118 2168 3554950 3259933 82286 53065 295017 31181 3177647 17779 263836 70435 31639 3146008 1161166 846603 1984842 27059 3059 1957783 1937579 5348 1932231 706692 193401 174863 13402 13321
cat_boundaries=0 1
cat_threshold=16
is_linear=0
shrinkage=0.05


Tree=213
num_leaves=31
num_cat=1
split_feature=4 0 2 3 3 1 2 3 7 3 2 0 3 2 0 2 2 13 13 4 13 7 7 13 0 7 3 13 13 0
split_gain=372459 959970 92640.9 38120.8 45271.4 26858.1 61783.2 61632.5 58183.5 45008.8 34370.4 718537 18578 171820 51157.9 50298.1 35823.7 28310.7 24911.4 19634 17918 17820.2 1.25769e+06 352330 124483 70127.4 48747.4 24363.4 23144.3 529989
threshold=11795543.310000001 5.5000000000000009 510.46000000000004 163.50000000000003 106760.50000000001 0 1341.9300000000003 1.0000000180025095e-35 541798.83500000008 52787.680000000008 87477.99000000002 194.50000000000003 16624.085000000003 15015.625000000002 275.50000000000006 14657.960000000001 15015.625000000002 168555.16000000003 704625.95500000031 4704807.2950000009 5.8662408264353884e-11 6317939.5900000008 6883727.1700000009 496687.33000000007 129.50000000000003 5342983.4350000015 53994.500000000007 590871.51000000013 103157.41500000008 31.000000000000004
decision_type=2 2 2 2 2 9 2 2 2 2 2 2 2 2 2 2 2 2 2 2 2 2 2 2 2 2 2 2 2 2
left_child=2 -2 3 -1 -5 8 7 -7 10 -10 11 -4 14 15 19 18 17 -16 -14 -8 -18 25 23 24 -23 -15 -27 -28 29 -24
right_child=1 -3 5 4 -6 6 12 -9 9 -11 -12 -13 13 21 16 -17 20 -19 -20 -21 -22 22 28 -25 -26 26 27 -29 -30 -31
leaf_value=-2.3304928346920466 53.249335957064545 -6.3789248871805162 0.056943818500912104 -20.191325694932431 -0.10862205839233706 -1.3446008733728017 -0.055335779266623142 -16.21793192840974 -1.5427781794615911 -9.5577156261183109 0.13723975395533505 9.3056949767768717 -19.542468785614361 0.023860637391227846 -9.637432745216163 -1.3838576289130353 -0.83220834976416702 -0.49085204719789605 -1.4495250656165704 -1.8446580289695516 -3.5254668275123779 16.04029308281476 0.049811749735319315 55.814537727370649 -6.665331078304515 -0.68945465648906479 -18.069735826594929 -0.78185429594283107 0.18424710309359879 -33.172266818332865
leaf_weight=1.9693936643254906 0.14375265417213756 1.2063714284614173 289.49518535345669 0.037254917727966741 0.4003121554851532 2.3098921202502214 4781.5027746481901 0.14924872631738484 19.004942134026464 1.0223171530266224 1167.6029211983823 21.643887388104986 0.59309000636813392 16430.827299692253 1.3498113345503373 1.0271028810960314 53.320201330021781 1.5008471616901888 0.41248389759600923 14.381679177285148 6.2055609108281748 2.7796334756354106 33.492717742919879 0.077735337186678133 0.15320097682068379 1.4231785105341066 0.087444559577075143 0.36857741823957862 674.47784984528096 0.2449800471579654
leaf_count=14925 55 33179 7335 19339 8016 23199 1229365 45791 168181 27011 78415 6213 387968 1098512 76890 6488 169500 732 3914 50535 39385 745 30 2182 6789 4471 13746 3732 18180 26089
internal_value=0.0203004 19.9244 0.0183095 -8.22604 -14.678 0.0195039 0.00549633 -6.6762 0.223508 -2.38723 0.26197 0.728086 0.00654914 0.0310052 -0.0797498 -11.8692 -1.49105 -6.2012 -16.5466 -0.061086 -1.16667 0.0331087 0.277963 28.1988 13.4597 0.0224945 -7.78012 -14.2339 0.119673 -1.13927
internal_weight=23509.2 1.35012 23507.9 2.40696 0.437567 23505.5 22006.7 2.45914 1498.77 20.0273 1478.74 311.139 22004.2 17146 4858.26 2.03268 62.3764 2.85066 1.00557 4795.88 59.5258 17143.9 711.226 3.01057 2.93283 16432.7 1.8792 0.456022 708.216 33.7377
internal_count=3570912 33234 3537678 42280 27355 3495398 3208243 68990 287155 195192 91963 13548 3139253 1572846 1566407 398370 286507 77622 391882 1279900 208885 1174476 54015 9716 7534 1120461 21949 17478 44299 26119
cat_boundaries=0 1
cat_threshold=16
is_linear=0
shrinkage=0.05


Tree=214
num_leaves=31
num_cat=1
split_feature=2 11 1 2 2 2 0 0 3 7 2 3 3 2 2 11 14 14 3 7 3 2 8 3 0 2 2 2 0 7
split_gain=372871 255213 57957.4 139229 73129.9 3.8429e+06 109892 1.19362e+06 62894 48995 6.78395e+06 4.29568e+06 23872.4 23356 1.00026e+06 385197 23165.4 37590.5 26019.4 23812 19138.4 76705.4 42394.4 47790.7 35007.4 41057.9 22706.3 18395.4 1.00618e+06 224288
threshold=171.64000000000001 4.5000000000000009 0 1169.3550000000002 89263.535000000018 80231.920000000027 216.50000000000003 224.50000000000003 100.26000000000001 10160470.140000002 242443.20000000004 423012.74500000005 148202.00000000003 1522.4100000000001 1341.9300000000003 1.5000000000000002 665199.71000000031 657235.12500000035 102884.74500000001 541798.83500000008 4068.5000000000005 4486.6800000000012 536915.17125000001 53994.500000000007 249.50000000000003 32183.350000000002 8412.3350000000009 5775.4400000000014 298.50000000000006 4910552.3550000014
decision_type=2 2 9 2 2 2 2 2 2 2 2 2 2 2 2 2 2 2 2 2 2 2 2 2 2 2 2 2 2 2
left_child=1 -1 4 8 5 6 -2 -8 -4 13 -11 -12 -10 14 15 -5 17 19 -18 -6 24 -22 27 -24 -15 26 -26 28 -23 -30
right_child=2 -3 3 9 16 -7 7 -9 12 10 11 -13 -14 20 -16 -17 18 -19 -20 -21 21 22 23 -25 25 -27 -28 -29 29 -31
leaf_value=-9.3010472854799726 0.029922938465210165 24.431936691335604 -2.0616591014826304 -2.9971000626477933 0.14649518679496346 56.063036487587766 27.154106738594578 0.50937658831879629 -19.808920664472101 0.019420504098095311 -3.8606506591769669 152.61374115730638 -0.070465074009894879 -0.084074282581068749 -0.13766960032451767 58.028437067475934 -1.0694841112121087 1.8767032701781261 -8.4658771357510432 -2.7587684809077935 -9.8413979134922087 0.20379566098364565 -0.95051774622278529 -11.028706863376847 -1.9785104307911601 -0.90361560715634137 -10.627522322137944 0.023153404772215599 -0.37492900822254915 50.960485923830234
leaf_weight=0.1561479987629032 282.57118337171357 1.4694735629038715 1.6290650283930106 0.22000701933140868 1270.7875577546274 2.1362117374711138 3.5000387650724454 64.400391834999397 0.40853605307588114 255.48209419735031 0.61757004794890136 0.19368587881035637 0.18048430979251862 2959.2816435087461 42.446579091053493 0.042684003148517807 12.557766874386246 30.591413995265157 0.37629724655748198 6.0940495961403931 0.96925560191448212 203.85478449358172 4.01914609909843 0.80499954304352606 2.4362601935063015 63.258001677511928 0.74031395010382306 17753.842092551295 0.24073252081896512 0.20088085532188416
leaf_count=14036 17974 80 28414 14196 79268 3164 29 10114 41410 26274 7761 3174 12814 878406 14945 282 63353 681 6860 113671 138518 51794 9373 21159 59844 197860 87132 1664693 4023 36
internal_value=0.040271 18.8815 0.0381148 0.0157541 0.320487 0.961047 0.466619 2.25707 -10.3835 0.017333 0.703124 97.1276 -17.6145 0.00894287 1.16354 45.018 0.151253 0.172742 -1.87715 0.130478 0.00653796 0.0261341 0.0272147 -4.23798 -0.109775 -1.23629 -6.05733 0.0285966 0.499185 42.1245
internal_weight=22965.5 1.62562 22963.9 21290.9 1673.01 352.608 350.472 67.9004 2.21809 21288.7 256.293 0.811256 0.58902 21032.4 42.7093 0.262691 1320.41 1307.47 12.9341 1276.88 20989.6 17963.9 17963 4.82415 3025.72 66.4346 3.17657 17958.1 204.296 0.441613
internal_count=3571338 14116 3557222 3262108 295114 31281 28117 10143 82638 3179470 37209 10935 54224 3142261 29423 14478 263833 193620 70213 192939 3112838 1889596 1751078 30532 1223242 344836 146976 1720546 55853 4059
cat_boundaries=0 1
cat_threshold=16
is_linear=0
shrinkage=0.05


Tree=215
num_leaves=31
num_cat=0
split_feature=4 8 3 3 2 11 3 13 8 4 2 3 0 14 14 14 3 0 9 3 4 7 3 13 3 14 0 9 3 2
split_gain=58496.4 13919.8 74174.4 12680.7 10092.1 9307.34 31424.9 18783.2 13674.1 10217.5 125407 73636.8 42421.1 40229.1 145399 663827 30381.2 19696 18318.4 46589.1 14291.6 32173.9 40086.3 153477 28357.7 1.09769e+06 23347 75577.2 534199 20477.1
threshold=10869669.15 559826.5881666668 31191.500000000004 53.045000000000009 1522.4100000000001 7.5000000000000009 309164.30000000005 1574017.4100000001 306394.15906250005 1.0000000180025095e-35 1341.9300000000003 1.0000000180025095e-35 1.5000000000000002 458403.92500000005 385091.82000000007 390167.12500000017 55428.500000000007 315.00000000000006 111.50000000000001 44568.545000000006 254612.56500000003 97983.960000000006 94470.000000000015 1319.7350000000004 692315.43000000005 96910.95500000006 282.50000000000006 14.500000000000002 31983.000000000004 583963.12000000011
decision_type=2 2 2 2 2 2 2 2 2 2 2 2 2 2 2 2 2 2 2 2 2 2 2 2 2 2 2 2 2 2
left_child=1 5 -3 -2 -4 7 8 9 -7 13 11 -11 -13 14 17 -16 -15 -1 20 -20 26 22 -22 -24 -23 -26 -12 -28 -29 -30
right_child=3 2 4 -5 -6 6 -8 -9 -10 10 18 12 -14 16 15 -17 -18 -19 19 -21 21 24 23 -25 25 -27 27 28 29 -31
leaf_value=0.056000316423066125 -1.5102476665664826 -0.43577744122362266 -0.090503778637046575 -11.692562418751708 -13.068176975585892 -1.3130473592940539 1.7548167520438818 -1.9272237426539034 0.17282264872408515 -2.595746337810922 -0.062872242505583806 -0.021179238902805302 -23.656617414162053 -1.5675784058773992 33.333519664808605 -1.0053897114751209 -9.6135317898349868 -4.0727886770904913 -0.79231988775727258 -11.130879256592063 -0.57709439781615801 0.025289549962502125 -16.138347973994968 -0.36222147814939681 48.018440181557928 -0.24239135811546852 -0.31140211433501541 -0.90825854999343303 -37.059366635869779 -0.5131770485940983
leaf_weight=7423.366323963819 0.86740420238458582 22.999751574078161 0.18424738943576957 0.26752039575911102 0.40648210849185884 15.028926088448314 30.481082689691789 11.529310312231244 459.81695425359351 2.1696421589435215 5171.2823482581771 0.23485483229160309 0.041871042595242325 5.6726954221560231 0.81998003704835465 5.9674778668642263 0.69773981470804436 1.8897715556686296 9.6518429294286321 0.25933747925377737 76.413811562383003 11211.640565611706 1.0478067458362375 6.4355842016435947 0.22121836245079052 33.20048865100015 84.774808588898708 10.997506297412523 0.1843196941008878 0.069311819970842542
leaf_count=1467767 19948 32973 135 21886 22263 21339 12096 31352 10845 3366 410887 27 8844 7480 321 3951 3194 24984 7130 4464 44305 1020770 21061 2765 85913 218275 23955 22209 15650 679
internal_value=0.010768 0.0114863 -1.17752 -8.26531 -11.6251 0.0126763 0.224828 0.00821089 0.123124 0.00921914 -0.0125924 -9.54944 -19.3294 0.0579162 0.0615702 6.89009 -3.63428 0.0544006 -0.0106122 -2.05864 -0.0092649 0.0223727 -0.947341 -4.21371 0.0296916 1.46263 -0.0773036 -0.845765 -4.5176 -35.4521
internal_weight=24588.6 24587.5 23.5905 1.13492 0.590729 24563.9 505.327 24058.6 474.846 24047 16608.6 2.44637 0.276726 7438.41 7432.04 6.78746 6.37044 7425.26 16606.2 9.91118 16596.3 11329 83.8972 7.48339 11245.1 33.4217 5267.31 96.0259 11.2511 0.253632
internal_count=3570834 3529000 55371 41834 22398 3473629 44280 3429349 32184 3397997 1890300 12237 8871 1507697 1497023 4272 10674 1492751 1878063 11594 1866469 1393089 68131 23826 1324958 304188 473380 62493 38538 16329
is_linear=0
shrinkage=0.05


Tree=216
num_leaves=31
num_cat=0
split_feature=2 11 2 0 3 8 3 3 8 13 0 6 9 3 2 0 9 3 13 2 8 13 3 14 3 13 3 10 8 9
split_gain=226288 161421 36802.8 771260 152848 18339.5 108900 28755.5 25785.3 17976.2 15071.8 63751.8 513620 73191.2 48630.5 32747.8 173008 327411 35745.8 96791.8 30251.6 29187.8 33342.4 28500.4 83263.5 29782.8 24946.5 21682.1 20742 46978.5
threshold=171.64000000000001 4.5000000000000009 510.46000000000004 281.50000000000006 609.50000000000011 665064.78250000009 249695.94000000003 257253.50000000003 559826.5881666668 716824.68000000005 130.50000000000003 23.500000000000004 13.500000000000002 1585.5000000000002 1341.9300000000003 139.50000000000003 6.5000000000000009 35842.500000000007 24878.410000000007 48479.575000000004 176171.61750000002 93479.135000000024 5994.0850000000009 1171864.6500000001 52787.680000000008 905090.54500000004 188459.50000000003 1.0000000180025095e-35 366523.8269674186 5.5000000000000009
decision_type=2 2 2 2 2 2 2 2 2 2 2 2 2 2 2 2 2 2 2 2 2 2 2 2 2 2 2 2 2 2
left_child=1 -1 3 -2 -5 8 9 -8 10 -7 -4 14 21 -14 27 16 18 -18 19 20 -16 22 -13 28 -25 -26 -21 -12 -17 -30
right_child=2 -3 5 4 -6 6 7 -9 -10 -11 11 12 13 -15 15 23 17 -19 -20 26 -22 -23 -24 24 25 -27 -28 -29 29 -31
leaf_value=-8.1113395373038575 0.39425731672413378 14.664098777595974 0.059336278095091011 39.320886081592356 -1.5505333656872058 -6.6238240874199121 6.0913210320759319 -3.6713903657168623 -5.3361370469911398 -0.20821427195808095 -11.83451613663533 -0.5522559632645917 -1.0683920388473749 -38.256834109493788 -16.542225878100862 0.0064944986291745471 -2.5740981304333705 -28.733301517654112 -0.14978266246753646 -0.76089818146086352 -1.0617217892799404 -0.081625091993252977 -12.007856720960127 -0.79001788832190922 -15.582969363007672 -1.143264133780356 -5.4615399753775762 -0.54925782334028883 -0.26339509805110967 -3.4959305836969898
leaf_weight=0.28578958859871573 104.48995397483259 3.1223789899471668 9995.5769021763772 0.54320969036098077 0.18219643883639947 0.13950875983251876 8.9415426254276547 0.17275051692453836 1.2541965432465065 28.402835958248254 0.25466387764341381 1.6212537714573674 0.21793376047839513 0.10279980179857434 0.3947312357563425 14469.003419426719 7.0990619526116676 0.50460636357544242 425.94599080403543 41.384121648485895 0.59916632215286381 19.684089070007087 0.16875788548179915 31.342604708565919 0.36478652897143715 0.71839659269682832 2.0864918387998079 0.8016674971318396 71.071316946623512 12.398088401640022
leaf_count=14022 24936 75 869932 1226 1957 16692 69 10036 23401 12508 50648 11576 26302 28749 73276 2081631 29078 19589 73859 25643 579 34874 11706 32095 13787 4058 4939 463 21368 51796
internal_value=0.0188283 11.3463 0.016848 0.945603 34.1035 0.0129202 1.10114 5.56109 0.0112425 -0.462895 0.0117228 -0.0198266 -2.66205 -32.9331 -0.015827 -0.0147761 -0.421566 -7.44858 -0.292412 -1.62526 -12.4253 -0.764445 -5.55083 -0.0014154 -1.45975 -11.1546 -1.10437 -7.70446 0.00193379 -0.7793
internal_weight=25228.9 3.40817 25225.5 105.215 0.725406 25120.3 37.6566 9.11429 25082.6 28.5423 25081.3 15085.8 21.7948 0.320734 15064 15062.9 478.014 7.60367 470.411 44.4645 0.993898 21.4741 1.79001 14584.9 32.4258 1.08318 43.4706 1.05633 14552.5 83.4694
internal_count=3570870 14097 3556773 28119 3183 3528654 39305 10105 3489349 29200 3465948 2596016 113207 55051 2482809 2431698 226963 48667 178296 104437 73855 58156 23282 2204735 49940 17845 30582 51111 2154795 73164
is_linear=0
shrinkage=0.05


Tree=217
num_leaves=31
num_cat=0
split_feature=4 3 0 3 13 3 0 7 0 13 2 7 0 11 7 8 3 7 8 14 6 3 8 7 2 3 3 3 14 11
split_gain=70463.5 67865.9 26099.6 35152.5 17835.7 15034.7 11967.5 77792.9 55388.8 128815 105460 134349 96219.4 1.12955e+06 218237 92479.7 489598 71277.6 26488.8 25394.9 106516 90859.1 73216.1 84879.6 48572.1 147401 104249 263817 71363.4 63367.5
threshold=9540369.8850000035 10190.275000000001 322.50000000000006 685.31000000000006 2103345.9350000005 52787.680000000008 129.50000000000003 9199944.9350000005 142.50000000000003 24878.410000000007 48479.575000000004 132139.60000000003 144.50000000000003 1.5000000000000002 559340.20000000007 107376.75750000001 52787.680000000008 132139.60000000003 108818.78933333336 16696.865000000002 17.500000000000004 34775.000000000007 427508.25118750014 433944.65500000003 441427.84500000003 448517.83500000002 448517.83500000002 121858.00000000001 2.3374013835564261e-10 1.0000000180025095e-35
decision_type=2 2 2 2 2 2 2 2 2 2 2 2 2 2 2 2 2 2 2 2 2 2 2 2 2 2 2 2 2 2
left_child=2 -2 4 -4 6 -6 -1 8 9 10 11 -8 13 -10 -15 -12 -17 -18 -19 20 22 -22 24 -24 25 -14 27 -26 -29 -27
right_child=1 -3 3 -5 5 -7 7 -9 12 -11 15 -13 19 14 -16 16 17 18 -20 -21 21 -23 23 -25 26 29 -28 28 -30 -31
leaf_value=0.056394330655461483 -1.4778182720102029 -17.545061686946383 -0.55831911190639438 -10.540277423059553 -1.0533507081327238 -6.1440031026320501 -23.464198860483183 -10.711183012026105 -0.1498666094600907 -0.20034655869316009 -1.0460301493726987 -4.1965824918629524 0.059645860881498015 58.976625202709705 -0.088486653421027212 -1.2046281555311575 -1.1013129431511706 -0.32625292804740069 -37.386929079750644 -0.091236225211093841 -2.2231839940286879 -19.85810022673364 5.5840507377014523 -5.0285221741496837 -1.1355328808378888 -20.889238529548479 -0.46515984385578685 -31.123239716324175 -0.33470250893507181 -0.14016048680188517
leaf_weight=8665.1697143093861 2.1744914845197774 0.099660786300417636 2.8462341759939074 0.36490294669170564 12.51196261779373 0.76668072485076777 0.28012657360808457 0.70084128728376427 13.232299852564569 428.78409275577667 57.932523392168392 5.56632258218771 8211.8676220768411 0.037794343296204763 0.18041654558170864 8.2207717606049009 0.239266073326102 0.068743958139824368 0.32103565532961004 4990.6676961469839 2.6918130905808937 0.1963051279041389 9.8365565063173079 1.4666604793641909 3.8655989613612625 0.200721491994167 20.421186944210831 0.24201271327754109 0.2481169052688898 0.55089576845954524
leaf_count=815058 31575 26358 9265 14183 32415 18789 108037 30643 8040 97248 41141 11290 1204430 83 543 37280 273 101 20104 865583 22030 14453 159 16762 37975 99840 3019 3948 185 1202
internal_value=0.00743746 -7.32707 0.00850748 -3.92741 0.00924604 -1.75733 0.0103707 -0.0186182 -0.0172946 -0.532609 -2.46478 -8.41287 0.00223608 4.08001 50.1524 -1.82755 -6.31743 -31.376 -35.7921 -0.00221321 0.051633 -8.22221 0.0555268 3.90981 0.0497635 0.056559 -2.1173 -8.32907 -26.2247 -14.4464
internal_weight=22441.8 2.27415 22439.5 3.21114 22436.3 13.2786 22423 13757.8 13757.1 501.413 72.6288 5.84645 13255.7 13.4505 0.218211 66.7823 8.84982 0.629046 0.38978 13242.3 8251.59 2.88812 8248.7 11.3032 8237.4 8212.62 24.7769 4.35573 0.49013 0.751617
internal_count=3572012 57933 3514079 23448 3490631 51204 3439427 2624369 2593726 315474 218226 119327 2278252 8666 626 98899 57758 20478 20205 2269586 1404003 36483 1367520 16921 1350599 1305472 45127 42108 4133 101042
is_linear=0
shrinkage=0.05


Tree=218
num_leaves=31
num_cat=0
split_feature=0 2 3 4 3 13 3 9 2 13 7 9 9 7 3 8 6 0 3 2 3 3 2 2 9 13 3 0 2 8
split_gain=232044 1.18477e+06 33617 33261.7 21857.6 15698.1 24031.4 12178 441689 984212 296435 1.02189e+06 107521 85799.6 208401 72958.9 40127.3 85640.4 35261.3 32098.1 25648.8 41335.2 21117.1 17084.6 12111.9 612919 766690 477399 727983 158962
threshold=322.50000000000006 30273.515000000003 1347.3750000000002 11795543.310000001 53.045000000000009 2103345.9350000005 94470.000000000015 32.500000000000007 526820.03500000003 2.0725110516650605e-10 15070.120000000001 47.500000000000007 43.500000000000007 91039.835000000021 30920.500000000004 255896.51250000004 17.500000000000004 120.50000000000001 20962.500000000004 47012.280000000006 6565.5000000000009 7053.5000000000009 15714.230000000001 15015.625000000002 14.500000000000002 8.7766238721087588e-11 68682.785000000018 34.500000000000007 42917.55000000001 118890.20125000003
decision_type=2 2 2 2 2 2 2 2 2 2 2 2 2 2 2 2 2 2 2 2 2 2 2 2 2 2 2 2 2 2
left_child=3 -2 -3 5 -5 7 -7 24 10 -10 11 12 19 14 -12 -11 20 -18 -19 -9 -15 -22 23 -23 -1 27 -27 28 -26 -29
right_child=1 2 -4 4 -6 6 -8 8 9 15 13 -13 -14 16 -16 -17 17 18 -20 -21 21 22 -24 -25 25 26 -28 29 -30 -31
leaf_value=0.007710324395314984 58.64921428282917 -0.56890262598856089 -11.395016284425513 -1.0329957683108688 -11.59127883264631 -0.90198017007707332 -7.9713095143703105 -0.44135894454832364 -4.1064540640039198 60.759321661613228 -1.1821940158793789 -3.0716805858246468 -1.1521309070665084 -1.570391343280086 -23.921759136548459 -0.77740478513929834 -0.10453658338082782 -2.0716973335351767 -17.5694092305624 60.129271165373979 1.9056916398481509 -6.8484405300297713 0.076982262293947085 -0.22202482982679364 50.573949233012385 -4.5055064021302194 -57.967494513189585 -3.0412817070950653 -2.7942769757041259 -0.046527807164961903
leaf_weight=15905.009448658126 0.011214810129936192 2.2598286329806876 0.13643883874776852 1.4052529977341868 0.0046419093597972463 14.077158369491455 0.36258052400435659 0.0074045543398103923 1.2992415899085661 0.00654824730008837 5.6333817598162153 2.1478215497477313 0.03896893261719514 22.477521504426477 0.26012744035310298 0.024223438250694874 5.3103179529611451 0.95957013313983919 0.26354152098043082 0.0013022441469312147 30.012483814810366 0.98684046449899909 4259.1852352297701 2.0457940773708114 0.16754882801857629 2.5991786999041651 0.0090943042020293907 44.215507464641632 1.1972825798141755 2217.6769106169659
leaf_count=2616867 6809 6560 10534 16045 16971 35156 17865 164 20791 501 11806 3474 439 100320 9042 1101 1497 14935 13239 545 635 9480 141272 359 699 36006 18339 89567 4151 364817
internal_value=0.0105118 13.0574 -4.36045 0.00853686 -5.86528 0.00916535 -1.5846 0.0102587 0.0855948 21.8493 0.0738635 15.2971 55.8913 0.0626059 -5.51119 58.5541 0.0714821 -3.5746 -11.8142 59.2421 0.0778313 0.0868276 0.0735749 -3.54309 -0.00769958 -0.115826 -20.7068 -0.082959 22.3706 -0.10639
internal_weight=22519.8 2.40748 2.39627 22517.4 1.40989 22516 14.4397 22501.5 4330.66 1.33001 4329.33 2.1955 0.0476757 4327.13 5.89351 0.0307717 4321.24 6.53343 1.22311 0.0087068 4314.71 4292.23 4262.22 3.03263 18170.9 2265.87 2.60827 2263.26 1.36483 2261.89
internal_count=3569986 23903 17094 3546083 33016 3513067 53021 3460046 329600 22393 307207 4622 1148 302585 20848 1602 281737 29671 28174 709 252066 151746 151111 9839 3130446 513579 54345 459234 4850 454384
is_linear=0
shrinkage=0.05


Tree=219
num_leaves=31
num_cat=0
split_feature=4 9 13 3 13 4 7 13 9 2 3 7 8 3 9 3 4 3 9 2 3 3 4 7 7 3 2 3 9 3
split_gain=579778 737991 495759 1.60817e+06 493413 144589 95971.7 149091 13045.9 744504 1.89912e+06 2.08851e+06 24338.3 37984.8 16759.6 110848 12966 226755 1.22417e+06 48703.5 70299 31601.6 42006.6 25262.5 24086.4 33718.6 20999.2 37868.2 15583.4 23775.1
threshold=15890731.275000002 -1.0000000180025095e-35 2692536.9950000001 91389.24500000001 3534795.9000000004 21941129.980000004 9199944.9350000005 95834.480000000141 90.500000000000014 201885.82500000004 200540.16500000001 286146.32500000007 91934.200000000026 30067.500000000004 85.500000000000014 5014.5000000000009 1648649.7400000002 423012.74500000005 28.500000000000004 359463.52500000008 52787.680000000008 278687.50000000006 1674816.4800000002 293530.27500000008 3828694.1200000001 44568.545000000006 270505.40000000008 115033.45000000001 1.5000000000000002 59101.805000000008
decision_type=2 2 2 2 2 2 2 2 2 2 2 2 2 2 2 2 2 2 2 2 2 2 2 2 2 2 2 2 2 2
left_child=2 5 6 -4 -5 -2 8 -8 14 12 -11 -12 13 -10 16 -16 24 19 23 21 -21 26 -23 -19 -1 -26 28 -28 29 -18
right_child=1 -3 3 4 -6 -7 7 -9 9 10 11 -13 -14 -15 15 -17 17 18 -20 20 -22 22 -24 -25 25 -27 27 -29 -30 -31
leaf_value=-0.020949937816813761 59.941531533262861 -3.2824004035133991 -0.59608334271223995 53.74160685235077 -4.7845737427605721 -0.68349662118070198 -24.141395623886748 -0.95219379048613018 -0.92576397301412738 -1.1253404036800976 106.62876691460318 -6.6329191618899435 0.1051792043942669 -10.478259674670479 -0.11504516195911584 -12.724320972821374 -0.47624758228344916 -1.4131689012638931 56.094045610537734 -1.2354572473301313 -10.586170336147998 2.5632540664111545 0.37645220877882762 -19.050574070814658 -1.0865416896506472 -10.444872096347929 -0.99615846163360977 -10.215820199124806 0.06095752263148705 -5.2409410457936811
leaf_weight=17131.048788957389 0.011934759569288272 0.89199524011134401 7.1676710362201801 1.2377091857032558 0.24655734987096778 0.084073973324473389 0.045811244091432335 2.3213249710048194 5.9673674790317053 3.3319176146271099 0.036475886622523324 0.49097892484864158 989.59021232206646 0.32906097899322784 15.258901601486361 0.9706339804214793 77.892051650947664 0.45011135767501326 0.027897719511202235 17.882904959390494 1.3269598053671483 22.356443405151367 382.07967265498337 0.2625020145326557 5.3616818378929372 0.26372151312654768 12.406645976538211 0.2631952069163227 3021.2977970319016 1.7275743587545225
leaf_count=2869839 419 14893 23596 4943 7286 515 33265 18656 5042 17831 743 2437 26655 4103 11664 17216 40384 4450 14550 82054 11112 106 7044 97250 15533 9755 37753 2512 182368 6315
internal_value=0.00930792 27.0098 0.00683396 11.3361 46.0051 54.6628 0.00179288 -8.43889 0.00310325 0.179418 19.7029 65.8766 0.0840648 -2.79334 -0.00542398 -1.5642 -0.0041245 0.0830058 18.1259 0.0741053 -2.37348 0.0881422 0.503371 -15.2432 -0.0221172 -3.03629 0.0340606 -1.92136 0.0426686 -0.643419
internal_weight=21702.6 0.988004 21701.6 8.65194 1.48427 0.0960087 21693 2.36714 21690.6 999.746 3.85937 0.527455 995.887 6.29643 20690.9 16.2295 20674.6 3537.97 0.740511 3537.23 19.2099 3518.02 404.436 0.712613 17136.7 5.6254 3113.59 12.6698 3100.92 79.6196
internal_count=3570289 15827 3554462 35825 12229 934 3518637 51921 3466716 56811 21011 3180 35800 9145 3409905 28880 3381025 485898 116250 369648 93166 276482 7150 101700 2895127 25288 269332 40265 229067 46699
is_linear=0
shrinkage=0.05


Tree=220
num_leaves=31
num_cat=0
split_feature=0 3 4 4 13 3 0 7 13 3 0 0 3 12 4 0 2 0 3 2 2 6 3 3 2 3 3 2 0 6
split_gain=39998.8 30023.8 19746.7 24222.2 15655.8 16687.2 8129.24 27560.1 247981 178243 24832.2 21006.9 40274 18886.1 16825.9 14423.3 98514.3 97111.2 1.01734e+06 325768 53331.8 48373.3 80566.5 31641 25120.6 24715.8 25998.4 23544.8 12497.2 104374
threshold=322.50000000000006 142.50000000000003 13133900.195000002 11795543.310000001 2103345.9350000005 30649.500000000004 213.50000000000003 5342983.4350000015 30547.78000000025 1.0000000180025095e-35 225.50000000000003 210.50000000000003 31471.275000000005 3.5000000000000004 274325.98500000004 233.50000000000003 2897.6900000000005 232.50000000000003 121858.00000000001 161280.05000000002 127513.48500000002 17.500000000000004 41418.500000000007 2836.5000000000005 30273.515000000003 91389.24500000001 100.26000000000001 10060.850000000002 122.50000000000001 23.500000000000004
decision_type=2 2 2 2 2 2 2 2 2 2 2 2 2 2 2 2 2 2 2 2 2 2 2 2 2 2 2 2 2 2
left_child=2 -2 3 4 6 -6 11 13 9 -9 -11 28 -13 15 -14 17 25 -8 -19 20 -20 23 -23 24 27 26 -17 -18 -1 -30
right_child=1 -3 -4 -5 5 -7 7 8 -10 10 -12 12 14 -15 -16 16 21 18 19 -21 -22 22 -24 -25 -26 -27 -28 -29 29 -31
leaf_value=0.02785416644381818 -0.85287988429549655 -11.628015532285984 -4.0150912938636072 1.1100624110072934 -0.83725071662277883 -5.6100503943984172 0.12250929768620056 -0.72079679306421007 -0.082393323005511956 -0.67796310729416587 -33.097208194824788 -0.36633485303036095 -2.3560471576042317 -2.6723872035384493 -7.9035553385193698 -0.94915138906334051 -1.5654690779558715 -1.6162313036502529 60.759267013151479 -2.80561859653668 -0.43425503545848065 -1.3986956774708901 -17.296070176745076 0.0241338240196356 -0.83786086914349345 -0.53002737760591712 -19.179715477125349 -11.898584559631869 -0.066747167028343088 -10.453407118020461
leaf_weight=7436.2220292382572 1.6696189024465258 0.2784058538795221 2.0497791116795261 48.796089639901766 13.07890286138587 1.2452195575401077 3057.5762230119863 0.92819388681804527 22.419426875330693 0.10795978379383107 0.087647511936310943 55.526713323345817 8.2211405829817075 5.3935412450737195 1.2170316396106322 0.38050537418575636 2.060203833812249 6.7471886023546768 0.0065491794523898422 0.15963485637716035 0.022135939479994725 4.3667978112640071 0.040357409341082895 7155.2631289778501 64.506677176632479 0.48208099666009518 0.0086064119403856942 0.020795640129665727 5548.6982147161525 1.4197938361503464
leaf_count=801053 8692 15240 24444 8538 31287 21765 178303 24440 17859 842 30317 41504 14772 10429 11595 25626 65251 8304 1469 861 201 20426 13091 560351 225000 15525 34593 77835 1233586 48227
internal_value=0.00722307 -5.8165 0.00795548 0.00847889 0.00613282 -1.5915 0.00718024 0.040339 -1.63319 -17.9626 -30.7411 -0.0190414 -0.909053 0.0443241 -3.76051 0.0460078 0.00745761 0.136888 5.66108 48.3454 59.0155 0.0104272 -4.71701 0.0139655 -1.0628 -11.4636 -14.8729 -5.49876 -0.0145191 -0.0712878
internal_weight=23439 1.94802 23437.1 23435 23386.2 14.3241 23371.9 10320.6 23.5432 1.1238 0.195607 13051.3 64.9649 10297 9.43817 10291.6 7227.13 3064.51 6.93551 0.18832 0.0286851 7226.26 4.40716 7221.85 66.5877 0.871193 0.389112 2.081 12986.3 5550.12
internal_count=3571426 23932 3547494 3523050 3514512 53052 3461460 1310723 73458 55599 31159 2150737 67871 1237265 26367 1226836 1037698 189138 10835 2531 1670 961954 33517 928437 368086 75744 60219 143086 2082866 1281813
is_linear=0
shrinkage=0.05


Tree=221
num_leaves=31
num_cat=0
split_feature=0 13 3 3 4 3 14 9 3 9 9 3 2 3 0 3 0 4 3 4 2 3 11 8 8 3 2 13 3 8
split_gain=38430.1 31148.4 47550 31003.7 22536.5 454400 978214 13078.5 22286.9 10276.3 60243.6 52025.1 37114 43774.8 17730 127440 11449.6 10661 145169 55881.4 49393 94568.5 37869.6 19586.9 212491 696452 458632 90754.2 248250 19096.8
threshold=322.50000000000006 1574017.4100000001 94470.000000000015 142.50000000000003 8984212.0800000001 20027.500000000004 6488823.5850000009 136.50000000000003 28909.000000000004 88.500000000000014 85.500000000000014 321264.32500000007 196805.11000000002 51720.500000000007 139.50000000000003 10595.500000000002 129.50000000000003 1921320.5500000003 365977.51000000007 1570160.3450000002 359463.52500000008 66098.000000000015 1.0000000180025095e-35 304104.6747307693 301908.94066666672 37028.000000000007 83835.480000000025 28045.490000000016 71969.810000000012 273905.10321428574
decision_type=2 2 2 2 2 2 2 2 2 2 2 2 2 2 2 2 2 2 2 2 2 2 2 2 2 2 2 2 2 2
left_child=1 4 -3 -2 7 6 -6 9 -9 10 17 12 14 -14 15 -11 -13 19 20 23 -19 -22 -20 24 29 -26 -27 28 -25 -1
right_child=3 2 -4 -5 5 -7 -8 8 -10 11 -12 16 13 -15 -16 -17 -18 18 22 -21 21 -23 -24 27 25 26 -28 -29 -30 -31
leaf_value=0.0044596556384495249 -0.86497937522236035 -1.0786297070063691 -9.7967794135581219 -12.407677695328969 -2.4421307412743891 0.26735889171811816 59.281997169767934 -0.82466672354400739 -8.515063700277576 -0.19405355487791043 -8.5266570700208941 2.2787521053235942 -0.80089614436977308 -13.925468860318141 0.11508988717375622 -15.230409603211356 0.95376446278295157 0.093664200009713899 -18.55523193574491 -1.3715161158118037 -1.5712119003253022 -17.807578563536779 -3.2472697407908999 -1.7281990993888199 -0.15935706253485837 56.398973777720215 -0.87647944173162939 -0.19181474114060224 -21.487702793892435 -0.80478982498659224
leaf_weight=17295.282140265273 1.576710958731762 26.632579103601252 0.69649676152249185 0.11133453283089823 1.5179020958396665 316.22355976427821 0.025755101931258628 7.43746089748507 0.13353312603961942 17.227488025495131 1.0676367978448968 25.228807449340785 2.0522914298180144 0.019360241732724659 974.82075484672703 0.53748794490916552 51.045211932532574 4337.094401581483 0.23993836691919534 73.904994388241903 8.5485353195065574 0.041409113367730011 1.4275925193894718 15.007438708814274 4.8615453349739575 0.074550291855278616 0.47322096361584998 323.7880379461734 0.81177881922548145 72.210090483171371
leaf_count=2658410 8723 58493 29631 15143 31351 23275 1341 3804 3092 7404 17828 324 15870 4521 15557 5917 10229 221186 55206 86798 67150 7493 40625 42609 1858 352 907 63233 21626 48522
internal_value=0.0173032 0.0179848 -1.63897 -5.96079 0.019979 0.437537 21.4867 0.0142442 -1.93854 0.014965 0.00764251 0.16616 0.0689934 -5.41879 0.0858944 -1.43665 1.41591 0.00843959 0.0786197 -0.00871698 0.0857588 -3.49874 -11.582 -0.00295335 0.00440804 9.10678 38.3179 -0.378454 -3.95976 0.00104855
internal_weight=23560.1 23558.4 27.3291 1.68805 23531.1 317.767 1.54366 23213.3 7.57099 23205.8 22134.8 1070.93 994.657 2.07165 992.586 17.765 76.274 22133.8 4347.35 17786.4 4345.68 8.58994 1.66753 17712.5 17372.9 5.40932 0.547771 339.607 15.8192 17367.5
internal_count=3568478 3544612 88124 23866 3456488 55967 32692 3400521 6896 3393625 3333803 59822 49269 20391 28878 13321 10553 3315975 391660 2924315 295829 74643 95831 2837517 2710049 3117 1259 127468 64235 2706932
is_linear=0
shrinkage=0.05


Tree=222
num_leaves=31
num_cat=0
split_feature=8 4 10 3 4 14 0 10 3 7 14 8 3 4 4 2 3 3 12 8 3 2 9 3 0 4 4 3 2 7
split_gain=285168 937546 156694 1.02138e+06 283859 124343 35871.1 27642.9 38112.5 18434.1 465735 1.65542e+06 1.35573e+06 44367.7 31803.4 27525 35949.4 22316 21295.3 19795.2 27575.3 18177.9 16772.9 18776.2 16168.4 15228 18353.7 14490.8 13467.4 62962.2
threshold=726671.25833333342 40471.905000000006 4.5000000000000009 161526.34500000003 688885.46500000008 2035749.1899999999 322.50000000000006 2.5000000000000004 60121.000000000007 3703000.4550000005 1.0000000180025095e-35 299799.33916666667 222732.50000000003 8984212.0800000001 1358232.6350000002 407610.41000000009 68682.785000000018 19867.000000000004 10.500000000000002 401187.21250000002 52787.680000000008 91150.985000000015 136.50000000000003 23288.730000000003 93.500000000000014 1674816.4800000002 1648649.7400000002 2087.5000000000005 148180.10000000003 2827363.2600000002
decision_type=2 2 2 2 2 2 2 2 2 2 2 2 2 2 2 2 2 2 2 2 2 2 2 2 2 2 2 2 2 2
left_child=2 -2 6 -4 -5 -3 7 9 -9 18 11 24 -13 14 17 19 -17 -12 22 25 -21 -10 28 -24 -11 26 -16 -15 -1 -30
right_child=1 5 3 4 -6 -7 -8 8 21 10 13 12 -14 27 15 16 -18 -19 -20 20 -22 -23 23 -25 -26 -27 -28 -29 29 -31
leaf_value=0.044262135408799308 48.076519888295607 -0.75249703328689388 -0.72424711918927454 60.000145617356658 -3.2864011911609321 7.8766902719276182 -5.3333686861324257 -0.98014555387022417 -0.86187267014428659 0.034204526820858193 -0.9237918944721113 -3.7838049460889573 72.754638786838044 -1.0673629529517787 0.0022281692715526856 -0.9219708174061142 -10.855523018207576 -9.385911931853224 -2.5837747289546904 -0.9327409778846909 -9.2226991900986857 -11.320149506889514 -0.99458246257242511 -7.9981233077786662 -5.2891003909404537 0.10848768219520842 0.95371157532633699 -11.233901675661274 -0.032129229084435849 -3.3128269222095379
leaf_weight=14891.070067525401 0.26124847284496056 9.3646484640641141 5.7902694794686287 0.01177977763863873 0.095528578001408973 6.3114954371768244 2.1199128270454812 19.742152668675473 0.83564892908049038 5.566678941329303 2.2315493899195271 0.74871933933258872 0.64028085403762447 0.85984430959353797 87.212112487955906 4.0541052856241446 0.26747785324015261 0.45596446907851751 6.8779895908701283 6.7033733188091436 0.24933529870527316 0.45375470152773201 5.3823012476942083 0.28192623942135853 0.91115038048790165 2274.0746915418672 120.05343901254217 0.12115810728153253 7258.3018347164143 13.654406578509223
leaf_count=2123927 734 18835 7554 546 3248 11920 23436 18422 2911 116 9789 9207 3321 15864 7267 38694 9184 8624 26641 18655 11589 8135 3518 3304 15177 181393 729 16299 901685 71491
internal_value=0.0341708 6.51974 0.0297237 7.56479 51.5679 2.98546 0.0276184 0.0282946 -1.74201 0.0298739 0.158439 11.5974 47.1813 0.117759 0.12365 0.130464 -3.4621 -4.51682 0.0153491 0.138094 -2.35297 -7.88145 0.0162723 -2.49177 -1.32106 0.146021 0.555308 -7.36249 0.0170259 -0.0387447
internal_weight=24724.7 15.9374 24708.8 5.89758 0.107308 15.6761 24702.9 24700.7 21.0316 24679.7 2504.15 7.86683 1.389 2496.28 2495.3 2492.61 4.32158 2.68751 22175.6 2488.29 6.95271 1.2894 22168.7 5.66423 6.47783 2481.34 207.266 0.981002 22163 7271.96
internal_count=3572215 31489 3540726 11348 3794 30755 3529378 3505942 29468 3476474 345908 27821 12528 318087 285924 267511 47878 18413 3130566 219633 30244 11046 3103925 6822 15293 189389 7996 32163 3097103 973176
is_linear=0
shrinkage=0.05


Tree=223
num_leaves=31
num_cat=0
split_feature=9 7 4 9 7 13 13 3 3 8 9 3 3 8 2 3 13 3 14 3 9 14 9 3 3 3 4 3 3 11
split_gain=813521 480760 28366 17941.9 42961.5 20431.5 113946 19613.8 18853.3 17894.7 24681.5 30035.8 17887.4 12528.6 12405.8 341679 62753.6 72356.1 11641.7 11384.2 10520.1 13435.1 10214.7 121884 119633 130674 29749.1 137016 19732.1 9638.49
threshold=214.50000000000003 923562.1050000001 11795543.310000001 56.500000000000007 46560.370000000003 5.8662408264353884e-11 1.1596057447604836e-10 609.50000000000011 23288.730000000003 331990.41729166667 120.50000000000001 28909.000000000004 53.045000000000009 251976.52200000003 5775.4400000000014 5994.0850000000009 622574.39500000014 82611.000000000015 2.3374013835564261e-10 6565.5000000000009 38.500000000000007 815144.91000000015 43.500000000000007 88821.310000000012 231374.46000000005 106760.50000000001 1.0000000180025095e-35 50374.500000000007 278687.50000000006 8.5000000000000018
decision_type=2 2 2 2 2 2 2 2 2 2 2 2 2 2 2 2 2 2 2 2 2 2 2 2 2 2 2 2 2 2
left_child=2 -2 3 14 8 9 -7 -8 -5 10 13 -12 -4 19 15 18 17 20 -1 -6 21 -17 29 26 25 -25 -24 -28 -26 -16
right_child=1 -3 12 4 5 6 7 -9 -10 -11 11 -13 -14 -15 22 16 -18 -19 -20 -21 -22 -23 23 24 28 -27 27 -29 -30 -31
leaf_value=0.29827196830959241 -1.1374413952534368 53.157363145604485 -1.3616733823718019 -1.6277425435498829 -1.5942453445120313 -0.10348474661976828 -0.33135509506999894 -19.254800624833202 -10.643634629764554 0.56117137967415354 -1.1015058521266312 -10.809803144236868 -10.143177832827686 -2.1204297779967018 -0.013226180528924578 -30.008360520184414 -1.0606145570138203 -1.4147174445161061 -0.0005802272353302838 0.11498405005383004 -1.9621031153375661 -2.5331528444629412 0.031016621028447836 -4.0898080030382076 -0.62839805391999948 -28.25950245959897 -0.94118151003156714 -19.349280998685206 -6.8895440702868616 -1.3051322833067334
leaf_weight=790.76565102933967 0.56951822159640741 0.14472896718547446 2.1688661115549537 1.954502537124658 8.7782342090154071 8.5438924348330296 0.1999326903576415 0.022806797364787745 0.25572069413532927 224.07143853517482 4.1146290017483382 0.08695567931167314 0.064601232345020132 5.3154399667619137 19298.554160731332 0.35313217825349064 0.6397561334787113 0.53248672521149543 553.73509558404419 2920.349144665061 0.21282596486276018 0.25405016016603132 301.01994242212663 2.06143443591739 7.0242035069684903 0.09343385078283617 29.185182265997494 0.053908428012596654 0.60645791106723201 13.44835674389469
leaf_count=192228 568 97 16197 4205 35797 2725 5311 7048 4013 11318 4793 4061 17315 14320 2786577 146938 2828 104289 13574 59218 1195 1208 7834 2281 1009 5146 56541 4465 22948 34531
internal_value=0.00964279 34.4528 0.00719987 0.00782616 0.118611 0.124426 -2.15931 -16.4357 -5.66303 0.131438 0.0984897 -3.34294 -4.6756 0.104556 -0.00892238 0.137842 -16.7395 -20.5504 0.175276 0.109318 -25.3689 -27.2446 -0.0189849 -0.290241 -5.52089 -13.7646 -0.119044 -1.61404 -1.8672 -0.0141936
internal_weight=24175.2 0.714247 24174.5 24172.2 3173.69 3171.48 8.76663 0.222739 2.21022 3162.72 2938.64 4.20158 2.23347 2934.44 20998.5 1346.49 1.99225 1.3525 1344.5 2929.13 0.820008 0.607182 19652 340.045 9.78553 2.15487 330.259 29.2391 7.63066 19312
internal_count=3570578 665 3569913 3536401 152809 144591 15084 12359 8218 129507 118189 8854 33512 109335 3383592 462260 256458 253630 205802 95015 149341 148146 2921332 100224 31384 7427 68840 61006 23957 2821108
is_linear=0
shrinkage=0.05


Tree=224
num_leaves=31
num_cat=1
split_feature=4 0 9 9 0 3 3 9 7 11 3 4 9 9 4 9 13 2 4 3 3 7 9 3 12 3 6 3 1 2
split_gain=255459 1.20721e+06 81089.4 204315 26941.9 25561.4 17297 16393.9 12750.2 10438.2 14091.6 10461.1 469133 841320 320050 924946 234369 143651 39558 19524.8 19074.9 10604.8 214502 105132 21494.2 18389.5 17987.2 10308.2 8443.46 12711.2
threshold=11795543.310000001 5.5000000000000009 135.50000000000003 136.50000000000003 322.50000000000006 53.045000000000009 23288.730000000003 118.50000000000001 989410.50000000012 8.5000000000000018 121858.00000000001 5592866.5850000009 37.500000000000007 66.500000000000014 6291460.0200000005 23.500000000000004 5.6274984672199943e-12 104039.41000000002 4704807.2950000009 42964.975000000006 25994.150000000005 5342983.4350000015 7.5000000000000009 1.0000000180025095e-35 10.500000000000002 78786.345000000016 27.500000000000004 3151.4250000000006 0 1868.4450000000004
decision_type=2 2 2 2 2 2 2 2 2 2 2 2 2 2 2 2 2 2 2 2 2 2 2 2 2 2 2 2 9 2
left_child=2 -2 4 -4 7 -3 -5 9 -9 11 -11 18 14 -14 15 -13 -17 -15 21 -20 -16 24 26 -24 28 -26 -23 -6 -1 -30
right_child=1 5 3 6 27 -7 -8 8 -10 10 -12 12 13 17 20 16 -18 -19 19 -21 -22 22 23 -25 25 -27 -28 -29 29 -31
leaf_value=0.11114444180958737 59.556747215555006 -0.99351441074896396 10.886168501054227 -1.2704760939311723 -0.66949044677488123 -11.109959775845791 -8.6440091465427233 -7.4956928584198694 -0.72385752922061342 -0.8119873111058814 -6.7643011584236881 -3.7285338960221424 -2.0675357039969628 60.201806998888962 -2.1847121210510241 60.318079052233344 -0.65004855199774836 -2.3968697072654921 -1.9691273123365289 -9.3555175362005354 0.093364266819068883 -4.3987862855651407 -0.73771789157196932 -28.398534803236249 -1.377051051902759 -8.5339266292294376 0.00058972485096388651 -7.2368571470425991 -0.58651643622863991 0.0073761731234010357
leaf_weight=2034.616045384498 0.013442332014046321 2.2695151088691059 4.5691776439884526 3.7451896803727065 1.2558464004538279 0.0076450084008990995 0.21242255436670765 0.26064213391860835 2.1189390058026585 12.546981457142873 0.1307114030619666 1.8475761738849517 1.3483222973739928 0.0025849576966630655 8.2546692303633318 0.0081210715792949806 0.16166627303543091 0.019676420544650512 4.8282311557457431 0.42323720020722166 1313.1196973432509 1.4138261054617007 0.6019475232512187 0.019226459431620935 7.658939160758452 0.13559285479379646 61.944759409307053 0.74996281565143408 89.469664105272386 21867.66935638522
leaf_count=231989 58 16239 303 3657 10001 17135 3379 4912 1102 23808 11408 18381 7870 922 44893 1077 1033 2924 24928 14599 30489 26899 16558 21978 21401 10979 11109 13294 151834 2825562
internal_value=0.0196236 13.9501 0.0178193 4.62991 0.0160894 -4.40876 -3.33101 0.0166489 -3.46553 0.0171116 -1.36379 0.0178549 0.154592 22.3777 0.114693 16.3804 51.3322 56.6473 0.0103225 -3.96653 0.0774879 0.0113554 -0.626535 -18.5861 0.0130822 -2.45833 -0.164326 -4.71736 0.0139877 0.00492714
internal_weight=25421.4 2.2906 25419.1 8.52679 25410.6 2.27716 3.95761 25408.6 2.37958 25406.2 12.6777 25393.5 1324.76 1.37058 1323.39 2.01736 0.169787 0.0222614 24068.8 5.25147 1321.37 24063.5 63.9798 0.621174 23999.5 7.79453 63.3586 2.00581 23991.8 21957.1
internal_count=3570721 33432 3537289 7339 3529950 33374 7036 3506655 6014 3500641 35216 3465425 107589 11716 95873 20491 2110 3846 3357836 39527 75382 3318309 76544 38536 3241765 32380 38008 23295 3209385 2977396
cat_boundaries=0 1
cat_threshold=16
is_linear=0
shrinkage=0.05


Tree=225
num_leaves=31
num_cat=0
split_feature=9 9 0 3 5 4 9 14 8 4 3 13 3 3 9 9 4 3 5 3 0 8 3 0 14 5 5 9 3 4
split_gain=50464.1 254939 36652.7 34835.7 23244.8 22969.8 17128 13992.6 504736 3.02712e+06 1.90802e+06 250803 69399.8 63986.1 32418.1 40547.1 31349.7 53597.7 29386.1 18070.2 14766 12993.2 17341.5 12581.2 34018.4 32057 288167 222076 1.9299e+06 2.27611e+06
threshold=134.50000000000003 135.50000000000003 322.50000000000006 142.50000000000003 5.1512084947994454 11795543.310000001 -1.0000000180025095e-35 2.3374013835564261e-10 331990.41729166667 1.0000000180025095e-35 62331.500000000007 1.1596057447604836e-10 21564.500000000004 55428.500000000007 24.500000000000004 33.500000000000007 2220058.77 24156.000000000004 7.0650623979356659 972.50000000000011 321.50000000000006 13376.500000000002 21841.500000000004 182.50000000000003 26542.010000000002 10.225711983632159 12.439326474916042 7.5000000000000009 53994.500000000007 1.0000000180025095e-35
decision_type=2 2 2 2 2 2 2 2 2 2 2 2 2 2 2 2 2 2 2 2 2 2 2 2 2 2 2 2 2 2
left_child=2 -2 4 -4 -1 7 -7 8 11 10 -10 16 -13 -11 18 -16 20 -18 -9 -17 -6 -3 -23 24 -20 -25 27 -27 -29 -30
right_child=1 21 3 -5 5 6 -8 14 9 13 -12 12 -14 -15 15 19 17 -19 23 -21 -22 22 -24 25 -26 26 -28 28 29 -31
leaf_value=-5.4633578951539414 12.179396330062858 -0.033935559713218037 -0.6068076723703556 -12.87376128281484 0.04819097017056672 -0.97493754376634689 -8.6302163413407875 -5.376832156125646 -1.5418182831504594 -2.0692556536267359 113.60429207264195 -2.1098857798708668 -27.35559858945253 -15.262078910336889 -1.059173782394913 -0.70613035907434574 -1.2917542491958325 -13.467997657232647 -1.9135003971977711 -14.562116024007992 -4.3197333308994796 -1.2605562558279744 -8.6298834594455904 0.045824638515368797 0.013788895808662431 -1.0422221036831441 -0.006718659382263379 -1.2171584212289932 -2.1231010719662931 -63.158786240709972
leaf_weight=0.94093315839927427 3.9823733303107955 6.4561494202947269 1.4936295602998877 0.07137100139909125 11183.877846000973 2.3900548895368661 0.29915834395372431 1.5651978568093898 0.5101788960280208 3.449608057609248 0.037971880724446905 0.61636003716003573 0.056335623581701078 0.49698316692507871 4.3837539534138577 0.44401563761963131 7.4638786216977335 0.07984672221813216 21.957497115221486 0.04689171799263353 0.93529804340687306 3.479532354897549 0.26062642961937665 1851.3276757779915 8549.5270230031729 190.16854228928443 1620.4045223716521 47.418619286020565 3.3687940570848882 1.9094886003423299
leaf_count=14097 266 399 8627 15063 1852293 1480 31507 6413 3014 26467 1069 13150 10192 14783 7192 7442 21619 15181 20141 9043 12710 3503 3475 60045 783491 217390 194878 134704 2078 80373
internal_value=0.00938997 2.89146 0.00752753 -5.96909 0.00817991 0.0086318 -3.93637 0.0092512 0.0496821 15.2 74.6598 0.0422405 -19.3173 -6.48112 -0.0275789 -3.74097 0.0451302 -2.9825 -0.025801 -10.9126 0.0474391 -1.49949 -3.48739 -0.0246813 0.00862855 -0.101527 -0.247884 -1.8503 -4.6926 -30.7473
internal_weight=23509.4 14.1787 23495.2 1.565 23493.7 23492.7 2.68921 23490 11197.5 4.49474 0.548151 11193 0.672696 3.94659 12292.5 4.87466 11192.4 7.54373 12287.6 0.490907 11184.8 10.1963 3.74016 12286.1 8571.48 3714.6 1863.27 242.865 52.6969 5.27828
internal_count=3572085 7643 3564442 23690 3540752 3526655 32987 3493668 1970478 45333 4083 1925145 23342 41250 1523190 23677 1901803 36800 1499513 16485 1865003 7377 6978 1493100 803632 689468 629423 434545 217155 82451
is_linear=0
shrinkage=0.05


Tree=226
num_leaves=31
num_cat=0
split_feature=0 14 3 7 3 4 13 7 4 3 14 2 3 12 3 14 7 4 0 3 0 3 8 4 7 3 7 8 13 6
split_gain=47029.4 2.08754e+06 2.56983e+06 82455.2 114830 24804.3 23218.5 507068 7.78232e+06 4.64903e+06 123996 106629 73127.7 55167.1 81985.4 65403.9 1.28768e+06 77790 36659.6 62648.5 33985.8 48163.2 28568 28928.5 1.09882e+06 4.13497e+06 587642 33640 27920.5 481407
threshold=315.00000000000006 469589.16000000009 94470.000000000015 2439529.1000000001 32558.170000000002 11795543.310000001 5.8662408264353884e-11 5119298.3200000003 3342994.6500000004 144361.00000000003 8.7766238721087588e-11 266706.07000000007 53994.500000000007 4.5000000000000009 52108.500000000007 1079239.6650000003 1105507.7100000002 1014909.7000000001 289.50000000000006 61211.880000000012 25.500000000000004 19867.000000000004 501255.36000000004 3342994.6500000004 2407600.6450000009 34775.000000000007 3703000.4550000005 306394.15906250005 14054.400000000001 19.500000000000004
decision_type=2 2 2 2 2 2 2 2 2 2 2 2 2 2 2 2 2 2 2 2 2 2 2 2 2 2 2 2 2 2
left_child=5 3 -3 4 -2 6 7 13 9 -9 12 -11 -8 15 -15 22 17 -17 28 -20 -10 -22 23 -1 27 -26 -27 -25 29 -12
right_child=1 2 -4 -5 -6 -7 10 8 20 11 18 -13 -14 14 -16 16 -18 -19 19 -21 21 -23 -24 24 25 26 -28 -29 -30 -31
leaf_value=0.046002878328592726 -1.6682599946384167 -0.84382439245706076 97.78022842270299 0.39845900067354684 -18.148112458107136 -4.5390656938303833 -1.7709863037659639 -3.8063689781407946 0.040959166581215484 177.57412528710154 -0.34550021356574012 -0.54387597429613033 -21.686496243330282 -1.7815139161865401 -17.409747373501752 58.406864187415977 -1.6875254346314794 -0.14022599806213457 -1.1776409792346072 -10.684014008464986 -1.1398941978779416 -13.982468970871384 -6.0557886545587953 -4.8294449935034569 -0.83371924488538363 120.69569762183151 -2.8362006777740261 0.19341767617387851 -0.012048547373171398 -26.745013317866292
leaf_weight=13870.68153005245 5.8401743510597104 1.3907830400282974 0.22931016369794321 256.57240496622677 0.36632065610843234 1.9750553788653622 1.1952433442958061 0.48172186789054605 15.089658737182617 0.033545152865661843 310.57501926455615 0.002276454120874404 0.037192418126220983 5.8506291178118461 0.048119362268183141 0.041065891555561805 9.692246409972185 0.054771564745405267 17.900482364056899 0.969152373132803 2.6770828837677989 0.12655217385895889 0.91272058964568614 2.3831838678959789 3.560832304500074 0.0039284100499529717 0.056804307815388984 228.23230382218804 8477.2979095384726 0.7368571387972328
leaf_count=2330569 29623 3528 1611 7927 17191 32438 14168 8463 20 2574 78834 956 7830 13868 8189 111 17873 151 33716 18201 25978 20220 18963 17719 7985 1310 3774 1930 806391 38299
internal_value=0.0337802 0.695555 45.1052 0.251782 -5.02496 0.0261262 0.026717 0.0664109 8.14217 116.857 -0.0370001 176.653 -11.8193 0.055306 -4.41486 0.057487 3.94918 55.3481 -0.0340092 -2.17928 -1.0207 -5.24458 0.0545064 0.0553315 0.605171 24.7449 111.402 0.120863 -0.0291552 -0.493438
internal_weight=23215 264.399 1.62009 262.779 6.2065 22950.6 22948.6 14139.9 18.4108 0.517543 8808.71 0.0358216 1.23244 14121.5 5.89875 14115.6 9.78808 0.0958375 8807.48 18.8696 17.8933 2.80364 14105.8 14104.9 234.237 3.62157 0.0607327 230.615 8788.61 311.312
internal_count=3570410 59880 5139 54741 46814 3510530 3478092 2480653 58211 11993 997439 3530 21998 2422442 22057 2400385 18135 262 975441 51917 46218 46198 2382250 2363287 32718 13069 5084 19649 923524 117133
is_linear=0
shrinkage=0.05


Tree=227
num_leaves=31
num_cat=0
split_feature=9 0 0 4 6 3 3 0 2 2 3 4 7 3 3 8 3 4 9 9 4 6 2 3 3 4 3 7 9 3
split_gain=354913 925490 1.01144e+06 224409 64668.4 36398.3 35378.7 26345.8 505937 876349 104623 54091.6 40717 31162.5 25620.2 22400 101821 21871.1 401266 1.04999e+06 150392 3.45931e+06 1.36704e+06 867709 38780.9 29912.7 50405.3 26148.6 270262 279484
threshold=119.50000000000001 140.50000000000003 315.00000000000006 24958.510000000006 33.500000000000007 71969.810000000012 1585.5000000000002 315.00000000000006 359463.52500000008 390128.31500000006 350669.0400000001 1.0000000180025095e-35 2713997.7550000004 30649.500000000004 148202.00000000003 536915.17125000001 33683.990000000013 4704807.2950000009 36.500000000000007 38.500000000000007 5813841.7350000013 26.500000000000004 199425.23500000002 40211.500000000007 44568.545000000006 8456741.9550000019 102884.74500000001 4545426.995000002 7.5000000000000009 34775.000000000007
decision_type=2 2 2 2 2 2 2 2 2 2 2 2 2 2 2 2 2 2 2 2 2 2 2 2 2 2 2 2 2 2
left_child=4 -2 5 -4 7 -3 -6 15 11 10 -10 14 13 -13 -9 17 -17 27 20 -20 21 24 23 -23 -19 26 -22 -1 -29 -30
right_child=1 2 3 -5 6 -7 -8 8 9 -11 -12 12 -14 -15 -16 16 -18 18 19 -21 25 22 -24 -25 -26 -27 -28 28 29 -31
leaf_value=0.018714215895162402 51.18214251259505 -1.1047463073998041 52.190345256417451 -0.3948166459732958 -0.15517809063417271 -10.378889427649442 -14.133113649032602 -2.0314852187722727 -0.85529086835961299 -3.8896884145528463 60.86256112773183 -1.5454023603325044 0.23922325963482372 -10.881945933047053 3.6853246485813198 -0.58910981374981675 -13.788063450813656 0.81915791709416075 59.640998797266349 -3.0903040406680891 -1.136002996751684 -1.1768376968488885 -1.0696850307302668 120.23408395290538 -7.9824941958316105 0.089644827599098448 -11.305012807082674 -0.30210040235722097 -2.5216047945046847 -35.763353949611847
leaf_weight=21974.507719168196 0.17519034132156264 8.5843311304419938 0.1605042592694893 0.22758815795965193 0.74737254383168894 0.26764272228618935 0.24634152688716193 1.5946484644414187 0.044205507800891025 1.0507127913666383 0.004842222669666745 4.132754468055726 429.32747776661165 0.33191302363304487 14.674275048609688 20.091300791138355 0.58589324372790841 56.65335837979891 0.019542374291524056 1.6693725529099694 17.653300192476724 0.14967223201608948 0.39911798789110631 0.011531909655786876 0.28458014299962897 922.7118701303757 0.34259894769256405 72.642651688293171 1.8840916945369388 0.10420074321903317
leaf_count=3132192 312 8331 382 378 18008 3169 19303 20586 878 6793 202 11583 6428 8710 2984 41015 26814 18967 776 13739 30016 2228 3525 1609 11301 41778 13573 65738 35549 22871
internal_value=0.0351233 9.26297 3.54709 43.2806 0.0310358 -2.41068 -8.97362 0.0317979 0.409776 24.8969 57.4418 0.294865 0.185165 -4.10473 3.03949 0.0243884 -1.58215 0.0258984 0.254496 19.5441 0.202327 2.6622 76.1131 103.567 0.638063 0.0493016 -1.9148 0.0155205 -0.912589 -15.6502
internal_weight=23531.3 9.41526 9.24007 0.388092 23521.9 8.85197 0.993714 23520.9 451.161 1.09976 0.0490477 450.061 433.792 4.46467 16.2689 23069.7 20.6772 23049 999.895 1.68891 998.206 57.4983 0.560322 0.161204 56.9379 940.708 17.9959 22049.1 74.6309 1.98829
internal_count=3569738 12572 12260 760 3557166 11500 37311 3519855 58164 7873 1080 50291 26721 20293 23570 3461691 67829 3393862 137512 14515 122997 37630 7362 3837 30268 85367 43589 3256350 124158 58420
is_linear=0
shrinkage=0.05


Tree=228
num_leaves=31
num_cat=0
split_feature=6 6 2 8 3 3 9 3 13 3 8 2 13 8 3 2 0 2 3 14 3 0 0 3 3 14 7 4 2 14
split_gain=2.45966e+06 2.86567e+06 527279 320785 4.58813e+06 855554 64541.2 142777 21231.2 54875.4 19625.9 15759.8 13597.3 11268 24962.1 11150.2 538850 693795 115295 23380 22075.9 26737.3 9269.23 14859.3 7907.36 125851 31990.1 588271 776429 31155.9
threshold=34.500000000000007 35.500000000000007 270505.40000000008 665064.78250000009 207731.44500000004 257253.50000000003 95.500000000000014 144361.00000000003 1738820.0900000003 104316.00000000001 99480.678750000006 2396346.4800000004 704625.95500000031 536915.17125000001 55428.500000000007 1522.4100000000001 238.50000000000003 1341.9300000000003 1347.3750000000002 1672366.2850000004 62331.500000000007 7.5000000000000009 260.50000000000006 27746.170000000002 267587.45500000002 1224550.0900000001 3963189.2050000005 3684012.5100000002 453931.2950000001 1196972.2500000002
decision_type=2 2 2 2 2 2 2 2 2 2 2 2 2 2 2 2 2 2 2 2 2 2 2 2 2 2 2 2 2 2
left_child=3 2 -2 6 12 -6 8 10 13 -10 -8 -3 -5 15 -15 16 18 -18 19 -1 21 -20 23 -12 -17 26 -26 29 -29 -28
right_child=1 11 -4 4 5 -7 7 -9 9 -11 22 -13 -14 14 -16 24 17 -19 20 -21 -22 -23 -24 -25 25 -27 27 28 -30 -31
leaf_value=0.1163956498331372 120.14847959815479 -10.405941043271001 -1.0647184159641161 -6.1990218939873749 118.56860664818248 -3.8346786177324823 -5.8809017726342816 -19.511275530904669 -0.91659293703592493 -12.575808090218302 -1.2021683680791184 -0.13661493022579488 -0.35429268793802526 -0.56424696808885633 -8.0078988615744819 0.0086377424427617044 -9.5226706404341659 50.055167162071143 -0.020996059330046488 1.3065903683147353 -0.98714819786049013 -18.601977217774873 -0.56030861062623127 -7.3788958356003596 0.06530899967452912 -12.483605706761942 -0.10523255763307562 -8.1872230908004209 57.305367913252375 1.7327701690964954
leaf_weight=636.41545063400144 0.0076669507699252256 0.1972501779992738 0.07928877713239886 0.096986174333630326 0.023618833652743115 0.095355758798856244 1.4649029610745383 0.17134279644844852 20.552421791521589 0.077267891844864489 4.875495277013207 0.58379310856124023 12.581677177517317 7.8453545333769323 0.35480091369291233 20295.494276035537 0.3809585043675065 0.18708918794040658 0.23584873974323073 43.149447687149063 0.5048368252997405 0.15776155218319698 20.50060919785999 0.43161848412152526 4895.0893017576891 0.99289350626713613 69.977464568862089 0.42732306096076422 0.030601931741224941 33.305915832519531
leaf_count=35882 2865 27262 1413 16405 425 10019 8955 7454 43605 21387 8915 993 12202 16031 9012 2677721 31425 4213 484 209 24050 29000 7446 3982 473579 46812 24822 23288 1505 159
internal_value=0.0315276 57.404 110.322 0.0274116 7.64925 104.706 0.0233708 -2.35707 0.0259737 -1.53989 -1.56282 -7.11936 -0.849288 0.0272763 -1.72226 0.027895 0.227393 29.5045 0.159685 0.193784 -12.1458 -15.4761 -1.1073 -2.79559 0.0225149 0.0788317 0.0838242 0.948464 32.4902 0.498355
internal_weight=26046.3 0.867999 0.0869557 26045.4 12.7976 0.118975 26032.6 27.444 26005.2 20.6297 27.2726 0.781043 12.6787 25984.5 8.20016 25976.3 681.031 0.568048 680.463 679.565 0.898447 0.39361 25.8077 5.30711 25295.3 4999.82 4998.83 103.741 0.457925 103.283
internal_count=3571520 32533 4278 3538987 39051 10444 3499936 36752 3463184 64992 29298 28255 28607 3398192 25043 3373149 125263 35638 89625 36091 53534 29484 20343 12897 3247886 570165 523353 49774 24793 24981
is_linear=0
shrinkage=0.05


Tree=229
num_leaves=31
num_cat=0
split_feature=6 6 2 3 8 3 9 3 9 0 9 9 11 3 8 3 3 7 6 14 3 0 3 6 3 13 0 0 8 3
split_gain=207997 1.01386e+06 289871 58583.3 21628.1 124167 20092.3 20965.5 20953 988314 275470 45788.8 19359.5 27717.6 16025.6 17527.5 10661.6 9661.43 9219.33 76724.3 78430.8 68935.2 33558.3 28666.2 88561 21928.7 548052 612893 454098 913505
threshold=35.500000000000007 36.500000000000007 441427.84500000003 3610.2900000000004 536915.17125000001 53994.500000000007 136.50000000000003 25371.000000000004 110.50000000000001 153.50000000000003 113.50000000000001 96.500000000000014 6.5000000000000009 102884.74500000001 189317.87100000001 31471.275000000005 21257.500000000004 541798.83500000008 13.500000000000002 5.1613824325613684e-11 53994.500000000007 321.50000000000006 62331.500000000007 12.500000000000002 53994.500000000007 1.0000000180025095e-35 129.50000000000003 31.000000000000004 152266.33861111113 144361.00000000003
decision_type=2 2 2 2 2 2 2 2 2 2 2 2 2 2 2 2 2 2 2 2 2 2 2 2 2 2 2 2 2 2
left_child=4 2 -2 -3 6 -6 8 -8 11 10 -10 12 18 -14 15 -11 -13 -7 21 20 -20 23 -23 -1 -25 26 27 -21 29 -28
right_child=1 3 -4 -5 5 17 7 -9 9 14 -12 16 13 -15 -16 -17 -18 -19 19 25 -22 22 -24 24 -26 -27 28 -29 -30 -31
leaf_value=0.012100280108265591 -1.2929345063061382 2.6983816752367424 60.203211279370521 -8.8599577743736138 -0.52509905884445551 -0.16960226805173861 -1.1232483554384363 -9.4631675117438601 53.403936260916296 -0.90413829808271018 -2.563032839624996 -1.5164106803339117 -0.86733893742765977 -7.3040129605165509 -0.155501242385267 -8.3824032410568972 -9.2562093565375463 -16.742861008140917 -2.1542587451476467 47.637151330111855 -16.860819513668176 -2.4732187563098376 -14.117639575315316 -0.79653716347042502 -12.272928842227664 0.018271674990955035 -1.4103326595662655 -3.6116188784501215 0.19894046874463456 56.944344962128525
leaf_weight=22848.835604365831 0.18544578552340496 21.189133912309405 0.013348717242479324 0.19164468348027242 21.242491163917823 0.1167573566356368 3.7806560513057281 0.072401447628775428 0.11977913885743319 2.6848837002442605 0.1647318277008526 1.2994268256426422 22.108920725873364 0.85646777324330869 23.492843917680148 0.31320353799179912 0.57796473748917976 0.36003768869536434 4.9227348614168855 0.28247359395013649 0.24035881253290181 2.6015396522480727 0.17258542320715786 20.915221065583843 0.84737348243745714 1744.6548812825577 1.6973941567544664 0.83350349141178171 879.27664624319868 0.060759751383943184
leaf_count=2924521 3132 12072 634 12372 44901 98 3720 3289 686 4797 1413 6194 39084 19909 3605 3678 6177 24645 24444 75 13364 26547 10719 29297 16435 255158 3703 5933 68393 1560
internal_value=0.0211224 4.81789 49.6075 2.20331 0.0168878 -1.52513 0.0182579 -3.19864 0.0188682 1.39142 44.2272 0.0173741 0.0180845 -1.40235 -0.660513 -3.58783 -6.28967 -15.5508 0.0194186 0.10802 -5.46439 0.009219 -6.74767 0.0103338 -1.76315 0.12105 0.32406 25.7406 0.262714 20.5192
internal_weight=25604.1 21.5796 0.198795 21.3808 25582.5 21.7193 25560.8 3.85306 25557 26.7754 0.284511 25530.2 25528.3 22.9654 26.4909 2.99809 1.87739 0.476795 25505.3 2631.97 5.16309 22873.4 2.77413 22870.6 21.7626 2626.81 882.151 1.11598 881.035 1.75815
internal_count=3570555 28210 3766 24444 3542345 69644 3472701 7009 3465692 14179 2099 3451513 3439142 58993 12080 8475 12371 24743 3380149 372630 37808 3007519 37266 2970253 45732 334822 79664 6008 73656 5263
is_linear=0
shrinkage=0.05


Tree=230
num_leaves=31
num_cat=0
split_feature=9 8 3 8 3 13 11 3 0 7 0 2 3 13 4 3 2 3 8 4 0 3 3 7 13 3 3 6 9 12
split_gain=54923.9 99470.7 307662 34184.7 106202 32546.6 17987.9 29169.6 15059.2 11855.7 17410.7 8914.55 487110 38129.9 12592.2 14739.5 12278.7 209791 76995.2 44850.8 14365.9 13971.2 10366 9457.92 570453 1.23976e+06 274706 224250 1.1992e+06 13782.8
threshold=92.500000000000014 170745.49042857144 51720.500000000007 536915.17125000001 15790.905000000001 5.8093974075745798e-11 6.5000000000000009 102884.74500000001 141.50000000000003 599086.2100000002 14.500000000000002 5775.4400000000014 5994.0850000000009 534277.50000000012 8456741.9550000019 82611.000000000015 11353.110000000002 9930.2800000000007 251976.52200000003 14514.900000000001 210.50000000000003 71969.810000000012 1347.3750000000002 4545426.995000002 11223.760000000075 25994.150000000005 892689.65000000014 19.500000000000004 45.500000000000007 10.500000000000002
decision_type=2 2 2 2 2 2 2 2 2 2 2 2 2 2 2 2 2 2 2 2 2 2 2 2 2 2 2 2 2 2
left_child=3 2 -2 6 -5 -4 11 -8 -3 -6 -11 12 -1 14 15 -14 17 19 21 22 -21 -19 -13 27 25 -25 -27 29 -29 -18
right_child=1 8 5 4 9 -7 7 -9 -10 10 -12 16 13 -15 -16 -17 23 18 -20 20 -22 -23 -24 24 -26 26 -28 28 -30 -31
leaf_value=0.12506873401023597 -2.2771072173900655 -4.391116418080534 -33.639889764341007 -0.66576582624212532 -1.3244653366367911 -1.3614765029269722 -0.83085273557108286 -7.7059882519404752 -0.41667241868098226 -1.2989318249979085 -19.124041788429103 -0.26464568095697871 -29.025797733899935 -1.5253782005743424 -0.41646017372205463 -1.8407605528909519 0.013131390639806784 -26.61440834649402 -2.1917553034555954 -0.1002497058368453 -3.6029137271445197 -1.7198619681501925 -10.226068130389933 -2.2572943405662462 0.0064431446663967447 -62.289631419071981 -0.70833054845001997 -4.8467977851444797 58.760331151074013 -2.1476381143432355
leaf_weight=2538.5876873123393 6.9241606876436048 1.5533819353956122 0.035867534884553076 11.355293319773686 0.37235664331900503 0.18018072843551636 22.725623882052776 0.69231874247181124 41.992966670114129 0.33569181939548354 0.12939152024609074 0.39157012955403953 0.61691384073182476 0.31358892312849629 0.078334838151931763 0.19984707593209372 20462.957118207712 0.070715267615226951 0.94773658348341305 229.17184775802423 1.96696006528873 0.21658870461236823 0.36726286893419019 5.0725890341798445 420.69300534427907 0.34072409545522564 0.23646166651451495 2.312834919281435 0.0084541163411769871 6.3827299120093803
leaf_count=206251 18669 8003 9082 37745 1457 470 39946 20316 12382 3723 26860 128481 149457 2407 551 104784 2301036 95223 4774 8901 6161 84150 21803 77591 97363 25804 27440 27835 2529 20770
internal_value=0.0098437 -1.61829 -6.69607 0.0133931 -2.53108 -29.9809 0.0148094 -1.34157 -0.653952 -13.6936 -15.9298 0.0162081 0.104695 -23.3662 -26.1728 -27.0514 0.00556799 -0.354509 -15.6005 -0.206655 -0.145471 -23.7658 -8.16166 0.00960192 -0.223204 -14.7534 -53.5093 0.0144612 13.0056 0.0123525
internal_weight=23757.2 50.6866 7.14021 23706.5 12.1927 0.216048 23694.4 23.4179 43.5463 0.83744 0.465083 23670.9 2539.8 1.20868 0.895096 0.816761 21131.1 233.133 1.23504 231.898 231.139 0.287304 0.758833 20898 426.343 5.64977 0.577186 20471.7 2.32129 20469.3
internal_count=3571964 48606 28221 3523358 69785 9552 3453573 60262 20385 32040 30583 3393311 463450 257199 254792 254241 2929861 349493 184147 165346 15062 179373 150284 2580368 228198 130835 53244 2352170 30364 2321806
is_linear=0
shrinkage=0.05


Tree=231
num_leaves=31
num_cat=0
split_feature=13 4 8 4 8 9 9 7 13 0 9 7 10 14 4 0 13 3 9 4 0 14 9 8 8 7 0 3 13 4
split_gain=353377 642880 485808 175563 51506.1 664637 745398 19080.5 13793.5 10466.4 48985 59157.3 40062.7 23649.2 21949.7 20890.6 37865.5 83351.7 62523.9 116731 19455.8 2.22304e+06 2.97289e+06 209715 1.06756e+06 178713 32771.1 57092.9 19671.2 31241.5
threshold=2413439.4850000008 10122339.550000003 384888.48645833338 7560428.8550000014 559826.5881666668 16.500000000000004 18.500000000000004 7095379.4450000012 716824.68000000005 213.50000000000003 96.500000000000014 504272.97500000003 1.0000000180025095e-35 1004236.505 9540369.8850000035 208.50000000000003 28045.490000000016 33683.990000000013 4.5000000000000009 1.0000000180025095e-35 227.50000000000003 547950.20500000007 19.500000000000004 304104.6747307693 338385.03016666678 1269443.0950000002 230.50000000000003 59101.805000000008 14054.400000000001 1.0000000180025095e-35
decision_type=2 2 2 2 2 2 2 2 2 2 2 2 2 2 2 2 2 2 2 2 2 2 2 2 2 2 2 2 2 2
left_child=4 3 -3 -2 9 8 -7 -5 -6 10 14 -12 13 20 15 -1 17 -17 -19 -20 21 23 -23 -11 25 -25 27 -22 29 -29
right_child=1 2 -4 7 5 6 -8 -9 -10 12 11 -13 -14 -15 -16 16 -18 18 19 -21 26 22 -24 24 -26 -27 -28 28 -30 -31
leaf_value=-0.010615744501370485 -1.7874241667330368 57.959018948443727 -0.79824460626385341 10.540013250729364 -6.1337157923115093 59.720817187836786 -6.0168091767842462 -0.75674983922533701 -0.61589360719711772 0.093532383137918465 -12.691994903240852 -1.4016827414536435 -2.01538199922381 -2.59182120903604 -5.3056587397636301 -0.71241444495810491 -0.12494294345913765 -2.5568932410485741 -1.5736081823212575 -21.913300091180957 -0.73494610081690026 -1.3574592938244527 106.75457745408012 59.924853494473531 -0.27005412088324127 -0.72076356857428714 0.034597777450429627 -2.9727364853288463 -1.245427145114272 -17.132479795981919
leaf_weight=13957.691496564101 6.260525932151161 0.049963959183227491 0.48860505557770606 4.7796504333221161 0.36310803713522766 0.0039601272020568503 0.47100709775219773 0.26136578911868102 8.6327467335624455 1114.9449560808498 0.60802809035120109 5.3362356936690203 22.460793365940845 7.4418256650933463 0.96254085147484048 36.657651754872738 131.59883910785356 5.9310045005674032 1.6302382166637885 0.52675725397588213 23.338743498767037 1.3766489762162368 0.14354469237861867 0.017218117845136161 5.2230927811954198 0.11111212191199527 8044.1838901227839 1.5210026819536093 1.3107930209010155 0.056035070887764493
leaf_count=1986121 37199 901 4778 710 20485 2048 16055 2586 13759 69033 10754 7226 46000 20787 25683 58432 23043 18471 1207 14955 43063 3414 564 400 2967 1188 1119540 7163 2172 10100
internal_value=0.0128847 8.30538 38.7773 3.81866 0.00832849 3.51433 34.6459 9.92516 -1.43046 0.00675667 -0.0202686 -4.21866 0.0481947 0.0534519 -0.0182044 -0.0174686 -0.556726 -1.79602 -6.08793 -11.9101 0.0558757 0.250887 47.1581 0.145231 9.20506 53.3096 0.0287401 -1.70302 -7.32406 -9.9307
internal_weight=23384.4 11.8401 0.538569 11.3015 23372.5 9.47082 0.474967 5.04102 8.99585 23363.1 14140.9 5.94426 9222.13 9199.67 14135 14134 176.344 44.7457 8.088 2.157 9192.23 1121.82 1.52019 1120.3 5.35142 0.12833 8070.41 26.2266 2.88783 1.57704
internal_count=3570804 46174 5679 40495 3524630 52347 18103 3296 34244 3472283 2145892 17980 1326391 1280391 2127912 2102229 116108 93065 34633 16162 1259604 77566 3978 73588 4555 1588 1182038 62498 19435 17263
is_linear=0
shrinkage=0.05


Tree=232
num_leaves=31
num_cat=0
split_feature=8 13 2 13 7 2 2 6 8 2 0 4 12 2 8 9 9 9 8 9 4 13 6 14 0 2 6 13 7 0
split_gain=29807.7 43729 15674.2 11375.9 10622.4 131243 1.15768e+06 191437 106157 56833.7 35965.2 28836.8 17058.6 15706.5 22212.5 19834.3 12234.9 637787 458718 16021.5 11617.6 11315.5 10285.1 9902.06 15940.2 9824.36 9037.95 10805 8583.03 8155.93
threshold=559826.5881666668 716824.68000000005 485261.38500000007 1738820.0900000003 3703000.4550000005 453931.2950000001 468639.08000000002 17.500000000000004 216978.45714285717 323286.61500000005 293.50000000000006 3684012.5100000002 10.500000000000002 282487.21500000003 250626.98857142861 10.500000000000002 135.50000000000003 140.50000000000003 13376.500000000002 263.50000000000006 2064537.0650000002 188828.18000000008 15.500000000000002 1040495.5300000001 109.50000000000001 6515.045000000001 14.500000000000002 35835.800000000097 3532988.2300000004 278.50000000000006
decision_type=2 2 2 2 2 2 2 2 2 2 2 2 2 2 2 2 2 2 2 2 2 2 2 2 2 2 2 2 2 2
left_child=3 2 -2 4 12 8 7 11 23 10 13 -7 16 14 15 -10 28 18 -18 -19 -11 -12 -15 24 -6 -26 27 -16 29 -1
right_child=1 -3 -4 -5 5 6 -8 -9 9 20 21 -13 -14 22 26 -17 17 19 -20 -21 -22 -23 -24 -25 25 -27 -28 -29 -30 -31
leaf_value=-0.015972026916548459 -12.704214056885069 -0.95409494942709583 -0.82710256359770806 -0.97587273793785789 -0.55226497568881761 -0.14220230912601337 -2.9277846914737213 -1.3204395530064288 -1.0092592079801512 -1.2900717968898736 -7.9020014711973694 60.991431069407192 -2.4038291545518322 0.21612117904254671 -3.2681134190503878 -6.6340815830098796 45.31606839358605 -3.4175918753086307 -1.5728961033221223 0.044943573171669061 -9.1446353428319167 -0.284817678987002 0.75170191881861481 -1.7125102085502388 -0.90142882019224813 -14.749263132917427 0.088806661918233096 -0.35950413801184733 -1.5764534428197763 0.058714532150040889
leaf_weight=17192.656485687148 0.32549813692018548 7.2868682870865644 0.54213390902529512 28.220713673206774 0.40127013299327796 0.014769526834406466 4.4963347409739978 0.097340558477126943 8.33965538055722 1.1308030540637353 0.83164956748825924 0.0035399991046769766 6.3732485094806171 243.39083685809152 3.1308226698979391 1.0964911576567384 0.3472707395168847 2.4921197575223166 0.7455518312006727 76.558994987591987 0.94758338790262264 0.77198817367777928 142.09809828843748 0.80683095732532106 0.29046099748234289 0.5719192522788803 1780.8551362566955 15.513188155036019 7.6385727907290848 4641.2936506911828
leaf_count=2582368 33483 24014 5053 62482 899 322 45359 1601 18503 2651 19876 241 21301 2695 15243 14744 59 5665 1423 144 25978 3016 10198 6289 889 34235 100342 11606 18914 502223
internal_value=0.00899722 -2.84356 -9.70208 0.0100778 0.0112714 0.11586 7.75251 53.4254 0.0963355 0.109266 0.118731 59.9602 0.000750318 0.125645 0.0637866 -2.2364 0.00155924 0.614385 27.8583 -0.105481 -6.68007 -5.75479 0.414993 -9.19432 -11.1023 -13.0762 0.0770864 -0.989694 -0.000717211 -9.35401e-05
internal_weight=24169.3 8.1545 0.867632 24161.1 24132.9 2204.79 4.61198 0.11565 2200.18 2198.11 2196.03 0.0183095 21928.1 2194.42 1808.94 9.43615 21921.7 80.1439 1.09282 79.0511 2.07839 1.60364 385.489 2.07048 1.26365 0.86238 1799.5 18.644 21841.6 21834
internal_count=3571816 62550 38536 3509266 3446784 314687 47523 2164 267164 224852 196223 563 3132097 173331 160438 33247 3110796 7291 1482 5809 28629 22892 12893 42312 36023 35124 127191 26849 3103505 3084591
is_linear=0
shrinkage=0.05


Tree=233
num_leaves=31
num_cat=0
split_feature=12 13 0 0 7 6 8 3 6 13 3 3 0 7 3 3 4 12 12 2 6 2 3 0 13 11 3 8 4 8
split_gain=160136 1.01461e+06 36709.9 66945.9 137762 34819.1 30757.7 73629.1 18224.6 105441 49968.2 16387.6 10371 410972 10275.1 10266.2 20097.3 211023 39434.5 23960.8 27272.6 13656.4 2.45068e+06 241355 97390.7 32129 27651.8 19258.1 13666.2 12897.1
threshold=27.500000000000004 8.2218321040272723e-10 322.50000000000006 321.50000000000006 4465882.7550000018 30.500000000000004 559826.5881666668 29772.545000000002 25.500000000000004 543222.74500000023 121.50000000000001 142.50000000000003 315.00000000000006 2713997.7550000004 30067.500000000004 267587.45500000002 2753438.2550000004 14.500000000000002 6.5000000000000009 102230.30500000001 24.500000000000004 262861.71500000003 121858.00000000001 304.50000000000006 483598.68500000006 2.5000000000000004 1.0000000180025095e-35 159969.28625000003 1295156.6700000002 121676.87500000001
decision_type=2 2 2 2 2 2 2 2 2 2 2 2 2 2 2 2 2 2 2 2 2 2 2 2 2 2 2 2 2 2
left_child=2 -2 3 5 14 6 8 -8 12 10 -10 -4 15 -14 -5 21 18 19 -17 -18 -21 -1 26 24 25 -24 28 -28 -23 -20
right_child=1 -3 11 4 -6 -7 7 -9 9 -11 -12 -13 13 -15 -16 16 17 -19 29 20 -22 22 23 -25 -26 -27 27 -29 -30 -31
leaf_value=-0.0029107558003804231 48.485431144606196 -0.3279305226877694 -0.76385047252068028 -1.1377527225541169 7.7204096128973223 0.61786933365669605 -0.91510346110528085 -14.422294553633334 -0.983886498235232 -0.039865742464345814 -18.214440336317264 -10.206549078045626 0.09518457580696682 17.440795943776731 -6.513881728059963 0.076714978602411929 -0.15770803599534389 -0.024587412215860745 -0.48408296169252707 -22.835701130313105 -0.85547869671843346 0.067566976616105209 -42.407699288452122 -3.0673041322435326 -5.016803008251812 -0.82595171496837028 -0.38544973029761409 -1.7993053470137115 -1.3053362528294852 -9.8336600249611763
leaf_weight=17331.437269502778 0.24947578093453771 7.1026377623038357 1.0065086979489564 3.082589740808213 6.7351157523275837 231.47867447413955 6.7469276698896818 0.22260935142609017 0.80274368637769888 12.877432325044605 0.30235689695370827 0.26013042576545498 286.30154406795663 2.4562588333017734 0.69660692789046308 4779.2326313852318 0.18760790217267087 21.379175852756223 0.66422676714993811 0.34284712402195983 0.24849219640549203 1230.1798524204416 2.9118785131487623 0.73493088337769918 0.5032603613300578 0.087977156377044508 164.13004595743524 27.444441230784093 17.398035956602371 0.32724946719152315
leaf_count=2294486 98 4350 8730 12019 2070 52315 35514 24774 18154 6434 23291 15192 11774 1607 7678 484445 18102 4664 1657 39222 1544 90234 25670 1093 3548 393 141896 108945 104041 27051
internal_value=0.0125353 6.93468 0.0101387 0.0107362 3.82235 0.00891589 0.00298893 -3.1027 0.00402545 -1.73927 -12.1136 -6.35269 0.00511984 0.30243 -3.28538 0.0014657 0.0666942 -1.40277 0.0737987 -17.9489 -19.9442 -0.0152214 -0.162933 -34.301 -38.7163 -41.7009 -0.0386508 -0.596312 0.0473871 -6.96084
internal_weight=24137.5 7.35211 24130.2 24128.9 10.5143 24118.4 23886.9 6.96954 23880 13.9825 1.1051 1.26664 23866 288.758 3.7792 23577.2 4802.38 22.1581 4780.22 0.778947 0.591339 18774.8 1443.39 4.23805 3.50312 2.99986 1439.15 191.574 1247.58 0.991476
internal_count=3570991 4448 3566543 3542621 21767 3520854 3468539 60288 3408251 47879 41445 23922 3360372 13381 19697 3346991 576685 63532 513153 58868 40766 2770306 475820 30704 29611 26063 445116 250841 194275 28708
is_linear=0
shrinkage=0.05


Tree=234
num_leaves=31
num_cat=0
split_feature=8 3 3 7 8 2 14 3 8 3 9 3 13 2 4 4 14 9 14 3 6 7 8 12 13 3 4 3 2 3
split_gain=61905.6 1.25143e+06 46777.2 16968.1 548152 898255 116082 124303 51046.3 99516.2 49645 1.13498e+06 44595.8 42984.7 38557.7 19637.4 880051 566052 17991.8 17063.5 15876.6 15248.2 14934 13172.5 11181.4 10661 9829.82 8518.64 17609.1 1.92767e+06
threshold=559826.5881666668 500122.64000000007 29772.545000000002 3963189.2050000005 204970.25600000002 5775.4400000000014 5.1113602239638577e-10 1585.5000000000002 249411.70821428575 53994.500000000007 20.500000000000004 350669.0400000001 5.8093974075745798e-11 675815.54500000004 800994.46000000008 10869669.15 65636.730000000025 18.500000000000004 205812.28500000003 685.31000000000006 20.500000000000004 4035107.3750000005 420302.53416666674 11.500000000000002 1394563.4800000002 15081.500000000002 7560428.8550000014 267587.45500000002 262861.71500000003 121858.00000000001
decision_type=2 2 2 2 2 2 2 2 2 2 2 2 2 2 2 2 2 2 2 2 2 2 2 2 2 2 2 2 2 2
left_child=3 2 -2 15 5 -5 7 -6 9 -8 18 12 -12 14 -9 23 -17 -18 19 -10 -7 -11 -20 26 -4 -25 27 28 -1 -30
right_child=1 -3 24 4 6 20 8 13 10 21 11 -13 -14 -15 -16 16 17 -19 22 -21 -22 -23 -24 25 -26 -27 -28 -29 29 -31
leaf_value=-0.0064935691075044145 -0.88161487268697025 55.392036835689083 -13.630276554631994 57.672553436904437 -0.8988795232857385 -0.44213061936780484 -1.1402600958070084 -1.1237001051817808 -0.22929730242798191 -0.55546990237395988 -0.22745538603158932 50.470657513568092 -10.588926333550903 -0.095935469444305449 -27.604334699480134 -0.016919176954123604 -1.660031735285844 60.135334452583244 0.16444039883448075 -7.7721360602639384 -13.02948607075691 -19.712804155972396 -2.6670876241850365 -0.88822154529475739 -0.56578361820656087 -5.9765687711371971 -2.5897107437999485 0.056246277175222008 -0.06703165930210396 -29.178572636838251
leaf_weight=16217.92477539309 6.8935966315366493 0.050782433229528467 0.067217218763337361 0.04911132833063464 2.3925031570797888 0.42507206052505647 5.5414034968020269 0.26136359004206394 1.7694803621103261 0.18286256492137906 12.42637459696758 0.16142011980503923 0.13828966897490325 0.24999737739563832 0.037633337355322205 65.826189219204906 0.50250504911079374 0.012019426419612955 1605.0281389103486 0.38971914303729915 0.058961388159730621 0.019436473695653961 3.6730607326951477 4.5291622183005718 0.30168906199861306 0.54999906823902911 2.6770725591559303 4595.6242629592307 1212.9793708518641 4.713263401916719
leaf_count=2210990 37090 14291 8325 528 21494 860 33295 529 10664 648 8064 5719 9311 1053 22150 5372 8514 1270 120212 12408 24988 17749 26132 13428 2885 12166 15461 516546 382616 27983
internal_value=0.0102283 4.32415 -2.69314 0.00871693 0.164207 30.0475 0.136052 -8.4346 0.156692 -4.18493 0.174621 3.16918 -1.11408 -19.4904 -23.1452 -0.00277498 0.849757 38.5328 0.149009 -3.62153 -9.72538 -17.2653 0.156319 -0.0053799 -11.168 -2.33253 -0.0047374 -0.00430554 -0.0202682 -0.203566
internal_weight=23745.5 7.31329 7.2625 23738.1 1632.8 0.533145 1632.27 2.9415 1629.33 5.7437 1623.59 12.7261 12.5647 0.548994 0.298997 22105.3 66.3407 0.514524 1610.86 2.1592 0.484033 0.202299 1608.7 22039 0.368906 5.07916 22033.9 22031.2 17435.6 1217.69
internal_count=3572741 62591 48300 3510150 315804 26376 289428 45226 244202 51692 192510 23094 17375 23732 22679 3194346 15156 9784 169416 23072 25848 18397 146344 3179190 11210 25594 3153596 3138135 2621589 410599
is_linear=0
shrinkage=0.05


Tree=235
num_leaves=31
num_cat=1
split_feature=7 8 3 14 14 8 8 3 0 3 14 14 3 3 8 8 3 8 3 3 2 13 2 2 2 3 1 2 7 0
split_gain=34036.1 1.04014e+06 4.03948e+06 195787 1.19935e+06 174761 97515.9 64951.6 55997.7 48732.4 40976.8 38951.2 323040 29664.9 21037.9 20217.1 34831.7 20061.5 16104.9 76574.5 66358.7 47338 1.23857e+06 68391.1 21278.4 53560.9 52576.9 595777 106963 24373.7
threshold=3963189.2050000005 225027.25000000003 384819.90000000008 5.8435034588910652e-11 5.1613824325613684e-11 230259.7604261364 251976.52200000003 5014.5000000000009 321.50000000000006 30067.500000000004 884491.94000000006 205812.28500000003 29772.545000000002 34775.000000000007 536915.17125000001 260038.17450000002 52108.500000000007 420302.53416666674 49116.785000000011 39728.500000000007 33214.085000000006 1.4460965758189562e-10 146082.49500000002 133614.88000000003 32183.350000000002 4545.0000000000009 0 191770.58500000002 2283452.8700000006 208.50000000000003
decision_type=2 2 2 2 2 2 2 2 2 2 2 2 2 2 2 2 2 2 2 2 2 2 2 2 2 2 9 2 2 2
left_child=8 2 7 4 -3 10 -6 -2 18 -10 -5 12 -7 -14 15 16 -13 -17 19 24 -20 22 23 -21 -1 29 -27 28 -28 -26
right_child=1 3 -4 5 6 11 -8 -9 9 -11 -12 14 13 -15 -16 17 -18 -19 20 21 -22 -23 -24 -25 25 26 27 -29 -30 -31
leaf_value=0.012101145988484139 -1.0705592081522926 -3.8804431804571067 104.66702046191183 -2.4756412093657847 60.581022621438109 -0.43789106385027882 -0.76453835584059604 -16.379894072840678 -1.3565824863874445 -11.654324966121482 9.0517508185847468 -0.91530505977707299 -0.3053765835798774 -30.726623633226684 1.2492193880337892 0.13718241469316392 -10.969807702352803 -3.8649784536543161 -7.1706958591353702 -59.439896738372902 0.037289039513324532 -0.85725878827037105 -0.59180971116112779 -0.32149779977776177 -0.0064773680053767206 -0.51496279483257112 -47.736659059448669 -1.4253870249927694 -0.0025509886480499702 -0.77255974262243476
leaf_weight=5844.9433423864521 1.5760300485881524 2.9309034817691919 0.14055498871374839 0.44884057151099099 0.0045602832973175708 17.057871253558908 0.042771517855049665 0.49723236101932422 3.8605790585846238 0.86038234189771312 5.6642351123989911 5.9809441117780517 0.10933388398667589 0.021716770806959426 41.181995655468654 1615.1280244350651 0.05726386117783544 2.1382714780067991 2.1937972029718358 0.0068210929916312215 14637.4532228185 30.040991608213776 15.477808478169916 0.063094877288217083 1885.2449790477306 474.09269351870955 0.0012233991648591116 4.6983880991229841 0.13330043375672287 108.8804541218085
leaf_count=882169 24838 24025 12669 4921 430 36024 1779 14153 24779 15832 2003 19554 980 23293 18513 117041 10924 25485 422856 46475 687055 13760 17324 1121 429474 225557 82436 85067 6641 293825
internal_value=0.0187932 0.235095 28.6532 0.180967 11.2604 0.154758 57.341 -8.87894 0.0028675 -4.94327 7.97562 0.121602 -2.1799 -28.0603 0.146667 0.117941 -2.55643 0.129503 0.00409766 -0.0512492 0.0357189 -2.07269 -4.2271 -56.2587 -0.0399218 -0.162833 -0.637057 -3.53254 -42.1348 -0.0486747
internal_weight=24700.9 1692.98 2.21382 1690.77 2.97824 1687.79 0.0473318 2.07326 23008 4.72096 6.11308 1681.68 17.1889 0.131051 1664.49 1623.3 6.03821 1617.27 23003.2 8363.58 14639.6 45.5887 15.5477 0.069916 8317.99 2473.05 478.926 4.83291 0.134524 1994.13
internal_count=3571003 336632 51660 284972 26234 258738 2209 38991 3234371 40611 6924 251814 60297 24273 191517 173004 30478 142526 3193760 2083849 1109911 78680 64920 47596 2005169 1123000 399701 174144 89077 723299
cat_boundaries=0 1
cat_threshold=2
is_linear=0
shrinkage=0.05


Tree=236
num_leaves=31
num_cat=0
split_feature=0 2 8 13 13 3 3 3 6 13 2 3 3 11 3 8 4 9 2 13 9 6 0 7 6 4 7 12 3 13
split_gain=315882 838284 21596.7 36249 15571.5 15623.8 12859.9 11122.3 52358.5 31754.5 21978.2 2.18363e+06 419341 178194 23015 14379.5 12755.4 11598.5 9836.49 1.00416e+06 97233 69407.4 81181.5 57631.3 14290.8 9270.78 9109.39 21857.5 13736.9 9072.17
threshold=322.50000000000006 30273.515000000003 588944.58600000013 716824.68000000005 1951024.6100000001 31191.500000000004 11507.100000000002 231374.46000000005 30.500000000000004 704625.95500000031 232599.43000000002 121858.00000000001 215186.00000000003 4.5000000000000009 121.50000000000001 158104.01115384616 1145462.2100000002 92.500000000000014 232599.43000000002 3354.1400000000008 85.500000000000014 37.500000000000007 9.5000000000000018 469205.93500000006 8.5000000000000018 1470291.3550000002 12663079.709999999 10.500000000000002 431.50000000000006 5.8662408264353884e-11
decision_type=2 2 2 2 2 2 2 2 2 2 2 2 2 2 2 2 2 2 2 2 2 2 2 2 2 2 2 2 2 2
left_child=2 -2 4 -4 7 -6 -3 8 10 -10 26 14 13 -13 16 -16 -12 18 19 20 21 22 -9 -21 -25 -17 27 -1 -29 -20
right_child=1 6 3 -5 5 -7 -8 17 9 -11 11 12 -14 -15 15 25 -18 -19 29 23 -22 -23 -24 24 -26 -27 -28 28 -30 -31
leaf_value=0.01137721735048986 47.616315071403648 -0.6089980951132703 -9.5936183284274605 -0.79674032847893184 -0.92355621475511607 -6.1707753690346232 -8.1677916594705611 -1.2840977131710123 -13.833521121528456 -0.18541049660927236 0.038848737755855574 -59.69854896454099 -12.229812747851339 -0.17829373395676612 -0.36081043152455483 -2.3408366709899453 -1.1386528961342937 -1.6985996386997417 0.14854089045354946 0.080377610022764265 -0.77832033392098032 -0.86971603415456278 -45.929520587203079 -11.315313455462423 -1.7747362058954192 -0.74188461037714148 0.4479467114447771 -1.0155496050086172 -6.5181953288103491 0.023576111540473819
leaf_weight=16854.827284879957 0.24926193440122846 1.3216537699568025 0.51455969501005583 6.1773071500861718 9.4879400543133112 0.79439417069157414 0.28665546211633985 0.17289861487215297 0.098820537239533324 0.74262693488168297 986.72842236397628 0.84395061588321785 1.8330222718419245 0.14157809475555827 170.54206931392378 15.443899667953294 22.547371535238085 8.2043065015695884 3271.2688000450453 346.21027941838844 0.22884751493506439 0.15508489310741425 0.48730518742009465 0.3340598627680641 1.2159531695107897 23.495762655463132 118.75793623407662 3.8328701150326734 0.96804096221825586 2612.4037865519749
leaf_count=2179562 6848 8097 32282 21457 31789 21933 8955 7081 35721 2772 106423 27678 2772 711 166992 87331 132143 8049 68849 35812 6661 1991 323217 59305 55461 43876 776 10901 8231 67025
internal_value=0.0178174 16.6408 0.0158744 -2.63311 0.0167073 -1.8404 -4.57308 0.017564 -0.0021871 -8.43285 -0.00133375 -0.206087 -37.9573 -55.5468 -0.0877305 -0.563325 0.0114372 0.0751595 0.0777674 -0.179868 -35.1216 -39.0196 -42.0565 0.0254326 -7.4639 -1.4189 0.013409 0.0103215 -3.05833 0.0930697
internal_weight=24460.3 1.85757 24458.5 6.69187 24451.8 10.2823 1.60831 24441.5 18200.8 0.841447 18200 1221.58 2.81855 0.985529 1218.76 209.482 1009.28 6240.68 6232.48 348.804 1.04414 0.815289 0.660204 347.76 1.55001 38.9397 16978.4 16859.6 4.80091 5883.67
internal_count=3570701 23900 3546801 53739 3493062 53722 17052 3439340 2805889 38493 2767396 567926 31161 28389 536765 298199 238566 633451 625402 489528 338950 332289 330298 150578 114766 131207 2199470 2198694 19132 135874
is_linear=0
shrinkage=0.05


Tree=237
num_leaves=31
num_cat=0
split_feature=6 0 8 13 6 13 13 14 7 9 0 2 0 0 13 7 9 2 0 9 13 13 13 2 2 0 0 8 4 0
split_gain=36017.2 25975 23906.9 56255.1 12073.3 10776.8 10173.9 7930.46 87387.3 858358 20410.3 24155 14746.1 714572 664628 75694.1 92540.1 39540.5 28358.6 97922.5 27702.6 26635.2 23152.4 43166.1 19266.4 17372.9 16744.4 12707.6 21682 18557.3
threshold=35.500000000000007 322.50000000000006 588944.58600000013 731465.70999999996 32.500000000000007 2543858.6900000009 716824.68000000005 1059630.2850000004 1105507.7100000002 16.500000000000004 182.50000000000003 453931.2950000001 143.50000000000003 144.50000000000003 334764.74000000005 846108.34000000008 84.500000000000014 54538.475000000013 135.50000000000003 5.5000000000000009 342491.41000000009 16893.145000000004 30547.78000000025 44286.150000000009 109786.07500000001 22.500000000000004 142.50000000000003 49185.886250000003 584054.02000000014 131.50000000000003
decision_type=2 2 2 2 2 2 2 2 2 2 2 2 2 2 2 2 2 2 2 2 2 2 2 2 2 2 2 2 2 2
left_child=1 2 4 6 5 7 -4 12 9 -9 11 -10 15 14 -14 18 17 21 27 22 24 -17 23 -20 -19 -22 -21 28 29 -1
right_child=-2 -3 3 -5 -6 -7 -8 8 10 -11 -12 -13 13 -15 -16 16 -18 20 19 26 25 -23 -24 -25 -26 -27 -28 -29 -30 -31
leaf_value=-0.11759352262744481 0.89743439680820092 -4.9276015308259566 -14.858833279622417 -0.77150517466283464 -4.1023266178118361 -2.8104458305323847 -0.11843415789012567 -0.7128714877126785 0.078619893901122367 39.792998258606289 -1.4540997436238747 -3.1212912847061336 -0.41115556038310069 0.02340041702233428 56.427927654345631 -5.6166277566056486 -12.075426937606185 -4.5002420499577367 -11.75433701324696 -11.49751628444011 -2.2267982577188405 -0.36541479151289502 -0.24974237424901991 -1.4987025644477459 -1.2791002702971719 -9.256204285445671 -0.15942371530206417 0.022782746074263012 -3.2832201649361714 -2.1606690147528131
leaf_weight=1563.9864305794699 114.03635441269216 1.6625673007583817 0.0024286843834862007 5.7726322152865919 0.78294245926372141 2.3808648806007104 0.15166942639027214 10.228664324201972 3860.8946794932895 0.49415942836766369 20.984660350838112 4.9070162079478896 0.95125281901825476 14753.466196602674 0.083737274663443495 1.4790584681552719 0.92459523368489627 4.69927533606183 0.14865891365064321 1.4774587500894731 2.8943465891207074 107.13248982142716 83.282557073417834 15.440323933860657 35.700443168107093 1.2949819357934726 0.40868314519108495 4266.7838939599606 4.4804871717158212 10.198432305300456
leaf_count=434822 28133 23594 32054 20893 14328 32038 198 5206 181869 208 37804 26336 2486 2203525 67 6716 25502 14368 59203 15622 11393 14820 19614 15467 59436 27227 402 199731 13086 44638
internal_value=0.014758 0.010657 0.0111877 -2.92583 0.0120092 0.0123053 -13.0286 0.0126905 0.0781475 4.38866 0.0651287 0.0737507 0.000453992 0.0274888 29.6541 -0.0649265 -1.15529 -1.01147 -0.0364741 -0.864004 -2.24882 -0.48756 -0.59276 -2.29947 -1.75355 -5.76563 -9.94899 -0.0220639 -0.143215 -0.132196
internal_weight=24877.1 24763.1 24761.4 5.92673 24755.5 24754.7 0.154098 24752.3 3897.51 10.7228 3886.79 3865.8 20854.8 14754.5 1.03499 6100.33 154.125 153.201 5946.21 100.758 44.589 108.612 98.8715 15.589 40.3997 4.18933 1.88614 5845.45 1578.67 1574.18
internal_count=3570786 3542653 3519059 53145 3465914 3451586 32252 3419548 251423 5414 246009 208205 3168125 2206078 2553 962047 159462 133960 802585 110308 112424 21536 94284 74670 73804 38620 16024 692277 492546 479460
is_linear=0
shrinkage=0.05


Tree=238
num_leaves=31
num_cat=0
split_feature=7 2 0 3 8 13 13 12 14 3 3 2 9 3 2 3 7 13 7 14 8 9 3 2 2 3 0 13 2 0
split_gain=704175 729658 27526.5 33526.6 15105.6 35447.8 11683.2 10831.9 24958.1 28409.8 8966.99 587765 591406 100654 61256.4 330753 64209.1 36938.4 32138.3 26906.7 25345.8 241769 25112.5 23454.1 116219 173432 362173 94773 57441 42151.9
threshold=14033467.970000001 10572.115000000002 322.50000000000006 142.50000000000003 588944.58600000013 716824.68000000005 2543858.6900000009 23.500000000000004 2899749.145 50852.55000000001 91389.24500000001 74842.735000000015 5.5000000000000009 85349.000000000015 91150.985000000015 134403.82000000004 495257.77500000008 1319970.1850000003 252969.16000000003 1.0000000180025095e-35 389958.91933333332 2.5000000000000004 94470.000000000015 94753.440000000017 111694.895 53994.500000000007 38.500000000000007 33272.700000000004 109786.07500000001 47.500000000000007
decision_type=2 2 2 2 2 2 2 2 2 2 2 2 2 2 2 2 2 2 2 2 2 2 2 2 2 2 2 2 2 2
left_child=2 -2 4 -4 6 -6 7 8 10 -10 13 12 -12 23 15 16 18 -18 22 -15 -16 -22 -13 -1 25 -25 -27 28 -28 -26
right_child=1 -3 3 -5 5 -7 -8 -9 9 -11 11 14 -14 19 20 -17 17 -19 -20 -21 21 -23 -24 24 29 26 27 -29 -30 -31
leaf_value=0.015700756075811586 58.454887621967231 -3.4751628581464176 -0.35119826504857526 -11.908738639177431 -8.9074249762279507 -0.56183083498347519 -2.97163864916278 0.30529546942103336 -1.2856230173669418 -9.8056075323771346 -6.703799956985292 -0.95565672319005612 -49.410774104010379 -3.2645624922957532 0.064006681853102529 -0.15924134089974548 -27.081957596514158 -0.046426731119403597 -2.0449390871067856 -13.026591847319743 -0.33070389328611804 -21.873060373466149 -15.284949076031138 -1.5289098872074403 -0.0025552580123293749 -0.82965227394542473 -43.83531081157593 -4.5067528673658126 -0.62903943919843819 -0.6365431957458485
leaf_weight=10287.7929512601 0.043703023343622971 0.68248228807416988 1.6731347578865263 0.070518787644305525 0.54796390377682058 8.0877807213908941 2.2658763010877001 325.22400226775062 6.6889637131230737 0.24820714025686452 4.9583499814889453 0.55976825897182014 0.093891979371609646 3.1352235664974311 11976.568832270281 32.770835666007002 0.35132920982457405 0.14357686727031127 2.2107399405567705 0.62499547248510934 23.835022844396196 0.37990183465062344 0.54347209736950008 18.562267473362638 1215.9131282642222 2.6515029431970891 0.018492514456085574 0.57669438575138154 0.11544518760570099 333.25714015463518
leaf_count=1398914 476 15268 8633 15070 31031 19974 32456 3512 26260 15051 342177 121 90845 11995 436316 34954 1990 62 542 5821 7189 17321 1830 74668 200591 676 2626 866 317 774584
internal_value=0.0196444 31.9535 0.0173704 -4.99055 0.0179365 -1.96136 0.0187227 0.0191251 0.0152201 -2.78809 0.0161504 0.0465424 -15.5312 -0.014703 0.0543706 -1.96118 -14.2066 -24.5198 -7.33853 -7.28388 0.0606775 -1.52294 -11.928 -0.0117837 -0.191655 -3.7258 -12.7226 -30.669 -39.9957 -0.139264
internal_weight=24250.6 0.726185 24249.9 1.74365 24248.1 8.63574 24239.5 24237.2 23912 6.93717 23905.1 12042.4 5.05224 11862.6 12037.4 36.5797 3.80889 0.494906 3.31398 3.76022 12000.8 24.2149 1.10324 11858.9 1571.09 21.9244 3.36214 0.710632 0.133938 1549.17
internal_count=3572136 15744 3556392 23703 3532689 51005 3481684 3449228 3445716 41311 3404405 933347 433022 2471058 500325 39499 4545 2052 2493 17816 460826 24510 1951 2453242 1054328 79153 4485 3809 2943 975175
is_linear=0
shrinkage=0.05


Tree=239
num_leaves=31
num_cat=0
split_feature=7 0 3 7 14 6 3 3 7 3 4 12 3 13 2 2 13 6 13 3 13 13 0 0 3 9 2 3 13 0
split_gain=25359.3 23211.6 22379.3 13062.7 127797 95813.8 78506 32655.6 32314.4 22921.8 20724 16231.3 15866.4 13930.2 12367.1 68116.3 10672.1 9253.14 62734.9 30190.2 13890 8274.19 7829.79 110063 191142 165342 151142 126137 33750.9 25574.3
threshold=12663079.709999999 322.50000000000006 142.50000000000003 6691214.6300000008 184397.61500000011 23.500000000000004 1585.5000000000002 5088.1050000000005 5584584.4900000012 33683.990000000013 4704807.2950000009 11.500000000000002 16156.440000000001 272758.96500000003 100400.47000000002 98470.200000000012 1394563.4800000002 19.500000000000004 1.0000000180025095e-35 1.0000000180025095e-35 359311.18000000011 1879732.9750000003 132.50000000000003 141.50000000000003 774.40500000000009 7.5000000000000009 31213.930000000004 25371.000000000004 667709.60000000009 131.50000000000003
decision_type=2 2 2 2 2 2 2 2 2 2 2 2 2 2 2 2 2 2 2 2 2 2 2 2 2 2 2 2 2 2
left_child=1 3 -3 5 6 8 -5 -7 11 -10 -6 17 -13 -9 15 -12 -2 21 -19 -20 -21 22 29 24 -24 26 28 -27 -26 -1
right_child=16 2 -4 4 10 7 -8 13 9 -11 14 12 -14 -15 -16 -17 -18 18 19 20 -22 -23 23 -25 25 27 -28 -29 -30 -31
leaf_value=0.043122233863983346 -8.8982426162916877 -0.37605201859417681 -9.3909007872955268 -0.33375133674925972 -4.4923126230353461 -0.82773079204236577 -22.381143687998772 -17.753800744612306 -1.6156640898509576 -10.578463990611844 0.31060456600682196 -0.74270415769577347 -5.9867913914906588 -0.49320860811140865 0.15610221596170987 3.7281094001345374 -0.65053380726767485 -0.20885391901320874 -0.63664514646679127 -15.765831859238313 -0.78953499098292224 -1.5280194847834485 -0.1793556834941003 0.00041321875586458872 -23.804830401035268 -4.0923144170282093 -2.7559059762057894 -31.148405178700497 -1.4249011809759482 1.6681056591822967
leaf_weight=8936.8890134389421 0.12405719005900262 1.6780941333709944 0.28421052669718894 0.72622304633877566 1.2975049379582504 0.69436905320659192 0.0073354199318884641 0.12382919708998491 3.3459098510177672 0.12986375560985886 148.73688512860369 5.6205752724022968 1.1281203709362806 0.19681093460252169 570.73465555249732 15.198007583618191 0.87242792597035834 29.395200662404157 0.88093621204650174 0.15356279701522429 0.30831333165382319 7.7352322388833263 78.734025457650006 13715.595860633344 0.12146738990102768 1.3811299926134772 32.744655255395656 0.040064100392536717 0.35924296248752008 23.279686846986806
leaf_count=809464 18668 8531 15044 16694 18577 18789 18110 16012 22939 14571 15400 21381 18849 4439 43598 318 4308 11512 13181 14692 3308 31586 80174 2171340 43281 6924 67227 14261 552 26462
internal_value=0.0124322 0.012909 -4.41278 0.0134648 0.220548 0.00677542 -13.3404 -10.8957 0.00773724 -4.24033 0.252155 0.00856975 -2.27945 -15.5588 0.266636 0.648146 -5.62249 0.00934621 -0.843798 -8.71915 -13.1508 0.0105337 0.0111232 -0.0124674 -1.55705 -4.59486 -3.5541 -17.407 -19.3408 0.0475304
internal_weight=23578.5 23577.5 1.9623 23575.6 736.701 22838.9 0.733558 1.01501 22837.8 3.47577 735.967 22834.4 6.7487 0.32064 734.67 163.935 0.996485 22827.6 30.738 1.34281 0.461876 22796.9 22789.1 13829 113.381 34.6466 33.2254 1.42119 0.48071 8960.17
internal_count=3570192 3547216 23575 3523641 112697 3410944 34804 39240 3371704 37510 77893 3334194 40230 20451 59316 15718 22976 3293964 42693 31181 18000 3251271 3219685 2383759 212419 132245 111060 21185 43833 835926
is_linear=0
shrinkage=0.05


Tree=240
num_leaves=31
num_cat=0
split_feature=7 4 6 3 12 0 7 8 13 3 2 2 2 13 2 7 9 0 2 3 9 8 0 4 3 9 3 7 2 2
split_gain=2.0595e+06 1.75608e+06 78006.1 32444.4 22354.5 20235.9 17097.2 15837.7 45687 13752.1 569907 205832 59136.2 660932 58610.5 45282.6 21993.9 19208.4 16798.9 67760.2 225105 114348 40988.4 65093.7 282916 565205 122441 88055.4 120180 84754.1
threshold=12663079.709999999 9540369.8850000035 30.500000000000004 5267754.6250000009 29.500000000000004 322.50000000000006 1647887.5950000002 588944.58600000013 716824.68000000005 231374.46000000005 42917.55000000001 41537.310000000005 232599.43000000002 3354.1400000000008 226438.50000000003 469205.93500000006 91.500000000000014 321.50000000000006 150427.12000000002 152370.96000000005 5.5000000000000009 362477.74571428576 226.50000000000003 1570160.3450000002 57027.320000000007 5.5000000000000009 222732.50000000003 2951346.6100000003 468639.08000000002 179600.97000000003
decision_type=2 2 2 2 2 2 2 2 2 2 2 2 2 2 2 2 2 2 2 2 2 2 2 2 2 2 2 2 2 2
left_child=2 -2 5 4 -4 7 -7 9 -9 18 11 -11 13 14 17 -15 -14 -12 19 -1 -21 -22 -20 24 -24 29 27 28 -27 -26
right_child=1 -3 3 -5 -6 6 -8 8 -10 10 12 -13 16 15 -16 -17 -18 -19 22 20 21 -23 23 -25 25 26 -28 -29 -30 -31
leaf_value=0.013912923516122618 79.82763821359282 -3.9977178651071954 -17.940019783628252 0.0148205058371501 -0.70588495002706542 -9.4257414854966779 -0.98206138472462712 -11.332068242424148 -0.58179004932572198 -0.58341795354784487 -32.911452390970631 31.835525558588316 0.073062540186826827 -0.16772777956919438 -5.7929311624595927 -6.8557995640830924 1.2504937368800519 -0.27404574487643119 -0.061833473305781206 -1.1483722016443287 -27.646688419131046 -1.1674681999538958 -0.6815872333343459 -0.15582140057781235 -0.92643715308554475 -52.857726310891884 -2.6204836431160361 -1.6649460395036073 -1.5307413194455846 -10.453087157854631
leaf_weight=14844.460800413766 0.49253315379516815 0.9193513535292609 0.028228281375534903 0.56304234266281128 0.33606761212601266 0.012720443744316134 2.181068953149091 0.17296120926710568 7.1214886590101907 0.60916954565212345 0.75892439696673675 0.92116898978789885 6547.9518382856349 68.865642245541324 0.85912526439954751 1.6302035016669254 38.90864312830854 0.063937313854694366 2278.9442921924556 24.977889291861214 0.28194387520992836 0.7344885976703317 76.264190664891458 171.98668050431993 7.9474165082509263 0.080158809201014869 0.40978138110176748 0.2070271372795105 0.19652365461485277 2.4469369490431916
leaf_count=1800163 5052 17990 33456 3876 1078 17940 5298 30717 19789 186247 176164 2984 136253 27430 3766 97641 1959 1571 598625 73266 12208 796 196448 82046 2462 17945 374 866 3153 13472
internal_value=0.0149873 46.2159 0.0103591 -10.0483 -14.2158 0.011164 -3.96853 0.0116916 -2.17279 0.0124441 0.0735398 23.7982 0.0645143 -1.34905 -25.7123 -0.416186 0.0802072 -31.9198 -0.0109334 0.00936223 -2.49344 -18.583 -0.129784 -0.723896 -1.8254 -8.86857 -34.1408 -41.0767 -46.1597 -3.89012
internal_weight=24081.3 1.41188 24079.9 0.927338 0.364296 24079 2.19379 24076.8 7.29445 24069.5 6660.57 1.53034 6659.04 72.1778 1.68199 70.4958 6586.86 0.822862 17408.9 14870.5 25.9943 1.01643 2538.48 259.539 87.552 11.2878 0.893491 0.48371 0.276682 10.3944
internal_count=3571035 23042 3547993 38410 34534 3509583 23238 3486345 50506 3435839 634015 189231 444784 306572 181501 125071 138212 177735 2801824 1886433 86270 13004 915391 316766 234720 38272 22338 21964 21098 15934
is_linear=0
shrinkage=0.05


Tree=241
num_leaves=31
num_cat=0
split_feature=6 4 7 7 13 0 12 0 9 2 8 8 8 2 13 6 0 6 10 0 2 2 9 7 6 2 14 14 7 2
split_gain=435047 820153 244034 24721.1 79599.5 20818.4 19757.9 17754.7 127118 3.83231e+06 1.28673e+06 589219 15409.7 36180 14328.4 14027.1 28388.7 12757.8 10123.5 9866.99 8283.8 7878.38 17853.6 24475.3 16681.2 13613.8 1.17573e+06 2.18329e+06 2.42817e+06 38779.7
threshold=34.500000000000007 5813841.7350000013 10793438.285000002 8128285.25 1.4042598195374014e-09 322.50000000000006 23.500000000000004 315.00000000000006 19.500000000000004 156830.25500000003 246842.36248355269 251976.52200000003 486400.04218750005 54538.475000000013 745807.49000000022 27.500000000000004 94.500000000000014 13.500000000000002 1.5000000000000002 6.5000000000000009 675815.54500000004 102230.30500000001 118.50000000000001 989410.50000000012 23.500000000000004 104039.41000000002 223719.70500000007 469589.16000000009 531684.25000000012 105954.84000000001
decision_type=2 2 2 2 2 2 2 2 2 2 2 2 2 2 2 2 2 2 2 2 2 2 2 2 2 2 2 2 2 2
left_child=3 2 -2 5 6 7 20 12 -9 -10 -11 -12 15 -14 -15 19 -17 -7 -3 -1 -5 24 25 -24 -21 26 -23 -28 -29 -27
right_child=1 18 -4 4 -6 17 -8 8 9 10 11 -13 13 14 -16 16 -18 -19 -20 21 -22 22 23 -25 -26 29 27 28 -30 -31
leaf_value=-2.5552126242645392 -4.5181395195673293 -8.1985529813032372 60.581171356471877 -15.359219716072056 -0.52042955482823849 -7.445395792392687 -0.39905747941979164 0.11565261857059742 -0.17913749781065635 -2.6831330575280616 119.43476314381638 -0.8651448555556831 -0.20845781427288435 -5.7222260571403307 -1.1866231858404004 -0.4693173580833146 -9.7248668364875055 -0.69800545925106228 -0.27066488979468623 -0.0085657965567133669 -0.63260857961921912 0.044688503461260687 -9.5469728496411914 -0.54246257809986698 -4.9449833004826749 -4.7204994686435198 -0.63928623215171165 118.64238369779683 -1.6134436511325765 0.041638700504725241
leaf_weight=2.718993034297454 0.017202852916784916 0.19016930658014508 0.001259389780157826 0.37838745414593944 12.413403197494333 0.47826363906829339 0.40135093885797413 601.87724403725736 33.226006015555306 0.27922937869186615 0.024984536980920416 0.097066778968378217 35.604905526519005 3.7312271071541998 3.8070247723820465 3.7795051314250419 0.10466962835117266 1.7872535283149287 0.71814747185719108 11413.605941095306 0.19940392673017837 396.55856934287903 0.13527233450934195 2.6601688099895666 0.71163270769284181 3.2766690334028672 2.9000752561654166 0.030588520028096866 0.66361752347313352 11595.149308290556
leaf_count=5562 7813 21935 1385 25409 29092 20613 159 23161 5235 4443 84 1722 11866 44239 23398 2423 20370 2411 1160 1895378 3467 7233 6343 1164 10836 12908 2023 79 2880 1376392
internal_value=0.0248983 23.7826 55.0404 0.022999 -2.04861 0.0242352 -11.368 0.0247753 0.28534 3.2313 84.2282 108.252 0.0177064 -0.915609 -3.83946 0.0194648 -2.65979 -3.96776 -5.35954 0.0200229 -13.9022 0.0204313 0.0487139 -3.38009 -0.00930716 0.0497947 0.33617 25.4847 70.5831 0.0398861
internal_weight=24117.5 0.926779 0.0184622 24116.6 13.3925 24103.2 0.979142 24100.9 635.505 33.6273 0.401281 0.122051 23465.4 43.1432 7.53825 23422.3 3.88417 2.26552 0.908317 23418.4 0.577791 23415.7 12001.4 2.79544 11414.3 11998.6 400.153 3.59428 0.694206 11598.4
internal_count=3571183 32293 9198 3538890 58127 3480763 29035 3457739 34645 11484 6249 1806 3423094 79503 67637 3343591 22793 23024 23095 3320798 28876 3315236 1409022 7507 1906214 1401515 12215 4982 2959 1389300
is_linear=0
shrinkage=0.05


Tree=242
num_leaves=31
num_cat=0
split_feature=8 9 6 0 4 3 11 0 6 8 3 13 11 12 3 0 2 8 3 7 14 14 14 0 9 3 8 3 3 3
split_gain=192027 774347 95056.2 102805 39783.1 43748.4 27218.8 17577 22728.4 16937.1 45274.2 748997 25679.9 15548.3 23074.7 14000.8 26458.7 13537.7 31210 53871.7 21035.5 199238 1.16294e+06 105268 23515.6 47570.5 11763.9 10940.9 10806 93704.7
threshold=726671.25833333342 58.500000000000007 30.500000000000004 93.500000000000014 8000365.4750000006 1585.5000000000002 2.5000000000000004 322.50000000000006 13.500000000000002 351484.37608150468 78786.345000000016 113250.92500000006 1.5000000000000002 11.500000000000002 51720.500000000007 4.5000000000000009 14657.960000000001 234808.61769444446 500122.64000000007 495257.77500000008 7.7307049650698916e-12 5.8435034588910652e-11 1.4779288903810087e-11 252.50000000000003 48.500000000000007 91389.24500000001 443746.43343137257 139520.00000000003 47431.245000000003 31471.275000000005
decision_type=2 2 2 2 2 2 2 2 2 2 2 2 2 2 2 2 2 2 2 2 2 2 2 2 2 2 2 2 2 2
left_child=2 -2 4 -4 7 -6 -5 9 -9 13 -11 -12 26 15 -15 16 -1 28 20 -20 24 22 23 -22 25 -19 -13 -26 29 -17
right_child=1 -3 3 6 5 -7 -8 8 -10 10 11 12 -14 14 -16 17 -18 18 19 -21 21 -23 -24 -25 27 -27 -28 -29 -30 -31
leaf_value=1.6383045319306053 -1.7974819482943762 39.807894755641172 -0.85753867453114185 -23.473978330050059 -0.92260968575860114 -10.762228419434393 -0.031677886520315411 -9.819039895674706 -0.59666481049216513 -0.12380783187257648 -38.976062727722386 -0.17494156479760881 -6.1396642879909704 -0.92489103090774083 -8.3469068075381845 -0.02916821913846071 0.19219763364475861 -1.5288119350454206 -0.66493416486450951 -13.918066592117137 59.858774339843492 0.10603626910495337 -2.1052609113433873 -0.51244525086771342 -2.0774050246825397 -11.982021559459822 -4.9482641860781635 -0.070522901870166216 0.029037755660002523 -1.7245973296623351
leaf_weight=34.926583099735581 3.9667028416868528 0.51561060215790577 1.7506272205319984 0.015839721956179775 3.7711047196829957 0.76040265889568415 0.1445834550471119 0.027963533174473088 2.3324841984549187 470.89261725805727 0.31530980539790832 39.492736585083819 1.0118185749529818 8.8554016349125799 0.25009466276516334 5721.246072980216 268.12537119178523 11.159691077335079 3.1058310748447369 0.070024124206774174 0.020876347555075753 4463.4719577595897 3.8829618222565063 0.059416686164137061 6.7893855994341115 0.27176282049474387 0.3385794454433072 53.67402630245769 12687.754791332265 81.675781526887477
leaf_count=2144 30104 1107 6748 47735 27376 27458 1339 20123 2425 127600 32488 8451 16983 29210 17232 1667706 1424 22612 8677 87624 379 274406 8487 360 17042 3469 6143 1677 945446 127073
internal_value=0.0191053 9.37573 0.0169551 -9.01765 0.0180566 -4.22176 -20.5848 0.019039 -3.59684 0.0195477 -0.264631 -1.83451 -0.623027 0.0257921 -1.93505 0.0266403 0.363717 0.0221895 0.0995175 -4.22136 0.103471 0.117195 10.1296 56.0593 -0.739156 -2.72158 -0.335833 -0.326088 0.00318807 -0.0533252
internal_weight=23870.7 4.48231 23866.2 1.91105 23864.3 4.53151 0.160423 23859.8 2.36045 23857.4 512.051 41.1584 40.8431 23345.3 9.1055 23336.2 303.052 23033.2 4542.51 3.17586 4539.33 4467.44 3.96325 0.080293 71.8949 11.4315 39.8313 60.4634 18490.7 5802.92
internal_count=3571048 31211 3539837 55822 3484015 54834 49074 3429181 22548 3406633 191665 64065 31577 3214968 46442 3168526 3568 3164958 424733 96301 328432 283632 9226 739 44800 26081 14594 18719 2740225 1794779
is_linear=0
shrinkage=0.05


Tree=243
num_leaves=31
num_cat=0
split_feature=8 3 13 3 13 14 3 13 13 3 7 8 9 3 2 4 2 2 3 0 7 8 0 0 0 9 0 4 2 3
split_gain=21936.1 54678.1 13514.4 25969.2 11724 32028.4 49821 34674.6 18458.2 39553.4 30285.4 12160.8 57236 104732 14280.8 13818.7 11561.1 17637.5 10908.1 10862 17854.7 10054.8 9658.63 9500.93 11623.6 61901.3 38192.2 468418 848604 143393
threshold=588944.58600000013 11853.500000000002 1951024.6100000001 121858.00000000001 534277.50000000012 2171871.5850000004 53994.500000000007 158256.55000000002 444343.57500000007 59101.805000000008 469205.93500000006 389958.91933333332 17.500000000000004 29772.545000000002 13973.795000000002 2396134.8900000001 504559.37500000006 318131.34000000003 1161.5000000000002 322.50000000000006 3035475.3750000005 133400.43125000005 166.50000000000003 4.5000000000000009 33.500000000000007 5.5000000000000009 34.500000000000007 1.0000000180025095e-35 53004.80000000001 45851.000000000007
decision_type=2 2 2 2 2 2 2 2 2 2 2 2 2 2 2 2 2 2 2 2 2 2 2 2 2 2 2 2 2 2
left_child=2 -2 4 -4 5 8 -7 -8 11 -10 -11 19 15 -14 -15 -13 17 22 -17 23 -21 -12 -6 -1 25 -25 27 28 29 -26
right_child=1 -3 3 -5 16 6 7 -9 9 10 21 12 13 14 -16 18 -18 -19 -20 20 -22 -23 -24 24 26 -27 -28 -29 -30 -31
leaf_value=0.24365803033533984 -0.54833758419653633 -12.79015476589595 -0.86031631748392068 -9.2891395976415208 0.088014745013012124 -1.0669723608117867 -16.543641662863347 -1.2431804935138744 -0.41875065208199791 -0.44852466076302422 -1.1414134826929179 -0.13404610369514403 -1.3230435520401533 -0.16469601088860208 -18.546375555576848 -0.64193193549352578 0.44454318406992122 -2.2658319391153441 -6.4840246146095426 -7.4180158311845537 -0.38696214600466378 -8.9810464617929018 -1.0863944594712001 -0.11253390328751836 -1.3735034243643587 -8.1528819511919615 0.012186483987264816 -1.1253760243832249 -1.5392337474038729 60.947607454482139
leaf_weight=417.02258870167861 4.7895810161636412 0.15735769387982657 9.9541675295959067 0.043897992399249186 3122.640632788165 9.7114394631810068 0.0091212793148156557 0.87267378281733909 71.846399828473281 2.8566274616286509 0.86047339787357557 108.95872114281288 4.8559757756410562 0.13510842621326402 0.3189668774069071 2.1933224894968202 226.65104857796086 7.0242183137961538 0.54374139000171462 0.28953477506752756 3.42955070352013 1.8462148118334454 16.610135489964705 1647.0262489221129 0.054043528764221686 1.397554872070258 18090.467892182984 13.595870022635347 1.4407256441654457 0.0018018853152170838
leaf_count=3457 28590 25541 36654 17006 130171 23151 7641 4961 29238 1516 1181 20258 22942 695 15429 10247 17905 27330 11202 19826 2581 14015 24613 295136 5460 9756 2750300 9617 1911 2597
internal_value=0.0125168 -3.02381 0.0132763 -1.73903 0.0140873 -0.000205084 -2.62752 -10.1114 0.00128996 -0.76438 -4.48331 0.00424864 -0.501846 -5.13573 -16.9551 -0.237889 0.10042 0.0754949 -3.22835 0.00720878 -2.39132 -7.47043 0.0814552 0.00776978 0.00277766 -0.124292 0.0143533 2.4491 22.3678 56.4521
internal_weight=23767.6 4.94694 23762.7 9.99807 23752.7 20379.7 10.5932 0.881795 20369.1 77.4097 5.56332 20291.7 117.006 5.31005 0.454075 111.696 3372.93 3146.27 2.73706 20174.7 3.71909 2.70669 3139.25 20171 19754 1648.42 18105.6 15.0924 1.49657 0.0558454
internal_count=3570927 54131 3516796 53660 3463136 3263117 35753 12602 3227364 45950 16712 3181414 80773 39066 16124 41707 200019 182114 21449 3100641 22407 15196 154784 3078234 3074777 304892 2769885 19585 9968 8057
is_linear=0
shrinkage=0.05


Tree=244
num_leaves=31
num_cat=0
split_feature=4 3 11 3 6 0 8 3 14 4 12 3 10 3 2 3 11 4 3 0 2 3 10 3 3 14 3 4 4 8
split_gain=329230 581756 333440 776950 65206.9 119340 24937.7 52927.4 24793.3 46590.4 19872.7 27273.2 18724.6 15614.3 11703.9 406432 2.02193e+06 752111 95913.5 38994.9 35528.6 31634.9 24950.5 23938.7 21611.6 19402.8 15561.1 12011.4 11214.2 48498.7
threshold=15890731.275000002 156821.69000000003 11.500000000000002 188459.50000000003 30.500000000000004 94.500000000000014 588944.58600000013 10190.275000000001 7742368.6700000018 8000365.4750000006 10.500000000000002 94470.000000000015 1.5000000000000002 431.50000000000006 89263.535000000018 85349.000000000015 1.0000000180025095e-35 1.0000000180025095e-35 134403.82000000004 321.50000000000006 83835.480000000025 94470.000000000015 2.5000000000000004 28909.000000000004 53994.500000000007 1059630.2850000004 30920.500000000004 4842762.5450000009 1685.8400000000004 76719.640000000014
decision_type=2 2 2 2 2 2 2 2 2 2 2 2 2 2 2 2 2 2 2 2 2 2 2 2 2 2 2 2 2 2
left_child=2 -2 4 -4 6 -6 8 -8 9 10 14 -12 -7 -11 15 20 17 21 25 22 27 -17 -16 -21 -24 -18 -22 -1 -28 -30
right_child=1 -3 3 -5 5 12 7 -9 -10 13 11 -13 -14 -15 19 16 18 -19 -20 23 26 -23 24 -25 -26 -27 28 -29 29 -31
leaf_value=0.0059239218204542761 -1.0774394184147988 39.680147291292506 -0.95445093137809689 47.702462014887899 -0.4013228175668091 -22.310361253381409 -0.53677667023167386 -13.807362674314568 0.60631990549078407 -0.81182044077333626 -1.037620163560786 -8.5620456039721642 -0.035059333468296192 -10.686483436776799 0.056295504989101297 -2.0004373173991143 -13.404849740172409 -75.878996695371384 -0.47092248549571558 -0.74832986640345822 -0.97009710540745397 -16.715166344202299 -0.83977645281233715 -9.3532270943193492 -8.3872905056252325 -2.1365458608194197 -1.1541141325068613 -1.8190513623256512 -0.93104687319487578 -12.593060323162639
leaf_weight=9439.9589181348601 2.0897049261652376 0.44619417192783029 2.389607032456782 0.21987827896961443 2.4776912991014357 0.017249687540741188 3.2874646653358628 0.0099354822964249356 182.67178529192461 0.82860874997579892 12.388013623191341 0.39388302295776334 0.107957623898983 0.34465712736043452 14119.638620212692 0.87223938065707907 0.87309699486753967 0.3035240775240583 24.069200300337886 1.8584274870431379 10.651266278202387 0.63726056258827291 3.0213152665645016 0.75694526305190946 0.58781147270127343 1.0524726948884584 2.6643805214633414 8.0247245066202577 2.3703528382912973 0.62735208211790938
leaf_count=1332982 11902 4050 11221 5053 4848 46252 25145 25081 3636 18994 35743 17700 417 20734 1458525 13723 6749 122558 68143 11901 21413 261277 12022 8970 7138 1383 1284 9104 648 2219
internal_value=0.0305078 15.2864 0.0282421 15.224 0.0259382 -6.70009 0.0269547 -3.78158 0.027641 0.0231422 0.0238146 -1.87428 -20.2088 -7.29739 0.0249214 -0.0180151 -5.94794 -46.2252 -1.53028 0.0537729 3.41028e-05 -12.3998 0.0550984 -5.13838 -3.62312 -10.0831 -2.26289 0.00418099 -4.18344 -5.91247
internal_weight=23825.6 2.5359 23823.1 2.60949 23820.5 2.6029 23817.9 3.2974 23814.6 23631.9 23630.7 12.7819 0.125207 1.17327 23618 9492.1 27.8078 1.81302 25.9948 14125.9 9464.3 1.5095 14123.2 2.61537 3.60913 1.92557 16.3134 9447.98 5.66209 2.9977
internal_count=3570815 15952 3554863 16274 3538589 51517 3487072 50226 3436846 3433210 3393482 53443 46669 39728 3340039 1841483 473833 397558 76275 1498556 1367650 275000 1477685 20871 19160 8132 25564 1342086 4151 2867
is_linear=0
shrinkage=0.05


Tree=245
num_leaves=31
num_cat=0
split_feature=7 0 6 4 2 6 7 3 14 2 4 2 9 13 3 0 9 3 2 3 13 2 7 9 13 3 3 3 6 6
split_gain=653730 740316 167711 1.1342e+06 131942 61235.5 56186.5 58120.4 19694.4 14869.5 13750.8 524723 631798 12209.5 34006.1 8004.99 17183.6 7689.44 7673.28 419691 2.69375e+06 255899 41364.8 16362.4 803426 475021 342885 916062 235298 121197
threshold=14033467.970000001 289.50000000000006 30.500000000000004 1853701.2200000004 441427.84500000003 42.500000000000007 11619915.855 500122.64000000007 6488823.5850000009 453931.2950000001 10122339.550000003 313174.37000000005 21.500000000000004 1738820.0900000003 134403.82000000004 321.50000000000006 22.500000000000004 182.50000000000003 89263.535000000018 88821.310000000012 1.4042598195374014e-09 171.64000000000001 469205.93500000006 17.500000000000004 1.1596057447604836e-10 21404.500000000004 500122.64000000007 520263.75000000006 3.5000000000000004 1.5000000000000002
decision_type=2 2 2 2 2 2 2 2 2 2 2 2 2 2 2 2 2 2 2 2 2 2 2 2 2 2 2 2 2 2
left_child=2 -2 6 -4 8 -3 10 -8 -5 -6 13 -12 -13 15 -15 18 -17 -18 19 -1 21 -21 -22 -20 26 -26 29 28 -28 -25
right_child=1 5 3 4 9 -7 7 -9 -10 -11 11 12 -14 14 -16 16 17 -19 23 20 22 -23 -24 24 25 -27 27 -29 -30 -31
leaf_value=0.021647823058011405 -2.5751808728633678 -0.73234556194608602 53.59474546028472 -17.239123157364102 3.1007167556217778 59.707486801154829 -0.338288683382647 4.7820309791072892 -0.74497155383661573 -0.3967801851445491 0.18621460128404299 -1.6782932615863981 48.321886065018106 -0.65433195937212041 -9.5652373088267861 -0.39851112496520003 -0.46722147805024794 -6.9076845792980563 0.094679246641995896 -0.1773324976201916 -0.17843043576183923 -68.875389191383562 -4.682542739394953 -2.9044001553034451 -0.96944864424951072 -52.989756346027775 58.230450465924299 -12.427797557952408 -0.19291852254040012 0.0056957836626596219
leaf_weight=11227.142824718159 0.83077567808976382 0.018570529550743231 0.11208505183348449 0.0032504076583480526 18.326831817626957 0.018439414670694987 9.6422912436859889 11.645173073772227 0.33764686807309752 3.3524859664915558 275.5208076643188 1.1479269577196163 0.24960987275369628 17.898500835041755 0.15546904522957206 35.240877920733396 0.88696962897292364 0.55138313511927639 10260.529878545634 0.15262135863352988 16.017335937859851 0.76150987831654937 6.5369016703542249 35.161493935084764 0.77644674303204664 0.13865938113663989 0.027966588297070272 0.60840481471878316 0.19894163328303055 3373.1785909044966
leaf_count=1368133 11835 2634 2142 33054 273 1261 3778 1176 1327 6697 20939 7734 2577 46838 21357 31205 4157 8341 1039184 2899 22388 387685 56179 64140 24861 18133 480 82185 600 297508
internal_value=0.0481067 29.6276 0.0459207 4.30136 1.73297 57.9141 0.042024 2.55141 -13.6451 2.566 0.0398075 0.389578 23.68 0.0359138 -1.22931 0.0368785 -0.691375 -4.75858 0.0379782 0.00739339 -6.53384 -63.4931 -1.62745 0.0631461 -0.0317317 -32.4078 -0.0135389 21.5924 48.5959 -0.0251673
internal_weight=25297.2 0.867786 25296.3 22.1323 22.0202 0.0370099 25274.2 21.2875 0.340897 21.6793 25252.9 276.918 1.39754 24976 18.054 24957.9 36.6792 1.43835 24921.2 11250.6 23.4684 0.914131 22.5542 13670.6 3410.09 0.915106 3409.18 0.835313 0.226908 3408.34
internal_count=3571700 15730 3555970 43493 41351 3895 3512477 4954 34381 6970 3507523 31250 10311 3476273 68195 3408078 43703 12498 3364375 1837284 469151 390584 78567 1527091 487907 42994 444913 83265 1080 361648
is_linear=0
shrinkage=0.05


Tree=246
num_leaves=31
num_cat=0
split_feature=11 3 7 8 9 7 14 2 11 12 11 6 3 12 8 7 3 8 7 11 12 3 9 7 7 3 7 7 2 8
split_gain=107436 1.14477e+06 23328.3 10241.7 46351.3 9905.38 22511.9 64985.6 29972.3 18544.4 27230 14620.8 124956 31351.9 31099.6 30000.5 27295.5 15517.7 14664.3 11199.3 9402.29 9142.61 609685 165507 119089 432500 20631.4 62197.3 14457.6 9184.94
threshold=10.500000000000002 309164.30000000005 12663079.709999999 588944.58600000013 5.5000000000000009 7317277.4800000004 184397.61500000011 675815.54500000004 1.0000000180025095e-35 10.500000000000002 1.5000000000000002 19.500000000000004 148202.00000000003 4.5000000000000009 230259.7604261364 4910552.3550000014 238.50000000000003 222898.50986111115 5584584.4900000012 1.5000000000000002 5.5000000000000009 448517.83500000002 5.5000000000000009 4545426.995000002 7167.3950000000013 473250.02500000008 469205.93500000006 5119298.3200000003 262861.71500000003 295736.59437500004
decision_type=2 2 2 2 2 2 2 2 2 2 2 2 2 2 2 2 2 2 2 2 2 2 2 2 2 2 2 2 2 2
left_child=2 -2 3 5 -5 9 7 8 -7 11 -11 18 14 -14 15 16 -13 -18 21 20 -16 29 24 -24 25 -23 -26 28 -28 -1
right_child=1 -3 -4 4 -6 6 -8 -9 -10 10 -12 12 13 -15 19 -17 17 -19 -20 -21 -22 22 23 -25 26 -27 27 -29 -30 -31
leaf_value=0.026875849331228996 -0.54828451658742505 53.437661032941222 -5.6254928625826475 -0.37262063895427411 -11.634621496102838 -16.459094174711527 0.15270212119018614 0.031384161367253263 -0.49090460389762641 -8.4081542995749867 -0.95298988246318794 -0.87589917753438629 -19.737189675015564 -0.83573054592600049 -10.92618316181766 -0.037919304727779719 -12.998936902647827 -0.37862882518923158 -3.4363085855686748 -0.80746736297786892 -0.34591366877532331 -0.48787318273520647 -38.655635187197056 -1.0168599767375279 0.022158101466784524 -36.187871035585623 -1.5590136642519947 0.027301078133180341 -13.648606769875038 -0.12991821830534708
leaf_weight=20780.377674615207 9.2579450307191689 0.095909977256481649 0.83095809111546159 8.7284724740657662 0.030837913780429882 0.062738671910825938 1562.1604299152718 4.8413521374405466 0.49524208758180066 0.4773345346693344 9.4492859550992012 2.4519648602059143 0.055981114747360006 0.39500513972996742 0.14323101141711958 89.217632186237537 0.088046670222614309 0.39487302147954056 2.078519439794035 0.96595529517769829 0.34141393819895705 4.472128794840085 0.30574820867093094 0.44816735386848677 520.61848431414523 0.055383590715865405 0.67463584806659316 5.7680840492248535 0.28307644664210496 976.98614298959365
leaf_count=2588525 16014 6159 21493 27014 23068 20560 55067 2913 3375 11987 35911 16546 28615 2955 27204 16617 10318 432 20010 4812 841 4767 197235 4820 37390 69813 92585 1249 26435 196363
internal_value=0.0203148 5.11245 0.0181145 0.018545 -1.60088 0.019204 0.140671 -2.81942 -11.7015 0.010696 -2.04864 0.0117009 -0.607093 -15.171 -0.377247 -0.226845 -4.49954 -9.89709 0.014339 -5.93839 -8.72947 0.0148152 -0.189654 -29.6206 -0.092418 -7.39334 -0.0158517 -2.58073 -10.2814 0.0198293
internal_weight=23982.6 9.35386 23973.2 23972.4 8.75931 23963.6 1567.56 5.39933 0.557981 22396 9.92662 22386.1 94.0541 0.450986 93.6031 92.1525 2.93488 0.48292 22292.1 1.4506 0.484645 22290 532.626 0.753916 531.872 4.52751 527.344 6.7258 0.957712 21757.4
internal_count=3571093 22173 3548920 3527427 50082 3477345 81915 26848 23935 3395430 47898 3347532 108340 31570 76770 43913 27296 10750 3239192 32857 28045 3219182 434294 202055 232239 74580 157659 120269 119020 2784888
is_linear=0
shrinkage=0.05


Tree=247
num_leaves=31
num_cat=0
split_feature=8 9 2 9 2 3 13 3 2 0 3 13 2 2 0 12 8 0 9 8 3 9 3 2 13 2 8 13 2 2
split_gain=269807 170362 27160.4 770875 6.11136e+06 5.4576e+06 127608 131312 708759 240471 97240.9 763554 823967 64189.7 780730 560288 62560.9 51145 25214.9 185195 394257 38981.3 19283.4 412299 2.93728e+06 312937 66884.8 265864 53953.1 153883
threshold=726671.25833333342 58.500000000000007 468639.08000000002 19.500000000000004 526820.03500000003 473250.02500000008 1.4042598195374014e-09 66098.000000000015 485261.38500000007 13.500000000000002 448517.83500000002 5938.3350000000328 441427.84500000003 485261.38500000007 184.50000000000003 2.5000000000000004 97702.918750000026 119.50000000000001 89.500000000000014 185848.73711111111 30649.500000000004 110.50000000000001 91389.24500000001 91150.985000000015 3.5106495488435035e-10 171.64000000000001 370825.57227272732 56525.540000000008 94753.440000000017 109786.07500000001
decision_type=2 2 2 2 2 2 2 2 2 2 2 2 2 2 2 2 2 2 2 2 2 2 2 2 2 2 2 2 2 2
left_child=2 -2 10 6 5 -5 7 -4 -9 -10 18 12 -12 14 -8 -16 -17 -6 22 20 -20 -21 28 24 25 -24 -25 -28 -1 -30
right_child=1 -3 3 4 17 -7 13 8 9 -11 11 -13 -14 -15 15 16 -18 -19 19 21 -22 -23 23 26 -26 -27 27 -29 29 -31
leaf_value=0.010686576189607441 -6.0795139969825556 17.410148710460394 -0.64234085339573543 -3.2960484053757493 1.64037696425215 126.91943652576742 -0.16950977686714283 -0.87078924816481862 -4.4317834444648785 -48.287172614797186 -60.064872609255239 -0.6121856404466981 -1.7590241570265157 0.089115928800493502 -0.41864798469660358 60.126304513539665 -0.23817791658902243 -6.2688550485877386 -2.4408902639225261 -6.4393477819028977 -34.385340087558788 -0.058803688889203301 -0.13465569725334023 0.097048900743167674 -1.6036727318240684 -79.88934173821319 -25.390753172234557 -1.09360132239208 -5.1952505554242574 -0.31702763641469611
leaf_weight=11632.815283664113 0.44900143506438084 2.4654610459825581 15.606577372666402 1.3028204174946854 34.820233140050469 0.91498868353882334 17.275506114599469 7.2925514486774512 0.71529965548982155 0.26815929278716566 0.16038912450505649 36.849561092328798 1.4006452613541867 1989.7296138137704 0.65556490455239547 0.017967452438341573 0.036433956778917205 1.1933452498228749 5.2217489514164415 1.4537556677520189 0.24000381422099959 98.889065916312845 0.13847793638887484 9954.3892899148286 20.118431602666739 0.42217639127355422 0.25183493209889185 12.324302679505386 15.53087087981646 747.9896059978729
leaf_count=1421620 30524 1093 54921 9798 1478 1504 3897 1329 1066 13501 302927 189486 2278 73362 1091 6 427 43345 19995 12163 10759 5257 2309 141330 25272 256728 4983 5502 71922 861497
internal_value=0.0356199 13.1614 0.0335296 0.206819 7.14894 73.1722 0.072724 -3.486 -8.20059 -34.7084 0.0175995 -2.46386 -28.8658 0.116773 3.0104 35.2385 57.8098 1.21588 0.0219472 -0.744481 -8.94952 -0.213922 0.0256033 0.0773019 -6.81058 -72.9021 0.0922749 -3.41493 -0.0160524 -0.422928
internal_weight=24600.9 2.91446 24598 2069.83 38.2314 2.21781 2031.6 23.8826 8.27601 0.983459 22528.2 38.4106 1.56103 2007.72 17.9855 0.709966 0.0544014 36.0136 22489.8 105.805 5.46175 100.343 22384 9987.64 20.6791 0.560654 9966.97 12.5761 12396.3 763.52
internal_count=3571370 31617 3539753 205725 56125 11302 149600 70817 15896 14567 3334028 494691 305205 78783 5421 1524 433 44823 2839337 48174 30754 17420 2791163 436124 284309 259037 151815 10485 2355039 933419
is_linear=0
shrinkage=0.05


Tree=248
num_leaves=31
num_cat=1
split_feature=6 2 3 14 3 3 7 1 3 3 0 3 2 13 12 13 3 3 7 4 3 7 3 2 9 2 3 7 7 3
split_gain=21170.5 2.65623e+06 2.49683e+06 563244 1.6727e+06 465581 17451.8 16691.9 11290.4 10220.5 10654.4 11114.1 15512.7 38276.4 8920.39 8590.08 7974.63 34695.6 7281.38 199182 1.02332e+06 109403 3.49704e+06 1.56105e+06 642630 95024.3 27085.1 79441.7 22488.4 618550
threshold=15.500000000000002 675815.54500000004 29772.545000000002 5.8435034588910652e-11 156821.69000000003 174408.02000000005 5230821.2000000002 0 50374.500000000007 20962.500000000004 310.50000000000006 1347.3750000000002 47012.280000000006 1.1596057447604836e-10 11.500000000000002 2.0725110516650605e-10 448517.83500000002 473250.02500000008 950560.71000000008 7170104.330000001 91389.24500000001 963374.64500000014 32558.170000000002 172587.78000000003 11.500000000000002 290815.24000000005 555826.50000000012 5119298.3200000003 609747.49000000011 98083.380000000019
decision_type=2 2 2 2 2 2 2 9 2 2 2 2 2 2 2 2 2 2 2 2 2 2 2 2 2 2 2 2 2 2
left_child=6 3 -3 4 8 -6 14 -5 -2 10 11 -9 13 -13 18 -15 -11 -18 28 21 -21 22 -20 -24 -25 -26 -23 -28 -1 -30
right_child=1 2 -4 7 5 -7 -8 9 -10 16 -12 12 -14 15 -16 -17 17 -19 19 20 -22 26 23 24 25 -27 27 -29 29 -31
leaf_value=0.011019336060616135 -1.7750485923482147 -0.91473915775987535 109.01753812176941 0.8912460105364679 54.461908514814859 -8.7708586565795539 -4.2548413395753268 -0.66050175589459914 -8.5036997241018408 0.08608489107578772 0.034878078822156156 -0.70880094352719558 -0.66477395980706233 -0.96994756392024206 -2.5750684616313562 -14.412867053052384 -0.10930982685124663 -9.2400414142768668 -0.45550237329323046 -0.94977833574592252 53.626891896552422 0.038299470324315313 -2.3715145891156442 -0.90353729587592169 120.9237402777287 -0.29223088606130343 -12.238725049578745 0.041218883076839435 -0.12001551691377593 -13.758575902708879
leaf_weight=12976.822530971971 4.0101676556798864 0.95290712700190194 0.0866622605820212 51.607640737593726 1.2356552421842935 0.048085468720870161 1.3932151816516114 24.660601345349235 0.022632353013782303 2387.1977695966048 37.832369463047087 2.0075368072610043 4.0866244716417066 0.3118208050728451 2.3234802847837264 0.03001883759930607 7.1156806945799245 0.22386554368101119 34.726161854608286 4.3008406227268594 0.062976797811137852 7134.200070064494 0.39966519534933675 0.10801663874725283 0.0090622325696720039 0.01145944995732175 0.76735540414938341 5.1395406723022461 879.24042901319717 7.3930016123786109
leaf_count=2183958 19885 24751 4715 27988 173 9708 25568 101782 2476 52077 2583 1371 21663 338 23477 2740 546 71396 4395 13850 6277 567853 1786 700 316 276 167951 383 155640 74455
internal_value=0.0310448 0.167927 57.2051 0.121721 15.0337 49.2878 0.0146387 0.0842345 -3.49596 0.063099 -0.532549 -1.20262 -2.91099 -5.45166 0.0151238 -12.0155 0.080726 -1.46299 0.0155324 0.0563985 9.68797 0.049191 2.78891 76.8147 106.964 119.271 0.0352743 -3.09431 -0.00563392 -0.249116
internal_weight=23568.3 2521.43 1.03957 2520.39 5.31654 1.28374 21046.9 2515.07 4.0328 2463.47 68.929 31.0966 6.436 2.34938 21045.5 0.34184 2394.54 7.33955 21043.2 7179.73 4.36382 7175.36 35.2544 0.528204 0.128538 0.0205217 7140.11 5.9069 13863.5 886.633
internal_count=3571077 344192 29466 314726 32242 9881 3226885 282484 22361 254496 130477 127894 26112 4449 3201317 3078 124019 71942 3177840 763787 20127 743660 7473 3078 1292 592 736187 168334 2414053 230095
cat_boundaries=0 1
cat_threshold=16
is_linear=0
shrinkage=0.05


Tree=249
num_leaves=31
num_cat=0
split_feature=8 13 3 3 0 4 14 2 9 2 2 13 7 2 2 6 0 2 4 3 0 13 14 3 9 2 9 14 6 9
split_gain=37286 32164.6 27784.4 125246 891572 4.05348e+06 694472 78374.9 697458 344530 270007 68077.6 52157.3 32278.2 214015 25920.5 22885.6 645272 536313 19163.2 17661.9 102832 33485.8 17643.4 202741 131996 14383.5 246009 25595.4 123373
threshold=588944.58600000013 1118649.1450000003 161526.34500000003 167538.55500000002 185.50000000000003 432738.36500000005 242482.34500000003 189306.45500000005 5.5000000000000009 121498.39000000001 191770.58500000002 775920.89000000013 486682.12000000005 204502.29500000001 199425.23500000002 30.500000000000004 9.5000000000000018 468639.08000000002 502769.57000000001 1585.5000000000002 17.500000000000004 5938.3350000000328 458403.92500000005 152370.96000000005 1.5000000000000002 121498.39000000001 48.500000000000007 1.4779288903810087e-11 12.500000000000002 49.500000000000007
decision_type=2 2 2 2 2 2 2 2 2 2 2 2 2 2 2 2 2 2 2 2 2 2 2 2 2 2 2 2 2 2
left_child=2 -2 15 4 5 -4 -7 8 12 -10 11 -9 -5 14 -12 23 17 -15 -19 -17 21 -18 -23 -1 -25 -26 -22 28 -28 -30
right_child=1 -3 3 7 -6 6 -8 10 9 -11 13 -13 -14 16 -16 19 20 18 -20 -21 26 22 -24 24 25 -27 27 -29 29 -31
leaf_value=0.0056951129177537788 -11.052264527260398 -0.83024129190339091 -1.6601982970819933 -0.40351700239997063 -0.3545489894437317 118.41170800130888 -2.1445853004667428 -2.8234426079972303 -0.21777281908386376 -43.028073514757558 -0.048850345515413646 13.983824982211202 -6.4101644463213852 -0.28869740386269455 5.6037719027436097 -0.40827901207648876 -12.576709585656573 50.658872337485953 -1.8763814247307438 -10.550628600680458 0.074285259049266444 -0.15024785017134698 -7.8778443206107118 -0.32658673711328756 -0.31787753181551004 -29.177921824227674 0.066010406238252869 5.827885584371022 6.2296446554918106 0.38660530206237081
leaf_weight=15920.313077417402 0.39218354723589666 2.1347015384414525 3.731154747554998 86.64759383508229 26.085441179884917 0.027927060454452673 0.095558603965415295 0.35196710337186177 0.70495004953161811 0.47566081651950642 95.13865293270473 3.3364558219909668 2.7826123877294426 31.312222073542213 19.316940092859028 1.0256166154754929 0.80403472180978397 0.17346376180648782 0.71215086431039076 0.0089874143672455942 6180.7474660346761 45.241531103190042 0.44847616142077029 47.491403103283176 0.68156651033176585 0.028030909018024075 860.34504693208032 18.578172884305673 8.7225828170776634 130.37422180232474
leaf_count=2702767 36479 17708 3605 230208 4673 242 882 3339 127061 58326 11106 342 112135 3089 7122 26535 2772 201 495 13373 160759 2759 11196 12758 2564 4092 8176 5014 94 1659
internal_value=0.0385955 -5.10205 0.0393661 0.118631 3.29334 22.9686 106.244 0.105495 -1.34805 -29.2905 0.123484 12.1188 -0.659287 0.11586 0.945386 0.00205436 0.102685 1.4126 29.8198 -5.64113 0.0966686 -0.864474 -0.393308 0.00277352 -0.942603 -17.8611 0.102996 0.277061 0.168152 0.794902
internal_weight=23488.2 2.52689 23485.7 7516.15 29.9401 3.85464 0.123486 7486.21 90.6108 1.18061 7395.6 3.68842 89.4302 7391.91 114.456 15969.5 7277.46 32.1978 0.885615 1.0346 7245.26 46.494 45.69 15968.5 48.201 0.709597 7198.77 1018.02 999.442 139.097
internal_count=3571531 54187 3517344 755255 9402 4729 1124 745853 527730 185387 218123 3681 342343 214442 18228 2762089 196214 3785 696 39908 192429 16727 13955 2722181 19414 6656 175702 14943 9929 1753
is_linear=0
shrinkage=0.05


Tree=250
num_leaves=31
num_cat=0
split_feature=7 3 13 6 7 6 2 0 0 0 9 3 6 3 13 0 9 9 2 3 9 0 7 0 3 0 4 3 9 2
split_gain=53219.4 1.15507e+06 29038.9 17505.3 16572.1 698558 253438 938337 295262 88097.8 39522.6 27330.7 23933.5 170042 17695.6 13366.7 56644.2 694303 667810 176766 71006.1 26617.1 262589 20386.2 350752 17484.4 38472.8 113871 37410.4 27075.5
threshold=11619915.855 500122.64000000007 790694.30500000028 57.500000000000007 2713997.7550000004 4.5000000000000009 675815.54500000004 298.50000000000006 306.50000000000006 255.50000000000003 72.500000000000014 182.50000000000003 12.500000000000002 53994.500000000007 118162.06000000001 267.50000000000006 96.500000000000014 95.500000000000014 201885.82500000004 21404.500000000004 89.500000000000014 273.50000000000006 716132.99500000023 278.50000000000006 88821.310000000012 249.50000000000003 393216.74000000005 53994.500000000007 3.5000000000000004 15015.625000000002
decision_type=2 2 2 2 2 2 2 2 2 2 2 2 2 2 2 2 2 2 2 2 2 2 2 2 2 2 2 2 2 2
left_child=4 2 3 -2 12 9 10 -8 -9 -6 -7 -12 15 -14 -15 16 17 20 -19 -18 25 22 -17 24 -23 -1 29 -28 -29 -27
right_child=1 -3 -4 -5 5 6 7 8 -10 -11 11 -13 13 14 -16 21 19 18 -20 -21 -22 23 -24 -25 -26 26 27 28 -30 -31
leaf_value=0.0098265843580369831 -11.100016417171108 50.350905651456486 -0.094257251976598289 -0.13410602724291412 -1.7186635348289809 0.1034899656087926 -3.5679016551537779 60.542028407190472 -0.2222616469677009 32.725539025985569 -0.35203877755522156 -11.883562794049437 -0.464898371175406 -20.255389966093077 -3.8810780642900236 0.15011103051680175 -0.86455913485376668 -1.3261208667954185 56.742639856299448 -22.454723978222166 -9.6789448754664882 -0.29604034593111872 6.1550389022090775 0.084241541874719439 -26.452425056284149 -6.9414110111805165 -0.84472775108013876 -3.0729119365388211 -16.016776028308843 -0.15577295026905932
leaf_weight=15036.642478185879 0.031220974581475214 0.18861977756023485 14.171620579597551 0.60225701332092285 0.099563779202061498 4504.8417414255364 2.3996164592864844 0.0052154184552379015 0.2402490861555486 0.84611731767655329 1.0378406190366474 0.16067985765126924 58.957888873630225 0.18227880373153615 0.91488547397456199 260.46771970877387 5.9997277883456697 0.84815011362162429 0.056608217271320815 0.14686023480421795 0.89549927757070591 98.410011642208659 18.578470377104281 3887.0651207059086 0.29905324092537355 0.47432746266792847 25.574513497526713 1.7197093091572362 0.76964433469571392 604.32701831450447
leaf_count=2112590 18074 6830 5192 794 5346 440670 35183 3483 2769 1975 5948 9062 40934 15881 7630 4059 9811 1268 706 10039 16671 59426 1205 475086 21369 86871 42913 5759 18960 104181
internal_value=0.0391861 2.9225 -0.82894 -7.14209 0.037303 0.123877 0.110925 13.2899 48.6382 30.0771 0.100241 -6.60235 0.0177791 -0.970659 -14.9651 0.0208045 -0.000547576 0.00148153 30.187 -4.45095 -0.0021871 0.0992774 0.570479 0.0661523 -0.639836 -0.00101614 -0.258252 -2.03551 -10.5195 -0.172552
internal_weight=24527 14.9937 14.8051 0.633478 24512 4509.63 4508.69 2.64508 0.245465 0.945681 4506.04 1.19852 20002.3 60.0551 1.09716 19942.3 15677.5 15671.3 0.904758 6.14659 15670.4 4264.82 279.046 3985.77 98.7091 15669.5 632.865 28.0639 2.48935 604.801
internal_count=3570685 30890 24060 18868 3539795 504436 497115 41435 6252 7321 455680 15010 3035359 64445 23511 2970914 2409769 2389919 1974 19850 2387945 561145 5264 555881 80795 2371274 258684 67632 24719 191052
is_linear=0
shrinkage=0.05


Tree=251
num_leaves=31
num_cat=0
split_feature=6 9 9 7 3 2 9 3 2 4 6 2 3 7 7 12 2 7 2 14 2 14 3 3 3 3 0 3 9 2
split_gain=23152.8 13889.4 133780 86791.3 109641 27816.4 22768.7 21255.3 9928.82 9518.45 9587.88 17867.2 18774.2 17746 10237 9183.52 8180.94 440308 950609 65451.8 28886.9 14046.7 8302.37 56177.5 7999.54 7855.69 7086.15 7570.65 206226 95882.5
threshold=36.500000000000007 95.500000000000014 94.500000000000014 352580.97500000003 45851.000000000007 17751.890000000003 119.50000000000001 42964.975000000006 3776.9950000000003 13133900.195000002 15.500000000000002 468639.08000000002 88821.310000000012 5230821.2000000002 2713997.7550000004 11.500000000000002 179600.97000000003 3321501.6100000008 189306.45500000005 19992.445000000018 204502.29500000001 1401761.55 222732.50000000003 78786.345000000016 50374.500000000007 548.05500000000018 4.5000000000000009 257253.50000000003 85.500000000000014 259097.51000000004
decision_type=2 2 2 2 2 2 2 2 2 2 2 2 2 2 2 2 2 2 2 2 2 2 2 2 2 2 2 2 2 2
left_child=1 2 9 4 -3 -4 7 -5 -2 10 13 14 -13 15 24 26 21 18 19 -18 -19 -16 23 -22 -12 -17 -1 28 -28 -29
right_child=8 3 5 6 -6 -7 -8 -9 -10 -11 11 12 -14 -15 16 25 17 20 -20 -21 22 -23 -24 -25 -26 -27 27 29 -30 -31
leaf_value=0.20961333328459164 -0.15430074168342214 -2.1527920912577683 6.5842090853436224 -1.4271107844044595 -19.62874185722421 -3.0619098466589421 -0.048653342048524957 -9.9008434389355315 -7.7607389881397175 -2.7114135576853071 -0.83654126892096325 -0.97160798363391399 -7.9706333902865154 -5.0932241050728315 0.029396676198882227 -0.48364791231555326 59.662093970875844 0.90659790067874069 -2.0454085645561801 -0.18937297820441235 -0.2327339159935746 -1.9817938778161286 0.11632660437877562 -11.172873613744075 -5.3767705607630356 -5.8347930979166582 -0.0026763468760273162 -2.3366662354548522 -15.168987959561406 0.08965873474006307
leaf_weight=459.80637594597283 0.6885920763025889 4.06285136062505 8.1201211697747038 4.075235445063651 0.28258784741769716 0.24659679486526798 100.56918772019633 0.064744681043253816 0.36320989361309663 2.1747964530732125 6.4292979221570681 5.2731413988546292 0.28832172696123226 0.70015905101172293 1063.1730668870539 2.0448260834976595 0.025043484858201605 118.98520569912034 1.6811476414078494 0.041033133295282929 21.002356120501343 7.7532114571145021 1669.8014223554017 0.24615511350915298 0.28466200096838878 0.22246133098330112 16096.690897013928 40.085549911617818 1.2417356852256478 4553.2563253822454
leaf_count=3629 348 11206 276 8394 6500 3269 5653 5326 24011 19905 7985 35242 6547 22293 111460 10216 161 15636 9325 459 56261 32338 24708 5383 5017 13119 2567870 439068 30914 88141
internal_value=0.0255051 0.0259551 0.0285177 -0.534474 -6.74965 6.00283 -0.215085 -3.46106 -5.28563 0.0261897 0.0265502 0.111875 -2.49468 0.0148683 0.117755 0.0152783 0.122583 0.187313 20.1895 57.1761 0.156865 0.0129963 0.103605 -0.856184 -1.70175 -2.63535 0.0156873 0.0113677 -0.00478869 0.0679794
internal_weight=24169.7 24168.6 24059.6 109.055 4.34544 8.36672 104.709 4.13998 1.0518 24051.2 24049 2894.98 5.56146 21154 2889.42 21153.3 2882.71 1811.78 1.74722 0.0660766 1810.04 1070.93 1691.05 21.2485 6.71396 2.26729 21151.1 20691.3 16097.9 4593.34
internal_count=3570660 3546301 3509222 37079 17706 3545 19373 13720 24359 3505677 3485772 310522 41789 3175250 268733 3152957 255731 111933 9945 620 101988 143798 86352 61644 13002 23335 3129622 3125993 2598784 527209
is_linear=0
shrinkage=0.05


Tree=252
num_leaves=31
num_cat=0
split_feature=3 3 6 9 14 7 8 9 3 7 8 5 4 8 7 9 4 8 8 4 3 13 12 8 7 7 3 0 3 0
split_gain=61007.7 550725 34883.7 26704.8 895053 842829 492482 190060 207319 82820.7 28981.1 26223.2 12363.9 10867.2 7062.32 514737 673716 248510 23782 19042 17589.7 14844.4 10496.8 10190.4 77839.2 28732.3 30645.1 9363.29 7769 6475.71
threshold=4005879.7250000001 4473690.3350000009 35.500000000000007 104.50000000000001 5.1113602239638577e-10 46560.370000000003 6778.9650000000011 89.500000000000014 53994.500000000007 360075.56500000006 536915.17125000001 11.270502249540055 13133900.195000002 189317.87100000001 3963189.2050000005 50.500000000000007 1990446.5750000002 241653.92750000002 435831.80444444454 1648649.7400000002 1585.5000000000002 49186.605000000003 11.500000000000002 254530.67464285719 5342983.4350000015 4910552.3550000014 53994.500000000007 12.500000000000002 2087.5000000000005 285.50000000000006
decision_type=2 2 2 2 2 2 2 2 2 2 2 2 2 2 2 2 2 2 2 2 2 2 2 2 2 2 2 2 2 2
left_child=2 -2 3 7 5 6 -5 12 11 -7 -10 -9 14 -11 22 18 17 -17 19 20 -16 -20 29 24 25 26 -21 -26 -24 -1
right_child=1 -3 -4 4 -6 9 -8 8 10 13 -12 -13 -14 -15 15 16 -18 -19 21 23 -22 -23 28 -25 27 -27 -28 -29 -30 -31
leaf_value=0.0042350827811646185 25.108956626347748 0.028602373070152523 -6.9260731882389228 55.505073270657967 37.654177581014238 -11.60361093936066 -2.9717277797779338 -8.9220419119819407 -31.09936761149179 -3.4103554742150344 -0.5240895105155573 -0.70819342243063177 -3.9888111482567297 -0.020231621879140488 -0.32808018759738611 -0.97056743203754392 -4.3643897844027846 58.932933237663079 -7.7571727516967988 -1.2138675984976235 -7.5924202657793023 -1.2630177061386354 -0.49396527983864885 0.11120855924263946 -0.0014723392945938444 -0.022666716584879294 -11.437407644717771 -15.100336897473591 -5.0321432481784001 0.085079627863745011
leaf_weight=19344.503405163126 1.4305721493246171 22.032176387188048 0.80546178650911215 0.079238228287676904 0.62336131903668857 0.58717586384024301 0.39644565084981387 0.46013272450478693 0.044804866337563864 1.4184300494557636 0.12176447361707687 3.5162169930587281 0.9205939502644459 105.5846983849286 2.0259983959608796 0.16975494755250858 0.83706844136878622 0.026694969467095875 0.43025287027428394 2.9352980386735705 0.54215015855514836 3.7286309459349694 2.5904358466761419 2424.264936654848 0.11525853469624105 62.822597089137076 0.13224463540161346 0.0095769261132791911 0.75665995048967838 2839.8007145926022
leaf_count=2605490 18921 227076 24820 559 130 9465 1955 6705 9695 5488 147 18707 17215 4983 9107 979 10179 547 15084 19046 8814 19638 11693 132584 101 8781 6807 25585 10661 340475
internal_value=0.0261868 2.52191 0.0237239 0.0242291 0.802663 0.246752 37.778 0.0207698 -9.59016 -0.265503 -28.3615 -3.26157 0.0227713 -0.0963776 0.0230827 0.102769 25.2484 49.6183 0.0822562 0.0892411 -3.56107 -3.30926 0.0141066 0.0944354 -0.513917 -0.286791 -4.35936 -13.559 -2.44262 0.0145875
internal_weight=24823.7 23.4627 24800.3 24799.4 108.689 108.066 0.475684 24690.8 4.14292 107.59 0.166569 3.97635 24686.6 107.003 24685.7 2498.04 1.03352 0.19645 2497.01 2492.85 2.56815 4.15888 22187.7 2490.28 66.015 65.8901 3.06754 0.124835 3.3471 22184.3
internal_count=3571437 245997 3325440 3300620 22580 22450 2514 3278040 35254 19936 9842 25412 3242786 10471 3225571 257252 11705 1526 245547 210825 17921 34722 2968319 192904 60320 34634 25853 25686 22354 2945965
is_linear=0
shrinkage=0.05


Tree=253
num_leaves=31
num_cat=0
split_feature=9 0 7 2 0 4 3 2 8 8 3 8 9 9 3 8 3 0 3 6 2 13 6 8 0 7 9 7 4 8
split_gain=260246 3.92158e+06 1.58102e+06 1.35771e+06 701468 468090 274646 499102 510008 219024 212026 205560 67761.6 38925 40847.4 34910.7 37242 27899.9 16338.4 666677 252110 349210 164909 109680 73960.5 26920.8 18965.6 187059 2.58254e+06 24327.1
threshold=88.500000000000014 130.50000000000003 97983.960000000006 207152.10500000001 278.50000000000006 1685.8400000000004 17127.000000000004 92969.240000000005 6778.9650000000011 189317.87100000001 21404.500000000004 190330.22891025647 85.500000000000014 122.50000000000001 28909.000000000004 588944.58600000013 1347.3750000000002 322.50000000000006 257253.50000000003 35.500000000000007 259097.51000000004 1.4042598195374014e-09 36.500000000000007 110253.83650000002 315.00000000000006 495257.77500000008 20.500000000000004 738162.10500000021 621203.80500000005 299799.33916666667
decision_type=2 2 2 2 2 2 2 2 2 2 2 2 2 2 2 2 2 2 2 2 2 2 2 2 2 2 2 2 2 2
left_child=12 3 4 5 -3 -2 -6 8 -8 10 -4 -11 15 14 -13 17 -17 18 -1 20 21 23 -21 -20 -25 -23 -22 28 -28 -29
right_child=1 2 9 -5 6 -7 7 -9 -10 11 -12 13 -14 -15 -16 16 -18 -19 19 22 26 25 -24 24 -26 -27 27 29 -30 -31
leaf_value=0.0050093308904424856 121.51643205287029 -5.7759976944411378 -2.9307179820617297 -2.0461536951784187 -0.49666372719024771 -2.5949099586416962 -0.28331317714489024 15.409674734269878 67.51175722943124 8.6869443608082246 -31.432240418944811 -1.1906376070081011 -10.026802133514426 -0.0075619210563873419 -12.811688948719436 -0.54610165055083593 -12.02042658378288 -6.4075005476954034 -8.3153539813032307 34.249448652201202 0.075800999413964815 -0.51602041667718124 -3.0057029464642984 -33.093733205824428 -0.58469117115209834 -6.6558347142285514 -1.7532986119502916 0.091482626811118628 57.321362231938394 0.83986656191140274
leaf_weight=17813.036942637678 0.0020861149625782177 1.1539065115790572 2.4002420690239643 0.28350581534374714 0.52560084546034502 0.037836164193093318 0.31814510755975789 2.774790021640257 0.793470412045574 5.9482093610901066 0.046481062658069727 2.6842844304046309 0.67604725966520973 98.24012031603354 0.20854374547530996 1.8949710604833148 0.23615862014010125 0.68412688554235401 3.260997475238451 0.77284175157546897 4735.17533838079 12.386380911680929 0.17571470933035016 0.47431711954922073 0.2403655267553404 1.1306459995236622 14.666563435141079 601.97115497186553 1.1085430657171329 131.58092498779297
leaf_count=2804744 430 6557 15784 1959 1147 2151 65 892 540 270 15090 11749 18403 2951 9030 24852 28318 22174 160241 920 82987 39370 6024 159521 2578 127538 4762 14596 1303 4287
internal_value=0.0381556 2.39631 1.39996 87.9841 25.2313 114.501 32.9106 36.6067 57.1609 -0.0283663 -12.436 0.367531 0.0263817 -0.201997 -5.10558 0.0271033 -5.25213 0.0278113 0.0282751 0.103571 0.0931971 -5.73504 29.3448 -17.0746 -28.8805 -1.45304 0.112829 0.3464 5.56726 0.226691
internal_weight=23434.9 115.417 115.094 0.323428 5.56591 0.0399223 4.41201 3.88641 1.11162 109.528 2.44672 107.081 23319.5 101.133 2.89283 23318.8 2.13113 23316.7 23316 5502.94 5502 17.4927 0.948556 3.97568 0.714683 13.517 5484.5 749.327 15.7751 733.552
internal_count=3571233 68615 64075 4540 9201 2581 2644 1497 605 54874 30874 24000 3502618 23730 20779 3484215 53170 3431045 3408871 604127 597183 489248 6944 322340 162099 166908 107935 24948 6065 18883
is_linear=0
shrinkage=0.05


Tree=254
num_leaves=31
num_cat=0
split_feature=8 3 0 9 3 9 8 3 2 3 8 7 8 7 7 2 14 0 7 13 2 7 12 3 3 2 13 14 3 3
split_gain=2.11097e+06 1.25317e+06 316210 30787.8 344229 169805 49462.5 47398.4 45740 30219.1 27612.3 27204.7 30470.4 26766.2 15231.7 1.32142e+06 2.47481e+06 2.01795e+06 56300.5 74360.8 31193.8 18281.5 16624.4 16286.3 14298.1 12900.8 10353.2 298291 741736 264573
threshold=726671.25833333342 85349.000000000015 135.50000000000003 85.500000000000014 144361.00000000003 95.500000000000014 183319.34750000006 31983.000000000004 129384.09000000001 142.50000000000003 461959.04458333348 22786.870000000006 665064.78250000009 12663079.709999999 6691214.6300000008 41537.310000000005 727708.05000000016 159.50000000000003 5584584.4900000012 14054.400000000001 318131.34000000003 7846029.2599999988 11.500000000000002 29772.545000000002 1877.0800000000002 127513.48500000002 469491.61500000005 475282.12000000005 101646.00000000001 134403.82000000004
decision_type=2 2 2 2 2 2 2 2 2 2 2 2 2 2 2 2 2 2 2 2 2 2 2 2 2 2 2 2 2 2
left_child=3 -2 -3 13 5 8 7 -7 9 -5 25 -11 -13 14 18 16 17 -16 22 -20 21 -17 26 -22 -24 -6 -1 28 -28 -30
right_child=1 2 -4 4 10 6 -8 -9 -10 11 -12 12 -14 -15 15 20 -18 -19 19 -21 23 -23 24 -25 -26 -27 27 -29 29 -31
leaf_value=-0.0085830182794337274 -1.5603628190192671 75.703209331442537 -4.9146455806500029 -0.043906250622935711 -0.64097634540248727 -2.0751628397542934 -0.035646402201945093 -13.939738949627916 -2.3689405877366254 -0.91640479585902512 -0.64971936102912675 -26.829525903205791 -0.04644876972760318 -6.2888449344301129 119.49650175506099 -3.7522341448092811 -0.99742266114700784 -3.6771697043191383 -15.985462839984647 -1.4958266400909477 -0.42831197275142147 0.11485397845642049 -0.43575832056830466 -8.962407427517924 -5.4531725935245294 -28.443978761772918 -0.53579342873960301 0.06929826132684723 53.616930579510644 -0.6566877260793591
leaf_weight=18899.592188502542 0.82792607497164694 0.60085652823099467 0.0061137345607054075 0.20162194147176715 0.092310048702550163 5.2086818635612788 140.57430880911619 0.14801174792694549 1.088020355178531 0.2335933877108646 0.1623426228761673 0.069545294955052878 0.12217327207326889 0.6850741775269843 0.018599759468231447 2.0651221310395149 2.4102847643073546 0.40807087308287027 0.23293922905369946 4.0715266467107352 1.0906281290551139 1135.3328507697413 3.6239130437037104 0.43897317182228746 1.5642195911156282 0.24071141450094263 3.0638468765739333 3383.1308012852201 0.13706089557186407 0.24980816671415962
leaf_count=3004816 21441 3233 6858 6252 9757 13975 10031 5483 22781 271 493 7010 13 20159 948 24556 4885 5890 29006 26329 20960 42741 19087 8589 22510 10454 989 220809 46 455
internal_value=0.0128219 46.5659 72.3351 0.00801554 -0.708099 -0.463153 -0.231017 -4.54513 -12.8537 -18.4062 -24.58 -20.9694 -24.1269 0.012572 0.0130247 0.191062 29.4843 81.6842 0.00389899 -5.14665 0.0922902 0.104538 0.00512462 -5.45426 -2.58609 -27.0033 0.00584407 0.086338 13.0221 43.3638
internal_weight=23587.7 1.4349 0.60697 23586.3 148.141 147.646 145.931 5.35669 1.71495 0.626934 0.495364 0.425312 0.191719 23438.1 23437.4 1141.76 2.83696 0.426671 22295.7 4.30447 1138.93 1137.4 22291.4 1.5296 5.18813 0.333021 22286.2 3386.58 3.45072 0.386869
internal_count=3570827 31532 10091 3539295 86520 65816 29489 19458 36327 13546 20704 7294 7023 3452775 3432616 108569 11723 6838 3324047 55335 96846 67297 3268712 29549 41597 20211 3227115 222299 1490 501
is_linear=0
shrinkage=0.05


Tree=255
num_leaves=31
num_cat=0
split_feature=7 9 3 7 8 7 0 3 0 3 9 3 8 8 0 3 13 9 3 2 14 8 9 3 0 3 2 4 3 0
split_gain=316409 63112.9 3.30304e+06 1.209e+07 2.13033e+06 958874 772139 474806 108514 79908.1 49305.3 29622.7 27844.2 22579.2 19397 19040.3 17931 15627 9633.73 9377.01 8468.67 20087.5 142000 381340 18771.8 27361.2 16667.9 16014.5 12095.8 11605.2
threshold=16710825.715000002 88.500000000000014 161526.34500000003 46560.370000000003 255896.51250000004 1136543.3350000002 279.50000000000006 500122.64000000007 227.50000000000003 30649.500000000004 85.500000000000014 142.50000000000003 588944.58600000013 189317.87100000001 129.50000000000003 30649.500000000004 691565.96500000008 77.500000000000014 35842.500000000007 59366.585000000014 1004236.505 329290.34272727283 17.500000000000004 52108.500000000007 212.50000000000003 51317.500000000007 583963.12000000011 2866883.4700000002 82611.000000000015 308.50000000000006
decision_type=2 2 2 2 2 2 2 2 2 2 2 2 2 2 2 2 2 2 2 2 2 2 2 2 2 2 2 2 2 2
left_child=1 10 8 -4 5 6 7 -5 9 19 12 -12 17 15 -11 -10 -14 20 -19 -3 21 -1 27 -24 26 -26 -22 -23 -28 -25
right_child=-2 2 3 4 -6 -7 -8 -9 13 14 11 -13 16 -15 -16 -17 -18 18 -20 -21 24 22 23 29 25 -27 28 -29 -30 -31
leaf_value=0.0028912026956871826 13.432152511207034 -5.8756182682489051 -0.4286628419127288 211.58706373595192 -4.3030726399039034 -2.8554475253329383 -3.8664415537015437 -1.1774975716383815 -1.3658053015446485 -0.55105151143295805 -0.17076751919308991 -12.674200567248805 -8.9784334548993598 0.0016277373184990221 -20.837094487474005 -8.7649268476748645 -1.0543811445411038 -1.0414859044080831 -5.1753273420652048 -1.0367803419496668 0.082413370435141131 -0.18334946182860512 -1.9441470100055818 -35.661140748706451 -1.0058941148409097 -9.146919784617678 -1.0055107262531957 -2.7938149348818815 -7.3847230247030327 -1.1843367822177167
leaf_weight=18907.958837019523 3.3952214737655586 0.9531239839649851 4.4196741151713921 0.10379646953598592 0.1040714439468502 0.030808019734414743 0.0074827112030798329 0.015534298653931466 4.7529399899411837 0.19447696295359537 0.81850171339196687 0.22623680928786805 0.37208812847397732 142.73409220565733 0.13032111294200491 0.24474388832044081 2.169045247542682 7.79156081885621 0.98641415441279878 3.2392362289773895 4327.7638325786611 264.79312998228386 5.9015855457175954 0.056949322239558842 10.257424347800306 0.20069790397875031 3.0523652827345029 5.0172720668247157 0.20458763346654052 0.098093397915363312
leaf_count=2947854 7979 4979 757 2015 3032 3276 1809 3927 9092 310 6366 12151 30425 6413 8631 4063 20641 8018 5669 19946 260196 55009 42074 22096 16576 9318 20212 34135 3420 866
internal_value=0.017975 0.0154859 1.01168 38.4442 174.958 194.796 202.738 207.578 -0.382615 -7.26765 0.00880114 -7.75508 0.00947544 -0.12461 -18.2789 -3.12996 -4.42389 0.0101423 -1.98831 -3.05756 0.0109727 -0.00329947 -0.426105 -7.42851 0.0740248 -1.94722 0.0793551 -0.242048 -3.04801 -33.7628
internal_weight=23698 23694.6 156.93 4.68137 0.261693 0.157621 0.126813 0.119331 152.249 4.51716 23537.7 1.04474 23536.6 147.732 0.324798 4.99768 2.54113 23534.1 8.77797 4.19236 23525.3 19183.8 275.867 6.05663 4341.48 10.4581 4331.02 269.81 3.25695 0.155043
internal_count=3571255 3563276 68250 14816 14059 11027 7751 5942 53434 33866 3495026 18517 3476509 19568 8941 13155 51066 3425443 13687 24925 3411756 3102034 154180 65036 309722 25894 283828 89144 23632 22962
is_linear=0
shrinkage=0.05


Tree=256
num_leaves=31
num_cat=0
split_feature=8 6 9 3 0 3 3 2 13 3 8 3 9 3 8 9 2 13 2 3 13 7 3 8 8 8 7 3 12 3
split_gain=35045.7 30744 27785.3 383726 116303 93478.4 36542.7 27197.6 26116.9 25731.8 19503.5 22046.3 18722.5 15646.8 14467.4 12073 7402.47 7250.96 112919 593962 18040.2 456677 521713 12522.7 11144.4 10342.5 221858 845682 55615.3 77084
threshold=588944.58600000013 35.500000000000007 85.500000000000014 144361.00000000003 227.50000000000003 31983.000000000004 139520.00000000003 54538.475000000013 342491.41000000009 161526.34500000003 189317.87100000001 30363.500000000004 84.500000000000014 3610.2900000000004 380080.75916666671 77.500000000000014 266706.07000000007 1.4779288903810087e-11 583963.12000000011 121858.00000000001 105858.93000000001 5119298.3200000003 1585.5000000000002 362477.74571428576 13376.500000000002 293852.97065110569 391965.58500000002 101646.00000000001 3.5000000000000004 53994.500000000007
decision_type=2 2 2 2 2 2 2 2 2 2 2 2 2 2 2 2 2 2 2 2 2 2 2 2 2 2 2 2 2 2
left_child=1 2 12 4 5 7 14 -4 -2 -5 11 -6 15 -3 -7 17 -14 18 25 -20 21 23 -23 24 -19 28 27 -27 -1 -30
right_child=8 13 3 9 10 6 -8 -9 -10 -11 -12 -13 16 -15 -16 -17 -18 20 19 -21 -22 22 -24 -25 -26 26 -28 -29 29 -31
leaf_value=0.036395917353286032 -12.034863568587822 -0.068645513207478789 -8.4277435878254767 -2.8522418049579787 -1.2205301846488412 -24.062663217315489 -0.17648406759138247 -0.87446572341818884 -1.4000402638748306 -32.06518344577691 0.0021401191474767346 -9.2920910273391453 -1.7469419496277057 -9.8682229759110598 -0.74734903384753559 -2.1490473032037132 1.0348670346757609 -2.2161747837642336 -0.68699952197119796 -40.062737659522085 0.026667898170127904 -0.36354593980448691 -46.920300982963653 -2.3291961061530304 -0.096117802035665501 -2.6770402911287752 0.14530590856553197 50.93318762021984 -1.5899491653245588 -13.890900055212335
leaf_weight=13229.827043896292 0.0091898924697865203 0.64340961062371671 0.75706529506916176 0.31617422100862907 5.3590971064291573 0.061472992755218447 0.24986486152381837 4.6048902816926196 2.1338268293797755 0.022791461386866441 143.06738778640999 0.11797347607269415 1.6165944603412175 0.18636640906733537 0.14214260876180063 5.4087167810939709 54.672073589514696 5.2169720989782027 7.9136563643516276 0.095571149627938001 7675.3615876242375 1.3397526607959975 0.11660349093969147 5.3274598194293494 2449.9894971188505 2.2882173794327318 1413.9652646937163 0.025044366791765582 8.4721657006119013 0.5817007053394353
leaf_count=2115480 28889 13574 6022 928 9849 9414 118 28362 25404 19454 6717 4246 2731 14207 390 9562 1304 5632 50275 8004 684369 29008 32017 13966 314820 8141 96887 3375 16510 9995
internal_value=0.0176245 0.0182872 0.0187607 -0.647095 -0.413182 -6.80006 -18.3188 -3.09879 -5.26181 -27.301 -0.119305 -2.80293 0.0229299 -6.46262 -21.9343 0.0208437 0.925788 0.0214038 0.0438821 -5.55211 -0.0111107 -0.128852 -21.6772 -0.107295 -0.101525 0.0473194 0.175695 13.0992 0.0335733 -3.68381
internal_weight=25019.9 25017.7 25016.9 154.699 154.36 5.81544 0.45348 5.36196 2.14302 0.338966 148.544 5.47707 24862.2 0.829776 0.203616 24805.9 56.2887 24800.5 14663.2 8.00923 10137.4 2461.99 1.45636 2460.53 2455.21 14655.2 1416.28 2.31326 13238.9 9.05387
internal_count=3569650 3515357 3487576 85500 65118 44306 9922 34384 54293 20382 20812 14095 3402076 27781 9804 3398041 4035 3388479 2308667 58279 1079812 395443 61025 334418 320452 2250388 108403 11516 2141985 26505
is_linear=0
shrinkage=0.05


Tree=257
num_leaves=31
num_cat=0
split_feature=12 0 7 2 14 8 12 2 13 3 2 11 4 0 7 0 3 7 2 0 3 2 4 13 13 11 2 3 7 2
split_gain=827134 409163 58347.5 1.24108e+06 155698 37056.1 28542 20631.5 14586.8 13929.7 325733 343414 188216 130847 25457.9 17352.2 467649 258048 83660 55655.8 58940.7 38838.6 28289.5 27972.9 14593 82131.4 12414.5 66712 95084.6 76072.7
threshold=31.500000000000004 20.500000000000004 11619915.855 485261.38500000007 7742368.6700000018 588944.58600000013 21.500000000000004 3776.9950000000003 1118649.1450000003 257253.50000000003 259097.51000000004 1.0000000180025095e-35 8363.3750000000018 315.00000000000006 495257.77500000008 297.50000000000006 98083.380000000019 1.0000000180025095e-35 30273.515000000003 308.50000000000006 53994.500000000007 16479.475000000002 151393.18000000002 431985.2950000001 645082.83000000019 1.5000000000000002 148180.10000000003 148202.00000000003 495257.77500000008 123547.48500000002
decision_type=2 2 2 2 2 2 2 2 2 2 2 2 2 2 2 2 2 2 2 2 2 2 2 2 2 2 2 2 2 2
left_child=2 -2 5 6 -5 9 7 -4 -7 15 11 12 -11 -14 -13 26 19 -18 -19 20 21 -17 -22 -20 -12 -26 27 -1 -29 -30
right_child=1 -3 3 4 -6 8 -8 -9 -10 10 24 14 13 -15 -16 16 17 18 23 -21 22 -23 -24 -25 25 -27 -28 28 29 -31
leaf_value=0.034075939553736161 -0.5589125355455401 50.60923210828291 -0.095038274954159549 60.184449900518395 -0.92065160213310182 -9.4764980112954245 -0.018129875423922883 -11.472707051629397 -0.88739539779785304 -6.8431045863318749 0.093328203915987618 -0.66306981125133979 -36.091411845516127 -1.0848287792753879 -6.9279822165119889 -7.9879612270116871 -4.1058635323906234 -0.21497393283072863 -33.398097472096133 0.054299563633535879 -3.0410822032695832 -0.84370352435195073 -13.523498992677553 -0.67596617330379594 2.2435323537748975 0.095145335503282927 -0.077720435586407635 -1.4521748298797181 -1.775797403776437 -20.801816898573033
leaf_weight=15348.537154374619 0.54534722867441487 0.20772896076692859 0.68907541036592967 0.0020431530570238074 0.083070547647281986 0.41128135741153848 13.344062321458397 0.0062760785163804558 1.1222012466373736 2.9286602018905046 5096.794563432898 9.532790576481645 0.70690348983322626 0.39230936300009489 1.0266100693501954 0.99079088760883038 2.9971224114134793 0.24913816154003099 0.84446829712653093 474.85561690984548 2.8323483396024609 57.880076482558792 0.40938683341497739 0.11157833985454579 51.825996184385701 282.45893502675636 3242.1051335129468 21.810073957360462 1.2818806467539632 0.2371265479183905
leaf_count=1614008 2351 233 393 4038 1361 34477 1031 22244 15857 108039 97002 39568 225220 5653 127506 46937 19042 1454 12717 66779 10184 148061 5002 357 1282 13370 844079 85053 14813 2804
internal_value=0.0268534 34.3702 0.0244064 3.12902 54.6535 0.0224967 -0.796261 -6.90726 -6.02421 0.0231187 0.0936749 -7.12398 -17.902 -30.0684 -1.81924 0.00305594 -0.275778 -15.1949 -28.402 -0.130984 -1.52599 -1.09544 -7.24216 -31.8797 0.11437 0.433934 0.0111772 0.0299309 -2.58624 -11.8267
internal_weight=24617.2 0.753076 24616.5 14.1245 0.0851137 24602.3 14.0394 0.695351 1.53348 24600.8 5445.67 14.5873 4.02787 1.09921 10.5594 19155.1 541.171 4.20231 1.20518 536.968 62.1126 58.8709 3.24174 0.956047 5431.08 334.285 18614 15371.9 23.3291 1.51901
internal_count=3570915 2584 3568331 29067 5399 3539264 23668 22637 50334 3488930 617640 505986 338912 230873 167074 2871290 310533 33570 14528 276963 210184 194998 15186 13074 111654 14652 2560757 1716678 102670 17617
is_linear=0
shrinkage=0.05


Tree=258
num_leaves=31
num_cat=0
split_feature=4 3 9 3 3 5 11 3 3 9 3 8 5 3 5 9 6 8 7 13 0 0 4 13 5 8 5 5 3 3
split_gain=39961.8 22112.2 20444.6 12492.7 11965.1 584526 1.06639e+06 454816 223785 83680.8 63583.7 742588 56225 225831 30532.8 23083.3 25925.2 22403 20808 51118.9 21270.6 2.8209e+06 5.98699e+06 1.42021e+06 1.34318e+06 530548 39212.9 10255.5 477357 560527
threshold=10869669.15 3610.2900000000004 135.50000000000003 21564.500000000004 101646.00000000001 11.420283557041078 1.0000000180025095e-35 200540.16500000001 99704.085000000006 91.500000000000014 104316.00000000001 159049.0739761905 11.570777682510034 125479.34000000001 12.639194359466979 75.500000000000014 18.500000000000004 461959.04458333348 9199944.9350000005 526463.4800000001 298.50000000000006 306.50000000000006 309108.60000000003 1.0000000180025095e-35 11.862233116904319 275612.07587121218 11.921240640754862 11.724388948763094 125479.34000000001 121858.00000000001
decision_type=2 2 2 2 2 2 2 2 2 2 2 2 2 2 2 2 2 2 2 2 2 2 2 2 2 2 2 2 2 2
left_child=2 -2 4 -4 8 6 7 -6 -1 10 11 -7 13 15 -10 16 17 -12 20 -20 27 22 -22 24 -24 -26 -23 -14 29 -29
right_child=1 -3 3 -5 5 9 -8 -9 14 -11 12 -13 18 -15 -16 -17 -18 -19 19 -21 21 26 23 -25 25 -27 -28 28 -30 -31
leaf_value=0.010698028039761377 -1.021603800331969 -11.400746005104466 -1.172566045869984 -7.8030333692244929 -66.842634308618941 0.032893546983476546 -3.7452374912911903 -0.23989906117432375 -17.347278666561373 2.3559972572606975 -27.134180508592642 8.6480158393599833 0.20247987573117709 -0.44629966394755494 -0.05648941161382881 -0.47201208741580791 -1.0339007655369485 -0.27229698143253483 -11.450211972175982 -0.07666762269329791 -11.294354920905356 1.9551359548488485 -0.96878090073630707 -8.460819822987462 170.29926787909179 -1.8984267657904601 0.0056314890717948747 -3.2733697545934626 0.033687762333037795 -49.162161052718652
leaf_weight=14883.832065063585 1.321366039096227 0.16678423618339411 2.7590702131933398 0.25074062751765724 0.15267460384156745 289.34575610209055 5.875981888072114 0.33912070105146747 1.1104582093412303 39.611382076609516 0.18876356028799546 26.380800396925167 915.70874103280403 9.561944828837813 0.29856744408607516 0.17941382795123029 0.21997690133594006 0.10535044223070145 0.35607801461591071 3.6929126575127271 1.3956087774426937 26.247574012886162 0.12534263222596301 0.051016342690184791 0.032188238465367495 0.023902982473373836 483.7755604018264 2.2356960553689724 7627.7302278580974 0.05768347567289156
leaf_count=2578486 21748 20132 3691 3710 124111 4187 85495 246182 15926 7548 1637 3708 34806 32295 2539 35 133 47 7710 1995 6305 3846 1409 7845 6089 2031 13540 18883 312258 2628
internal_value=0.0349195 -6.30136 0.0355665 -3.53441 0.0361538 0.0802064 -13.9976 -51.8664 0.00823205 0.0911999 0.0813928 0.777785 0.0570723 -3.47467 -15.2298 -20.3071 -22.3424 -25.1617 0.061453 -3.14759 0.0632354 0.376065 52.0451 132.938 146.21 164.6 0.109599 0.0444632 0.0254743 -19.0062
internal_weight=24323.1 1.48815 24321.6 3.00981 24318.6 9433.39 6.36778 0.491795 14885.2 9427.03 9387.41 315.727 9071.69 10.2554 1.40903 0.693505 0.514091 0.294114 9061.43 4.04899 9057.38 511.651 1.62806 0.23245 0.181434 0.0560912 510.023 8545.73 7630.02 2.29338
internal_count=3570955 41880 3529075 7401 3521674 924723 455788 370293 2596951 468935 461387 7895 453492 34147 18465 1852 1817 1684 419345 9705 409640 41065 23679 17374 9529 8120 17386 368575 333769 21511
is_linear=0
shrinkage=0.05


end of trees

feature_importances:
oldbalanceOrg=1886
amount=1316
step=691
destination_amount_sum_prev_5=622
destination_time_since_last=580
oldbalanceDest=531
destination_amount_sum_before=473
destination_amount_mean_before=427
destination_txn_count_before=384
destination_amount_sum_prev_24=270
type=163
destination_txn_count_prev_24=129
destination_txn_count_prev_5=116
log_amount=98
destination_txn_count_prev_1=84

parameters:
[boosting: gbdt]
[objective: binary]
[metric: custom]
[tree_learner: serial]
[device_type: cpu]
[data_sample_strategy: bagging]
[data: ]
[valid: ]
[num_iterations: 3000]
[learning_rate: 0.05]
[num_leaves: 31]
[num_threads: 12]
[seed: 42]
[deterministic: 0]
[force_col_wise: 0]
[force_row_wise: 0]
[histogram_pool_size: -1]
[max_depth: -1]
[min_data_in_leaf: 100]
[min_sum_hessian_in_leaf: 0.001]
[bagging_fraction: 0.8]
[pos_bagging_fraction: 1]
[neg_bagging_fraction: 1]
[bagging_freq: 1]
[bagging_seed: 400]
[bagging_by_query: 0]
[feature_fraction: 0.9]
[feature_fraction_bynode: 1]
[feature_fraction_seed: 30056]
[extra_trees: 0]
[extra_seed: 12879]
[early_stopping_round: 0]
[early_stopping_min_delta: 0]
[first_metric_only: 0]
[max_delta_step: 0]
[lambda_l1: 0.1]
[lambda_l2: 1]
[linear_lambda: 0]
[min_gain_to_split: 0]
[drop_rate: 0.1]
[max_drop: 50]
[skip_drop: 0.5]
[xgboost_dart_mode: 0]
[uniform_drop: 0]
[drop_seed: 17869]
[top_rate: 0.2]
[other_rate: 0.1]
[min_data_per_group: 100]
[max_cat_threshold: 32]
[cat_l2: 10]
[cat_smooth: 10]
[max_cat_to_onehot: 4]
[top_k: 20]
[monotone_constraints: ]
[monotone_constraints_method: basic]
[monotone_penalty: 0]
[feature_contri: ]
[forcedsplits_filename: ]
[refit_decay_rate: 0.9]
[cegb_tradeoff: 1]
[cegb_penalty_split: 0]
[cegb_penalty_feature_lazy: ]
[cegb_penalty_feature_coupled: ]
[path_smooth: 0]
[interaction_constraints: ]
[verbosity: -1]
[saved_feature_importance_type: 0]
[use_quantized_grad: 0]
[num_grad_quant_bins: 4]
[quant_train_renew_leaf: 0]
[stochastic_rounding: 1]
[linear_tree: 0]
[max_bin: 255]
[max_bin_by_feature: ]
[min_data_in_bin: 3]
[bin_construct_sample_cnt: 200000]
[data_random_seed: 175]
[is_enable_sparse: 1]
[enable_bundle: 1]
[use_missing: 1]
[zero_as_missing: 0]
[feature_pre_filter: 1]
[pre_partition: 0]
[two_round: 0]
[header: 0]
[label_column: ]
[weight_column: ]
[group_column: ]
[ignore_column: ]
[categorical_feature: 1]
[forcedbins_filename: ]
[precise_float_parser: 0]
[parser_config_file: ]
[objective_seed: 16083]
[num_class: 1]
[is_unbalance: 0]
[scale_pos_weight: 1224.25]
[sigmoid: 1]
[boost_from_average: 1]
[reg_sqrt: 0]
[alpha: 0.9]
[fair_c: 1]
[poisson_max_delta_step: 0.7]
[tweedie_variance_power: 1.5]
[lambdarank_truncation_level: 30]
[lambdarank_norm: 1]
[label_gain: ]
[lambdarank_position_bias_regularization: 0]
[eval_at: ]
[multi_error_top_k: 1]
[auc_mu_weights: ]
[num_machines: 1]
[local_listen_port: 12400]
[time_out: 120]
[machine_list_filename: ]
[machines: ]
[gpu_platform_id: -1]
[gpu_device_id: -1]
[gpu_device_id_list: ]
[gpu_use_dp: 0]
[num_gpu: 1]

end of parameters

pandas_categorical:[["CASH_IN", "CASH_OUT", "DEBIT", "PAYMENT", "TRANSFER"]]
