tree
version=v4
num_class=1
num_tree_per_iteration=1
label_index=0
max_feature_idx=15
objective=binary sigmoid:1
feature_names=step type amount oldbalanceOrg oldbalanceDest log_amount destination_txn_count_before destination_amount_sum_before destination_amount_mean_before destination_amount_max_before destination_time_since_last destination_txn_count_prev_1 destination_txn_count_prev_5 destination_txn_count_prev_24 destination_amount_sum_prev_5 destination_amount_sum_prev_24
feature_infos=[1:323] -1:1:3:0:4 [0.029999999999999999:63847992.579999998] [0:38563401.409999996] [0:192144001.97] [0.029558802241544401:17.972015715986668] [0:104] [0:182012240.49000001] [0:22162723.024285711] [0:64234448.189999998] [-1:313] [0:32] [0:43] [0:91] [0:57194917.979999997] [0:156236143.35000002]
tree_sizes=3471 3430 3559 3509 3576 3583 3560 3564 3550 3508 3563 3541 3507 3589 3491 3536 3599 3520 3547 3534 3586 3569 3572 3559 3596 3469 3558 3529 3575 3490 3461 3484 3520 3500 3439 3500 3532 3476 3523 3468 3456 3452 3490 3449 3453 3499 3463 3483 3482 3527 3462 3518 3580 3504 3535 3535 3459 3503 3470 3510 3512 3537 3478 3488 3480 3470 3458 3499 3478 3474 3475 3504

Tree=0
num_leaves=31
num_cat=1
split_feature=1 3 2 3 3 2 2 2 14 2 14 3 2 2 7 0 7 4 3 4 12 14 0 0 9 7 9 13 7 4
split_gain=8.52251e+08 5.88026e+08 1.92791e+08 5.42017e+07 4.12996e+07 1.11888e+08 5.67889e+07 2.01993e+07 4.22182e+06 3.16536e+06 2.16863e+06 2.04181e+06 8.48458e+06 5.57039e+06 1.74727e+06 1.67487e+06 1.11811e+06 1.10086e+06 1.34096e+07 975424 807997 804652 908251 1.02966e+06 870476 803586 703365 691517 569162 445905
threshold=0 31471.275000000005 32183.350000000002 100.26000000000001 125479.34000000001 125469.93000000001 125469.93000000001 31213.930000000004 22135.54500000006 1.0000000180025095e-35 8.2218321040272723e-10 309164.30000000005 313174.37000000005 308411.78000000009 61193.245000000003 1.5000000000000002 469205.93500000006 44603.125000000007 1.0000000180025095e-35 1.0000000180025095e-35 5.5000000000000009 1285323.02 130.50000000000003 139.50000000000003 1368278.8950000003 97983.960000000006 1663001.6150000002 28.500000000000004 8819061.0100000035 18188.925000000003
decision_type=9 2 2 2 2 2 2 2 2 2 2 2 2 2 2 2 2 2 2 2 2 2 2 2 2 2 2 2 2 2
left_child=1 2 3 9 5 7 -6 -3 19 -1 -8 13 -13 -12 -5 -4 25 18 -17 -9 26 22 -16 -24 -25 -10 29 -7 -21 -18
right_child=-2 4 15 14 6 27 10 8 16 -11 11 12 -14 -15 21 17 20 -19 -20 28 -22 -23 23 24 -26 -27 -28 -29 -30 -31
leaf_value=38.81678559562954 -7.1597881863592239 -7.1570997070925886 29.868537659614098 50.67592735186701 -5.7767901996591942 -7.1596729807528483 52.701381904339179 51.604424363434816 25.41843269769015 -7.1592143358069666 41.275016797534356 -7.1526431571745235 51.846996239627941 -7.1529805235989308 47.389032931388833 44.081991587183879 -7.1248845805065821 -6.5171379326212193 -7.1596571777688256 44.653730528643109 -7.1340779762166351 -7.1309855308554955 -7.1378587939770881 36.150862342121314 -7.1349428834007478 -7.1486875949891315 -7.1314680407591169 21.559854317682074 -7.1241903769615487 37.708419454816024
leaf_weight=2.9951049685478202 1639.0459816476796 17.194683331181295 2.3074397213058537 186.33401805814356 43.282528882729821 120.81701327394694 2014.4840229388792 329.20609006402083 2.7592231960734344 59.452748094685376 50.816884114407003 6.3567728985799468 145.27064290305134 6.7041731878416604 46.131261789007112 13.335770298494024 0.56187511573079874 760.67207893740851 116.70040139555931 165.57724995212629 1.1131488141836587 0.88888806407339771 1.4719660143600766 52.707401523715816 1.1857277478557069 3.8124327518744394 0.92069231590721656 1.1329247729154293 0.53170185117050905 37.200379893416539
leaf_count=3 2009882 21085 383 11977 51852 148152 59237 15919 937 72904 12161 7795 5660 8221 5192 1674 689 922989 143104 30561 1365 1090 1805 18149 1454 4675 1129 166 652 11366
internal_value=23.5408 35.4405 6.70288 38.0323 47.7055 36.741 50.9778 46.194 47.8845 -4.26511 52.0814 45.8535 49.3894 35.7263 47.1395 -5.65375 31.6093 -5.78715 -1.55408 49.3269 34.8536 40.2068 40.6176 34.1087 35.2153 9.01468 36.0321 -6.66189 44.4889 37.058
internal_weight=5830.97 4191.93 1244.18 351.167 2947.74 680.827 2266.92 558.877 541.683 62.4479 2223.63 209.148 151.627 57.5211 288.719 893.016 46.3678 890.708 130.036 495.315 39.7961 102.385 101.496 55.3651 53.8931 6.57166 38.6829 121.95 166.109 37.7623
internal_count=3572228 1562346 1180724 112574 381622 236696 144926 88378 67293 72907 93074 33837 13455 20382 39667 1068150 20161 1067767 144778 47132 14549 27690 26600 21408 19603 5612 13184 148318 31213 12055
cat_boundaries=0 1
cat_threshold=18
is_linear=0
shrinkage=1


Tree=1
num_leaves=31
num_cat=1
split_feature=1 4 2 2 9 14 2 14 9 9 8 4 8 8 8 0 4 2 2 0 14 4 4 14 2 12 2 15 2 14
split_gain=6.02556e+06 9.16108e+06 3.02137e+06 2.23608e+06 1.07171e+06 722022 448712 594609 361533 341329 1.08671e+06 472403 364518 738763 298139 223180 170338 147482 169060 145484 141885 85810.2 410981 78456.6 65308.4 179412 333021 180902 112369 197831
threshold=0 44603.125000000007 32183.350000000002 32183.350000000002 2845980.6800000002 6.2755134422332059e-10 125469.93000000001 95834.480000000141 1368278.8950000003 261703.74000000002 255896.51250000004 1275404.4050000003 108818.78933333336 105870.67450000001 320849.88333333336 139.50000000000003 185542.99000000002 42917.55000000001 41537.310000000005 130.50000000000003 1285323.02 612078.93000000005 621203.80500000005 4.6748027671128522e-10 196805.11000000002 5.5000000000000009 40227.305000000008 1146503.5950000002 204502.29500000001 176145.60500000001
decision_type=9 2 2 2 2 2 2 2 2 2 2 2 2 2 2 2 2 2 2 2 2 2 2 2 2 2 2 2 2 2
left_child=1 2 -1 4 8 16 7 -4 15 10 11 17 13 -13 -6 19 -5 18 -7 20 -3 -19 -23 -8 25 -11 27 -27 29 -26
right_child=-2 3 6 5 14 9 23 -9 -10 24 -12 12 -14 -15 -16 -17 -18 21 -20 -21 -22 22 -24 -25 28 26 -28 -29 -30 -31
leaf_value=-31.691625987597334 -0.049685258255180192 -11.648755830494565 -16.968726505519921 -5.2363439591402825 30.324811540539201 -1.5047010986303322 -10.527558854352957 -1.3746687981740817 -1.3836270814433769 -2.9654155095887136 23.073334652783757 -1.1679006224662078 -1.3905790144752357 31.257793577005447 -0.51923387411047861 -14.189171836864567 -3.2495966717077538 -1.9859416679727229 10.779460200195567 -1.299598001160853 -0.073290830907915466 17.410870510558283 -1.8084646923870242 -6.0021512797352861 10.601581722567586 21.042715965159577 -0.95075312655819944 -0.028603089641913722 -1.6128850556251171 -1.7459281008255159
leaf_weight=21.468729195907628 1559.7624761303928 18.096565459000598 60.127572941954419 129.94104067242529 1.0150733685004518 5.2180817473874281 101.32812365764602 6.9986825154196657 8.5945881326915678 241.76627462803441 4.2769083903403944 3.065864785142363 4.2927295047556999 2.9054126555565745 1.2272165727335957 56.789748916548682 731.9012320412437 99.495083855055441 4.5549274623193838 6.4787592405428311 3.0890868978458448 2.4166303260717585 14.209896677810587 15.757909545875277 4.319135505589708 1.904195782262817 29.915716147286119 1.5639179766876621 268.67052293465503 7.7241597536675535
leaf_count=31343 2009971 21993 70637 103926 46 3538 153428 6441 9064 175199 486 2247 3175 111 1284 73055 551941 74589 536 6928 2988 474 10571 22315 1928 70 20774 985 205162 5940
internal_value=-2.35586 -4.26643 -14.2161 -3.04667 -10.4455 -2.58778 -12.0193 -15.387 -11.3319 -1.38737 0.810527 -0.0518638 9.76172 16.8292 18.4886 -12.3162 -3.55487 -0.922613 4.68929 -8.11042 -10.0405 -1.43097 1.81402 -9.97454 -1.94312 -2.49235 0.920073 13.6599 -1.39783 3.15522
internal_weight=3418.88 1859.11 205.681 1653.43 95.291 1558.14 184.212 67.1263 93.0487 696.299 140.436 136.159 10.264 5.97128 2.24229 84.4542 861.842 125.895 9.77301 27.6644 21.1857 116.122 16.6265 117.086 555.864 275.15 33.3838 3.46811 280.714 12.0433
internal_count=3571145 1561174 284164 1277010 115358 1161652 252821 77078 114028 505785 95727 95241 5533 2358 1330 104964 655867 89708 4074 31909 24981 85634 11045 175743 410058 197028 21829 1055 213030 7868
cat_boundaries=0 1
cat_threshold=18
is_linear=0
shrinkage=0.05


Tree=2
num_leaves=31
num_cat=1
split_feature=1 3 14 4 2 2 7 3 2 2 3 2 2 12 4 3 3 2 4 9 3 14 9 3 2 4 3 14 9 9
split_gain=7.49466e+07 3.78505e+08 1.85717e+09 5.94906e+08 2.09827e+08 6.97524e+07 2.31619e+07 4.25383e+07 5.37798e+07 1.3486e+07 8.47863e+06 4.06727e+07 3.86506e+07 3.81539e+07 1.32645e+07 7.36356e+06 4.24154e+06 3.54584e+06 1.36903e+07 2.0277e+07 2.79107e+07 1.19634e+07 861076 837157 818433 1.10992e+07 2.26941e+07 5.46906e+06 3.70031e+06 730212
threshold=0 31471.275000000005 2.0725110516650605e-10 185542.99000000002 31213.930000000004 31213.930000000004 30928.460000000003 100.26000000000001 32183.350000000002 42917.55000000001 121858.00000000001 125469.93000000001 125469.93000000001 5.5000000000000009 14514.900000000001 309164.30000000005 125479.34000000001 16479.475000000002 44603.125000000007 1368278.8950000003 100.26000000000001 1285323.02 2312893.4400000004 125479.34000000001 28429.565000000006 44603.125000000007 100.26000000000001 1285323.02 1368278.8950000003 274166.00000000006
decision_type=9 2 2 2 2 2 2 2 2 2 2 2 2 2 2 2 2 2 2 2 2 2 2 2 2 2 2 2 2 2
left_child=1 6 3 4 -3 -5 7 -1 -9 23 12 -12 13 14 -11 16 -13 18 -8 20 -20 -22 -16 -4 25 -19 29 28 -28 -27
right_child=-2 2 9 5 -6 -7 17 8 -10 10 11 15 -14 -15 22 -17 -18 24 19 -21 21 -23 -24 -25 -26 26 27 -29 -30 -31
leaf_value=-12.078850037981077 -0.049665358125083728 -2.9045984957174359e-07 -30.333613910881695 -0.080071223261345664 -2390.0692517544062 -631.66551582454281 -6.0284667596934929 -551.55595012390995 -2.2998072946039438 -16.192606397521921 -2.4258481152985585 -0.17758300999193338 -1.8714494448667294 35.074698888106866 -428.02909755921365 -94.075241437578654 -316.84199337626097 -2.1624523926674066 -0.022305652749587533 21.318086337439208 -413.75768826175448 -0.0044161283703641196 -1.565604279941482 -0.15575952410381477 -1.0428613140786038 55.786214542788358 -313.29485825189892 -0.0041175306008212368 -4.5234172489056226 -0.2278415058365294
leaf_weight=4.0949020801389944 1483.5633212360419 0.099939691987166623 1.9164572191608105 0.49707971672824403 0.13210175353375225 2.6425561962369044 20.400659238298736 0.0013398195127488624 0.81831604200411334 0.33125416979076711 4.4274663196851138 0.11256219350104779 11.251763739623939 0.74257747475712677 0.35390420320502197 2.3049251347227009 1.1021521934300416 42.467795820720838 0.98503834629208409 1.4900448434181135 0.13943978812294444 0.20639966784736474 0.01939540532475803 10.889967321050401 189.95250899630864 0.097092954936303877 0.1093398397555565 0.19857302912919084 0.13895074374390348 1.2212288930058777
leaf_count=48104 2009013 13168 9503 8811 127012 99841 4500 11242 108324 1918 13206 790 48539 1219 15416 14075 21539 2963 26578 4107 10104 307 514 6407 931206 7280 7477 387 690 16248
internal_value=-4.75238 -27.0925 -175.866 -1145.28 -2196.2 -555.846 -6.64831 -104.493 -305.817 -47.7515 -71.8297 -110.688 -41.2063 -221.299 -353.566 -216.205 -300.83 -4.38305 -22.6014 -109.509 -202.289 -350.311 -423.15 -6.54215 -2.4881 -8.5341 -105.606 -243.781 -282.552 26.1791
internal_weight=1782.71 299.146 36.8241 3.37168 0.232041 3.13964 262.322 4.91456 0.819656 33.4524 20.646 7.94711 12.6989 1.44713 0.704554 3.51964 1.21471 257.407 23.2216 2.82092 1.33088 0.345839 0.3733 12.8064 234.185 44.233 1.76519 0.446864 0.248291 1.31832
internal_count=3570488 1561475 381958 248832 140180 108652 1179517 167670 119566 133126 117216 49610 67606 19067 17848 36404 22329 1011847 45596 41096 36989 10411 15930 15910 966251 35045 32082 8554 8167 23528
cat_boundaries=0 1
cat_threshold=18
is_linear=0
shrinkage=0.05


Tree=3
num_leaves=31
num_cat=2
split_feature=5 3 5 3 3 1 9 4 5 3 3 5 1 3 5 5 3 12 3 9 0 5 3 3 4 3 3 5 0 12
split_gain=3.93823e+11 5.89733e+11 3.97542e+10 8.17345e+10 5.95965e+10 9.03094e+09 8.98578e+11 2.02014e+11 1.0363e+09 1.15981e+09 1.31806e+10 5.0348e+08 2.71547e+09 1.41232e+11 5.14099e+10 5.87703e+09 4.39782e+10 4.52239e+08 3.18907e+08 1.26875e+08 6.01231e+07 3.52832e+07 4.37616e+07 3.39128e+07 2.36282e+07 7.34992e+07 1.40131e+08 1.39324e+08 9.16575e+07 7.11323e+07
threshold=14.09456704746589 1215928.9900000002 13.42367693089375 638511.03500000015 1351313.6350000002 0 1.0000000180025095e-35 11175.500000000002 12.997772119551803 423012.74500000005 692315.43000000005 10.667059412371819 1 125479.34000000001 11.724388948763094 11.739829377194416 42964.975000000006 3.5000000000000004 448517.83500000002 2535405.5400000005 6.5000000000000009 9.2165063233666054 10190.275000000001 35842.500000000007 61625.245000000003 31983.000000000004 100.26000000000001 10.255220077429811 129.50000000000003 5.5000000000000009
decision_type=2 2 2 2 2 9 2 2 2 2 2 2 9 2 2 2 2 2 2 2 2 2 2 2 2 2 2 2 2 2
left_child=2 -2 5 -4 -5 6 7 -1 11 -10 17 20 13 15 -15 16 -13 -11 -16 -18 21 -7 -23 -24 -22 26 -26 28 29 -28
right_child=1 -3 3 4 -6 8 -8 -9 9 10 -12 12 -14 14 18 -17 19 -19 -20 -21 24 22 23 -25 25 -27 27 -29 -30 -31
leaf_value=52684.207763858991 -1.8457948014610577 49402.171344196977 -1.4526919442571611 20630.252088022491 -0.013844941523516258 21.639638602525395 -0.98911651549276292 -5.0161991073474708 4.573531283120956 5086.4679604366129 -0.044559260259918534 -5.3402593427249663 -0.048886694725137875 -0.63524067818979935 22084.34651938489 -1.2668377091107483 10670.134587677785 0 0 -3.4377344484478707 1.9305944856489654 -0.31326325073597888 595.92780263524355 -0.0075712542703869918 -26.963504677402327 4.5569672734067037 550.84012083774064 1.2368839046757001 153.7647892830158 -2.4870615407239134
leaf_weight=0.0014668170075574629 1.5030251773714542 0.0098381421994416796 3.2026255071436931 0.068164270953275152 0.52071881212759763 1.8242726931328352 97.042831133711204 0.22206698657326274 11.037839142400728 0.54039509654315132 9.0503880990436283 7.6474172421401096 472.57937689685832 0.35829680356728044 0.0061488040756193345 112.30242553291454 0.1073216094299197 0.044974364340305328 0.0016373406691969792 0.0021446641047846984 1710.130691192451 0.68360481142597962 0.23235000909095027 0.29603372176426501 16.340034574718072 145.83113205566644 2.6431185658614078 8.1781034468078353 9.4806762387220669 0.68030451310642126
leaf_count=14729 41396 897 68101 957 816 2627 164681 10046 64024 1618 13305 286396 672496 31587 51501 601569 42133 158 12576 530 1235897 423 243 425 85217 113420 7377 15767 29044 1203
internal_value=66.6542 19851.3 47.5954 4597.79 13869.2 39.2182 486.378 43117.2 19.6879 364.027 736.639 16.7622 56.9317 257.495 16265 96.0033 1343.59 4942.17 22048.5 10646.4 4.17723 196.956 331.758 480.492 3.76426 20.782 82.4054 164.929 261.818 463.196
internal_weight=2612.57 1.51286 2611.06 3.79151 0.588883 2607.27 97.2664 0.223534 2510 20.6736 9.63576 2489.33 593.005 120.425 0.366083 120.059 7.75688 0.585369 0.00778614 0.109466 1896.32 3.03626 1.21199 0.528384 1893.28 183.153 37.3222 20.9822 12.8041 3.32342
internal_count=3571159 42293 3528866 69874 1773 3458992 189456 24775 3269536 79105 15081 3190431 1698788 1026292 95664 930628 329059 1776 64077 42663 1491643 3718 1091 668 1487925 252028 138608 53391 37624 8580
cat_boundaries=0 1 2
cat_threshold=16 2
is_linear=0
shrinkage=0.05


Tree=4
num_leaves=31
num_cat=3
split_feature=2 1 3 2 3 2 1 9 3 4 3 14 7 4 15 10 3 3 2 14 4 3 11 4 3 2 9 13 15 1
split_gain=7.02115e+06 1.38203e+07 2.22686e+09 6.92989e+08 1.06059e+09 4.20843e+08 1.05906e+07 3.63101e+07 5.34803e+08 1.66074e+09 1.23537e+08 1.49142e+08 7.35326e+07 6.7385e+07 3.51155e+07 3.50441e+07 2.28276e+07 1.12014e+07 7.38262e+06 2.86708e+08 4.72088e+07 3.72944e+07 4.62297e+06 3.09668e+06 4.25012e+08 3.07808e+08 9.5759e+07 4.88869e+07 8.03575e+06 850314
threshold=42917.55000000001 0 125479.34000000001 125469.93000000001 40810.500000000007 123547.48500000002 1 42501.850000000013 163.50000000000003 1.0000000180025095e-35 42964.975000000006 1.0000000180025095e-35 30928.460000000003 176936.43000000002 29588.280000000177 32.500000000000007 42964.975000000006 100.26000000000001 35414.430000000008 2.3317170416703453e-10 1470291.3550000002 34775.000000000007 1.0000000180025095e-35 44603.125000000007 28909.000000000004 28429.565000000006 1368278.8950000003 6.5000000000000009 1812781.1100000001 2
decision_type=2 9 2 2 2 2 9 2 2 2 2 2 2 2 2 2 2 2 2 2 2 2 2 2 2 2 2 2 2 9
left_child=6 2 3 4 -2 -4 7 8 -1 14 11 12 13 -11 15 16 22 -9 23 20 21 -20 -10 -19 25 26 27 28 -25 -3
right_child=1 29 5 -5 -6 -7 -8 17 9 10 -12 -13 -14 -15 -16 -17 -18 18 19 -21 -22 -23 -24 24 -26 -27 -28 -29 -30 -31
leaf_value=0.89493166337936758 34.150250273933509 -3.96232658080541 -0.55054212161930327 -0.20472065426231092 -2093.3070139704696 -2578.8564205960811 -0.15538532777270941 -78.960289579824931 2382.117653756829 1035.6991479915409 -0.15240807179474203 22.941849978585434 -4.06094947262776 -12.206846193565383 -2.7059025462033364 -1.6698826822309583 -0.24210210847708571 -0.055815014530541801 -0.00044631869415730923 -1.3804623590929848 -0.42794791159968792 969.85559741355542 -0.094716620528476805 1485.6161218891357 0.81969180701213906 -65.810455844307143 -82.037892388834592 -27.363801286046112 -2.4809286687435415 -0.088739672339307712
leaf_weight=108.62928381404853 1.334804177853925 149.46564191616159 0.18848412098862435 422.51151353001262 0.0022155772376201135 0.0015078989166504566 10802.808946549214 3.2639062405537507 0.0019586179837932979 0.11348214899793729 5.7333906290050853 1.4868922640932596 0.26214160749147186 0.15121449121408193 0.014183050281690264 0.014598073781917364 0.0099878482125603848 781.25387912505562 0.1099001824383721 38.068391955726163 0.17758537475523928 0.0096294861748020544 0.0019568354658917606 0.0010462338468651402 215.74537667755573 0.49018153640866818 0.0031332796424976541 0.019447998769464903 0.0057889900781447068 1228.9032616866907
leaf_count=11921 283592 280559 31414 652895 45406 70153 1323309 78475 9478 4032 4274 396 277 1251 137 261 5439 9588 3104 5235 1230 2517 31 14613 23340 4421 1699 976 113 700742
internal_value=-0.105062 -3.01328 -10.7768 -4.9545 -863.581 -2170.94 0.33349 4.85925 31.2571 406.387 136.053 395.226 742.74 900.749 2284.47 2318.65 2353.71 1.92132 2.25208 23.4912 754.505 874.643 2377.37 1.41249 6.69258 839.955 1335.19 1419.46 1474.59 -0.536827
internal_weight=13760.8 1802.41 424.039 423.849 1.33702 0.189992 11958.4 1155.57 116.419 7.78981 7.74712 2.01373 0.526838 0.264697 0.0426844 0.0285014 0.0139033 1039.15 1035.88 38.3655 0.297115 0.11953 0.00391545 997.519 216.265 0.519598 0.0294165 0.0262832 0.00683522 1378.37
internal_count=3570878 2064761 1083460 981893 328998 101567 1506117 182808 37497 25576 10230 5956 5560 5283 15346 15209 14948 145311 66836 12086 6851 5621 9509 54750 45162 21822 17401 15702 14726 981301
cat_boundaries=0 1 2 3
cat_threshold=2 2 16
is_linear=0
shrinkage=0.05


Tree=5
num_leaves=31
num_cat=2
split_feature=2 3 2 7 4 4 1 2 3 3 3 2 12 1 4 14 3 2 4 3 2 3 13 2 8 3 3 4 2 3
split_gain=2.84007e+07 5.91684e+07 4.50211e+08 1.11446e+10 1.48626e+08 7.53474e+06 8.97445e+07 5.73509e+09 1.75601e+09 3.8265e+08 1.20325e+08 1.08659e+08 4.13762e+07 1.33967e+07 3.20312e+07 3.11865e+07 5.97767e+06 2.00996e+07 4.39566e+06 2.20033e+06 1.83701e+06 2.9882e+06 1.08791e+06 705637 743024 621734 474354 4.85129e+07 8.7908e+08 1.5675e+08
threshold=42917.55000000001 1.0000000180025095e-35 125469.93000000001 30928.460000000003 49069.340000000004 44603.125000000007 0 196805.11000000002 100.26000000000001 121858.00000000001 448517.83500000002 441427.84500000003 5.5000000000000009 1 11175.500000000002 3354.1400000000008 42964.975000000006 441427.84500000003 185542.99000000002 448517.83500000002 57781.915000000008 125479.34000000001 46.500000000000007 946715.66500000015 35881.793333333342 125479.34000000001 31471.275000000005 61625.245000000003 28429.565000000006 1.0000000180025095e-35
decision_type=2 2 2 2 2 2 9 2 2 2 2 2 2 9 2 2 2 2 2 2 2 2 2 2 2 2 2 2 2 2
left_child=26 2 3 18 -5 13 7 8 -7 -9 12 -11 -10 14 15 -3 -15 19 -2 20 25 -22 -6 -8 -25 -18 27 -1 29 -29
right_child=1 5 -4 4 22 6 23 9 10 11 -12 -13 -14 16 -16 -17 17 -19 -20 -21 21 -23 -24 24 -26 -27 -28 28 -30 -31
leaf_value=-0.22194805490945343 -6.2831093240053928 -638.31961771454155 -0.20564240587576715 -8.6168420517403774 -3694.2736272803809 -42.340641148695354 -0.043131808417105795 -0.2321504455498952 -3800.7988831402263 -1108.0400106027589 -0.19167997841152537 -19.962596615043882 -164.43153931378956 -0.78013187600067668 -1.0211672577685991 -1.5109833969767614 -32.701736761417216 -0.23754680237425646 -47.003724305687712 -0.032660552988891402 -40.090935173137893 -85.660444574490967 -1.8927373188747518 57.490812546309897 -11.603338927312873 -0.033496276353495121 0.098560491137714992 69.373043139560892 4.0866541852937575 -1614.0279438803107
leaf_weight=4237.3510631876325 47.212370295018566 0.001449602535992244 297.67955560591059 0.032469191124667396 1.1666103862262118 0.48607068090993788 786.51107769280975 145.33476330528143 0.34140481655804367 0.0076760524246982645 0.022969000846387644 0.34563900879584253 0.1025865674211599 2188.3010119197465 0.40627182357465996 0.24384814593281423 2.9001015430548533 84.625731652274254 6.8017570289207034 2.1681301671977087 13.39889973482479 7.1665878844533735 0.0012279090318104693 0.047296689934517189 0.1799811569421137 2.3282591184907075 6548.71395673188 0.068407942647900261 17.891876704139616 0.038974803062373914
leaf_count=803786 20531 32170 461195 239 177176 2173 622473 135072 199991 28825 8003 4646 6873 203735 6488 3928 7295 6204 8162 8501 61115 31359 42 1981 21030 5044 555531 59620 48913 39409
internal_value=-1.44862 -5.30233 -24.7134 -154.489 -3642.61 -3.17782 -6.96472 -41.3613 -2735.67 -8.02648 -3599.22 -844.898 -3656.33 -1.63969 -55.1488 -514.84 -1.35512 -12.5448 -12.1722 -48.4979 -52.4182 -59.2068 -3693.06 0.0157212 37.8995 -20.496 -0.168509 -0.57944 -80.2979 -1447.39
internal_weight=14391.9 3587.81 352.894 55.2144 1.20031 3234.92 933.379 146.641 0.953031 145.688 0.46696 0.353315 0.443991 2301.54 0.65157 0.245298 2300.89 112.588 54.0141 27.962 25.7938 20.5655 1.16784 786.738 0.227278 5.22836 10804.1 4255.35 17.9993 0.107383
internal_count=3571510 2064251 667345 206150 177457 1396906 1031067 385583 217040 168543 214867 33471 206864 365839 42586 36098 323253 119518 28693 113314 104813 92474 177218 645484 23011 12339 1507259 951728 147942 99029
cat_boundaries=0 1 2
cat_threshold=2 16
is_linear=0
shrinkage=0.05


Tree=6
num_leaves=31
num_cat=2
split_feature=5 3 3 5 4 3 3 1 8 3 5 0 5 3 3 4 9 1 0 7 5 3 5 4 8 3 15 3 3 4
split_gain=2.68094e+06 8.14624e+06 1.30823e+07 1.33332e+08 9.22799e+07 2.93675e+07 1.13069e+07 1.25335e+06 6.77643e+06 6.22311e+06 1.24577e+07 4.96228e+06 1.17304e+06 1.71241e+07 1.82348e+08 7.75053e+07 1.6197e+06 1.06012e+06 2.54636e+06 9.74864e+06 4.95524e+06 4.6294e+06 2.29212e+06 2.09596e+07 2.3809e+07 8.78379e+06 7.40946e+06 2.37301e+07 4.72412e+06 1.50574e+06
threshold=11.739829377194416 125479.34000000001 520263.75000000006 12.997772119551803 44603.125000000007 473250.02500000008 448517.83500000002 0 19886.510000000006 1.0000000180025095e-35 10.286851383410434 1.5000000000000002 10.667059412371819 42964.975000000006 125479.34000000001 49069.340000000004 2535405.5400000005 1 8.5000000000000018 30928.460000000003 10.474902879631605 1877.0800000000002 10.474902879631605 1685.8400000000004 52577.587500000009 44568.545000000006 1.0000000180025095e-35 31191.500000000004 42964.975000000006 847937.27500000002
decision_type=2 2 2 2 2 2 2 9 2 2 2 2 2 2 2 2 2 9 2 2 2 2 2 2 2 2 2 2 2 2
left_child=7 -2 3 4 5 -3 -6 8 11 10 -10 -1 17 -14 15 -15 -17 18 19 20 21 -9 29 24 -24 -26 27 -25 -29 -20
right_child=1 2 -4 -5 6 -7 -8 12 9 -11 -12 -13 13 14 -16 16 -18 -19 22 -21 -22 -23 23 26 25 -27 -28 28 -30 -31
leaf_value=-0.63656287050501736 -0.58593142638040419 -674.24238495777081 -0.21037856568215949 -0.63541880612330159 -126.93570059899301 -2.1316067770885545 -0.031682114327922999 -7.6932281215169738 -213.45698463840836 1.1292154508782248 -0.98654254209094416 -178.64697022102439 -0.33588514644462752 -669.78307064738851 -0.3613545041884958 -162.61966942664066 -0.0024281914867970416 -0.084869297393174947 0.34407279973436972 -0.29326760216480829 -0.77979774768254806 228.07372071650599 -77.77117301520579 -10.286788119914121 359.5226229145992 -0.12783552049290248 0.46979757976127501 298.2839677254791 -15.542644830848435 4.3424440769366663
leaf_weight=0.6489610450223664 1100.9847869709415 0.087145181314515763 137.96129712134032 96.919167774724443 13.410965027320108 0.19859616149915382 1.9993249699473388 0.18068045870722169 0.048677047720382727 29.790314844158736 2.0439748737486618 0.015379205250909522 4643.9897140123412 0.061012264340887579 90.367278988649787 7.4258965579792857 0.15605059918016184 9757.9004631179196 2194.8054230154298 5.9813230539814084 0.47504517900465182 0.059079574401718987 0.13219087860518342 2.1841432459765677 0.021546375756607783 0.20272152909598995 42.583846807473137 0.019688070359012544 0.029198527300479893 262.7944267411599
leaf_count=68 1042285 23579 249687 19534 64829 1179 6582 370 4941 14419 17573 7271 369370 27035 190729 40170 775 1308518 102636 317 120 221 3006 5492 997 573 21375 232 1261 46184
internal_value=-0.298707 -2.44136 -10.559 -23.1233 -153.625 -572.09 -111.477 -0.128644 -8.60066 -5.84137 -73.3531 -109.622 -0.106809 -0.774633 -21.3503 -240.76 -159.664 0.151295 1.06537 29.788 134.887 187.504 0.980909 12.0185 205.722 299.861 6.02128 78.9957 274.725 0.773218
internal_weight=18393.5 1351.56 250.576 112.615 15.696 0.285741 15.4103 17041.9 32.5473 31.883 2.09265 0.66434 17009.4 4742 98.0102 7.64296 7.58195 12267.4 2509.47 6.69613 0.714805 0.23976 2502.77 45.1733 0.356459 0.224268 44.8169 2.23303 0.0488866 2457.6
internal_count=3571328 1407675 365390 115703 96169 24758 71411 2163653 44272 36933 22514 7339 2119381 628079 258709 67980 40945 1491302 182784 1028 711 591 181756 32936 4576 1570 28360 6985 1493 148820
cat_boundaries=0 1 2
cat_threshold=16 2
is_linear=0
shrinkage=0.05


Tree=7
num_leaves=31
num_cat=2
split_feature=2 3 3 2 0 14 10 1 3 2 3 3 9 1 2 15 3 4 0 4 14 3 0 4 3 4 3 3 2 14
split_gain=3.80294e+06 1.34018e+07 3.18099e+07 2.54819e+08 2.59224e+06 1.4915e+06 1.41237e+06 7.30367e+06 4.13399e+07 1.102e+06 2.66393e+07 1.30583e+09 1.80038e+08 1.57465e+06 5.36949e+06 1.15257e+08 5.67681e+07 7.28443e+07 2.26207e+06 8.33134e+06 6.71061e+06 1.98897e+06 1.92193e+06 4.94974e+06 2.53913e+06 1.6536e+06 2.33184e+07 4.7355e+08 7.45211e+07 4.66838e+06
threshold=125469.93000000001 125479.34000000001 448517.83500000002 453931.2950000001 321.50000000000006 5888002.2250000006 -1.0000000180025095e-35 0 53.045000000000009 42917.55000000001 42964.975000000006 121858.00000000001 2535405.5400000005 1 35414.430000000008 1.0000000180025095e-35 35842.500000000007 185542.99000000002 8.5000000000000018 117209.56000000001 5938.3350000000328 101646.00000000001 255.50000000000003 32222.805000000004 37028.000000000007 847937.27500000002 28909.000000000004 100.26000000000001 28429.565000000006 1319970.1850000003
decision_type=2 2 2 2 2 2 2 9 2 2 2 2 2 9 2 2 2 2 2 2 2 2 2 2 2 2 2 2 2 2
left_child=9 6 3 4 5 -3 7 8 -2 13 -11 12 -12 14 18 16 -16 21 19 20 -1 -18 -17 24 -24 -20 27 -27 29 -29
right_child=1 2 -4 -5 -6 -7 -8 -9 -10 10 11 -13 -14 -15 15 22 17 -19 25 -21 -22 -23 23 -25 -26 26 -28 28 -30 -31
leaf_value=184.92385417427136 -7.6243448170008694 -305.03514601764795 -1.065513303822577 -0.59497692787319156 -26.701817688456533 -6.8852746670649756 -0.014934482390164094 -0.35165035571277325 -492.07274645449064 -0.28851986391606071 -1881.15334524937 -1.405527528805087 -0.13300525923390955 -0.096174884728304239 -53.019146349815088 -1.0264241085724664 789.45936212936977 -12.878823085219375 0.43863526810518449 -1.2173250114441418 -0.54791677025999863 -0.044250797693106275 -3.0895604341697069 4.7708472946961029 130.2262671531723 -1.5143465133383778 -0.21783603437514812 1201.6551039575991 -0.07467686411303337 -2.6350594832101137
leaf_weight=0.27733068336903965 0.83626054199356248 7.2694387547671502 113.76709177567491 45.909744448108768 0.29242426529526699 0.089223414659500011 760.80768016620414 73.528280388764273 0.012542100404830392 5394.1969921298323 0.06906688754276516 63.158350916636245 0.1445568111547729 9036.9875063806576 0.29028725334044758 40.967862971637899 0.0079152584075927734 0.35635063524994215 1906.6472511497677 6.3542566521969013 0.77928998859732412 0.0079152584075927734 0.41768406177518685 6.9465183486641875 0.40909792169986775 20.216291963646846 205.23075407011774 0.0011570042909875003 0.14987013305543687 0.0037021486023891548
leaf_count=341 4376 87537 259358 16898 1172 256 874499 139329 23117 393705 68810 194366 801 1323999 7759 17732 1213 620 102712 382 98 1018 125 4527 105 26588 10054 6735 1943 722
internal_value=-0.267216 -3.25662 -16.1274 -47.514 -296.436 -302.677 -0.661769 -7.19024 -43.2322 -0.0873989 -0.670147 -32.6449 -1657.22 0.195939 1.39542 17.533 426.938 567.116 1.02131 26.9022 114.376 783.259 3.49713 24.7379 98.0503 0.91879 4.9569 54.6614 1039.47 1194.59
internal_weight=17686.1 1002.51 167.328 53.5608 7.65109 7.35866 835.185 74.3771 0.848803 16683.6 5457.57 63.372 0.213624 11226.1 2189.06 49.4036 0.662468 0.372181 2139.66 7.41088 1.05662 0.0158305 48.7412 7.7733 0.826782 2132.25 225.602 20.371 0.154729 0.00485915
internal_count=3570897 1406542 365221 105863 88965 87793 1041321 166822 27493 2164355 657682 263977 69611 1506673 182674 33099 10610 2851 149575 821 439 2231 22489 4757 230 148754 46042 35988 9400 7457
cat_boundaries=0 1 2
cat_threshold=16 2
is_linear=0
shrinkage=0.05


Tree=8
num_leaves=31
num_cat=2
split_feature=5 3 3 2 3 2 4 1 4 2 3 2 2 2 3 3 9 3 4 3 4 14 3 4 1 3 7 3 4 14
split_gain=3.46998e+06 2.72004e+07 6.11423e+07 3.7592e+08 2.6083e+07 2.30922e+07 3.96617e+06 2.27565e+06 5.10142e+07 3.18521e+07 778278 1.41961e+06 805475 733378 9.56017e+07 1.23769e+09 1.40104e+08 736546 642675 3.36957e+06 1.11256e+06 632188 4.53229e+06 2.14859e+06 568631 931415 4.10073e+06 2.42627e+07 1.15828e+08 4.92534e+06
threshold=11.739829377194416 125479.34000000001 423012.74500000005 468639.08000000002 473250.02500000008 441427.84500000003 155603.57000000004 0 11175.500000000002 833148.21000000008 813873.76500000013 441427.84500000003 742945.80000000016 42917.55000000001 42964.975000000006 121858.00000000001 2673788.8350000004 403869.50000000006 254612.56500000003 1.0000000180025095e-35 487694.09000000003 95834.480000000141 31471.275000000005 44603.125000000007 1 16156.440000000001 30928.460000000003 42964.975000000006 28773.645000000004 3354.1400000000008
decision_type=2 2 2 2 2 2 2 9 2 2 2 2 2 2 2 2 2 2 2 2 2 2 2 2 9 2 2 2 2 2
left_child=13 7 3 -3 5 -4 -7 8 9 -2 11 -6 -12 24 18 16 -16 -17 21 20 -20 -15 23 -23 25 -1 27 28 29 -27
right_child=1 2 4 -5 10 6 -8 -9 -10 -11 12 -13 -14 14 15 17 -18 -19 19 -21 -22 22 -24 -25 -26 26 -28 -29 -30 -31
leaf_value=0.12436203941442447 -463.36502096251706 -468.31840525457301 -53.503369571131174 -0.72161398179725555 -2.1330534430482193 361.13271668469764 -12.884884845278137 -0.0996957261377166 -0.76439981804905366 -2.1792669870859309 -0.22115001373991691 -71.98666550535664 44.282951192611769 -0.23697456367479788 -1901.6153002630858 -27.865884754471434 -0.045486173938049615 -0.35702221049620997 104.14363389478579 -0.13640558149866933 -1.4098221488042952 -122.5580107849816 -0.75817746276549647 -0.27763311559905685 -0.10061528643740797 -192.39232262826329 1.7242286398182363 -0.64354386981582667 566.78342855018695 -0.76084034463496464
leaf_weight=1945.2798806046435 0.0028699523968583876 4.3284581991184359 0.20656569534912606 22.247850505604401 2.5260839823641019 0.0013498009539034675 0.0046634089521830902 723.09788157114724 27.753453078309381 0.61263104103766008 36.366624193935444 0.059884667707724382 0.045667312365721524 6035.0837629284861 0.018960518261991743 1.953716786215941 0.10709929834149223 13.96579006006375 0.17540688812696281 7.7636921463203068 0.28340048432984133 0.22192008546768094 13.980361738888471 0.51539169688536801 8258.3536684010487 0.19707737182424168 834.43991033318832 8.567702247583906 0.026527618504994521 0.47692379146548092
leaf_count=122478 17748 87274 5245 15311 25002 309 743 814435 200160 9693 225247 4089 1870 150780 68921 46935 669 147428 33823 77434 109854 4644 1217 15568 1323297 4816 44120 9506 1486 75
internal_value=-0.286542 -3.46746 -34.0465 -91.0998 5.92682 234.302 346.586 -0.748724 -12.4514 -289.826 -1.14461 -23.3755 1.01669 -0.134514 -0.575786 -118.822 -1720.8 -5.18077 -0.243034 12.9462 82.6681 -0.263097 -10.2779 -86.4449 0.108136 0.723845 2.11281 33.5223 206.04 -138.254
internal_weight=17938.7 817.254 65.7871 26.5763 39.2108 0.212579 0.00601321 751.467 28.369 0.615501 38.9983 2.58597 36.4123 17121.4 6074.07 16.0456 0.12606 15.9195 6058.02 8.2225 0.458807 6049.8 14.7177 0.737312 11047.3 2788.99 843.708 9.26823 0.700529 0.674001
internal_count=3570177 1407126 365090 102585 262505 6297 1052 1042036 227601 27441 256208 29091 227117 2163051 657273 263953 69590 194363 393320 221111 143677 172209 21429 20212 1505778 182481 60003 15883 6377 4891
cat_boundaries=0 1 2
cat_threshold=16 2
is_linear=0
shrinkage=0.05


Tree=9
num_leaves=31
num_cat=2
split_feature=2 3 1 3 2 0 2 4 2 9 1 2 3 10 0 0 10 7 3 3 10 4 2 3 3 9 15 12 8 3
split_gain=4.52425e+06 6.33646e+07 1.74698e+08 3.53704e+08 1.05237e+07 1.92661e+06 4.49715e+06 1.40687e+06 6.56087e+06 3.7137e+06 353248 6.84956e+06 218358 214738 395670 2.42817e+06 1.43598e+07 2.20099e+06 3.41416e+06 6.36574e+06 650338 276742 8.98679e+06 6.97715e+06 4.00296e+07 2.08993e+06 588278 420648 438583 437024
threshold=125469.93000000001 125479.34000000001 0 1351313.6350000002 2396346.4800000004 6.5000000000000009 14310.640000000001 1.0000000180025095e-35 441427.84500000003 1.0000000180025095e-35 1 946715.66500000015 1496380.2000000004 4.5000000000000009 119.50000000000001 53.500000000000007 43.500000000000007 239348.97 37028.000000000007 520263.75000000006 29.500000000000004 473170.95000000001 42917.55000000001 365977.51000000007 42964.975000000006 2845980.6800000002 1196972.2500000002 1.5000000000000002 108818.78933333336 21564.500000000004
decision_type=2 2 9 2 2 2 2 2 2 2 9 2 2 2 2 2 2 2 2 2 2 2 2 2 2 2 2 2 2 2
left_child=5 7 -3 4 -4 6 -1 8 9 -2 -10 -12 -5 -7 15 20 -17 18 -18 -20 -15 26 -23 24 -24 -26 27 29 -29 -16
right_child=1 2 3 12 -6 13 -8 -9 10 -11 11 -13 -14 14 21 16 17 -19 19 -21 -22 22 23 -25 25 -27 -28 28 -30 -31
leaf_value=-120.13186110213219 -99.205162162077144 -1.2598065210710228 -2637.0023293628019 59.225099471573358 -0.24382745370167683 -0.18592577402236629 -2.9513077714406011 -0.06189384989549699 -0.040429223166955165 -3.890568564542455 -141.46664051090553 -0.38327382017871536 -2.7144070918861067 0.17307956261752627 -0.15970152818955827 136.7889879096094 -0.54703302617243454 -0.51137643671903665 128.33494456749273 -0.032989572117852153 27.46329902242158 -0.22178892207434028 -0.076294854817735125 -0.048692123914343188 -379.74820500447981 -0.18960066712098833 24.870444475678958 35.912011995600118 -0.24704735066791589 1.0755058376407625
leaf_weight=0.11169795992026488 1.949870395685106 40.454253784794851 0.0066334193711624634 0.028383055215357444 0.0039879061800105475 11707.194664313891 3.3107198169462304 713.44008330955262 43.495560022669444 1.6936147025686841 0.027059601053973981 5.3328483325078038 0.067789533279142944 315.16449563410629 1863.7100270545636 1.2319044435756925 4.6065879365166387 29.359090560608895 0.89931138641595643 1.9636953542430999 1.1984172828832687 1440.0694334879499 2.6142383501376076 2.8154303569120422 0.0088143561581269236 0.0386837753114469 1.4451359473328 0.69560966651872203 1.6318665523019977 1161.6842219193084
leaf_count=3025 82496 271744 90579 228 943 1670292 1373 881484 3356 51773 16013 7357 1476 32085 118099 168 391 3846 163 153 68 74437 87655 42149 19480 417 171 77 252 109218
internal_value=-0.257459 -3.9119 -64.0399 -233.797 -2626.84 -0.0790371 -33.0764 -0.648411 -8.46871 -65.2801 -3.0074 -9.02981 52.9138 -0.0702079 0.210304 1.81602 13.5776 5.94901 28.4043 63.0714 0.362684 0.0827441 -0.486253 -59.2495 -104.753 -365.917 0.354347 0.334436 18.1031 0.314788
internal_weight=17346.3 806.5 40.561 0.106794 0.0106213 16539.8 3.42242 765.939 52.499 3.64349 48.8555 5.35991 0.0961726 16536.3 4829.14 354.424 38.0606 36.8287 7.46959 2.86301 316.363 4474.71 1445.55 5.47717 2.66174 0.0474981 3029.17 3027.72 2.32748 3025.39
internal_count=3570968 1407449 364970 93226 91522 2163519 4398 1042479 160995 134269 26726 23370 1704 2159121 488829 36874 4721 4553 707 316 32153 451955 224138 149701 107552 19897 227817 227646 329 227317
cat_boundaries=0 1 2
cat_threshold=1 1
is_linear=0
shrinkage=0.05


Tree=10
num_leaves=31
num_cat=2
split_feature=2 3 3 2 3 3 4 3 2 3 3 4 10 2 3 3 7 8 3 4 4 1 2 4 1 3 2 3 7 3
split_gain=7.98326e+07 1.7264e+10 8.57171e+09 2.97368e+07 1.37629e+08 7.10926e+08 8.15128e+06 7.52362e+06 1.38621e+06 1.00571e+08 3.62005e+08 2.80019e+06 931667 1.39305e+06 3.93995e+08 3.40625e+09 1.58807e+08 2.00385e+07 479018 446950 1.03185e+06 441845 5.64508e+06 5.86912e+06 347090 2.78281e+06 6.48764e+07 3.09087e+08 693173 487298
threshold=441427.84500000003 423012.74500000005 892689.65000000014 204502.29500000001 125479.34000000001 500122.64000000007 1.0000000180025095e-35 142.50000000000003 125469.93000000001 125479.34000000001 500122.64000000007 11175.500000000002 5.5000000000000009 42917.55000000001 42964.975000000006 118610.99500000001 5584584.4900000012 665064.78250000009 423012.74500000005 466243.73500000004 473170.95000000001 0 675815.54500000004 18188.925000000003 1 31471.275000000005 31213.930000000004 40810.500000000007 3085066.2450000001 142.50000000000003
decision_type=2 2 2 2 2 2 2 2 2 2 2 2 2 2 2 2 2 2 2 2 2 9 2 2 9 2 2 2 2 2
left_child=3 21 -3 8 6 -6 7 -5 12 11 -11 -10 -1 24 19 16 17 -16 -17 -15 -21 22 23 -2 25 -14 -27 -28 -29 -26
right_child=1 2 -4 4 5 -7 -8 -9 9 10 -12 -13 13 14 15 18 -18 -19 -20 20 -22 -23 -24 -25 29 26 27 28 -30 -31
leaf_value=-0.17349826713088692 -171.02381697118528 8021.8361087213752 -22.909888223927418 48.556640930436117 -1477.998117427635 -1.1847253752877105 -1.3984430526964831 -192.80660514999332 -77.793791059796561 -1074.9348371470971 -0.61537188320817637 -0.0046311128573900909 0.20446475235863557 -0.37308088872130263 3152.581336243813 -36.273075751487866 -16.195834779843278 -1.2399205816050047 -0.28335025194367808 59.800731067044381 -0.10718019077860322 0.35046203253055513 -0.73845682859704342 -0.98107222070539635 -13.199807580261172 -0.58557152927310818 909.99297810672624 -43.537903423587835 -1.1994635991879385 -0.061324586529210461
leaf_weight=11140.568387112533 0.035780547198880686 0.0068467472392826903 0.48491243603737244 0.0010467181684991082 0.0046665254974403983 4.323265745076128 32.870064009463817 0.019134985542432089 0.16015696481542718 0.0036842671114521988 3.5899110499442486 409.93043204651622 1231.1034362643293 1297.7491603478529 0.0013924005905953099 0.037874305761221971 0.030914032475678255 0.0042688385292422026 8.6210250214819588 0.02183409804151315 2.4108160114031802 286.86508849975007 23.432430717088064 1.0177915406347899 6.0729598692741993 99.884577541772131 0.13766378062178031 0.28549655632212889 4.1445881688910884 3217.1645736100454
leaf_count=1704606 6048 5623 15010 2665 54323 128258 412471 76705 60209 38974 105807 288871 67506 87950 25748 20232 1765 285 72896 578 86938 68351 103250 40448 7371 13637 628 3982 719 68371
internal_value=0.37737 25.412 5391.44 -0.0712094 -44.1273 -279.885 -5.76136 -144.958 0.025434 -2.83081 -235.485 -0.224187 0.0950678 0.60492 2.04205 319.596 3028.26 3137.96 -4.18039 -0.325702 17.6936 -0.297036 -5.55642 -87.2274 0.191947 0.865886 8.66778 174.778 -11.4443 -0.0898881
internal_weight=17771 311.843 0.491759 17459.1 37.2182 4.32793 32.8902 0.0201817 17421.9 413.684 3.5936 410.091 17008.2 5867.67 1308.88 8.69547 0.0365753 0.00566124 8.6589 1300.18 2.43265 311.351 24.486 1.05357 4558.79 1335.56 104.452 4.56775 4.43008 3223.24
internal_count=3570225 238730 20633 3331495 674422 182581 491841 79370 2657073 493861 144781 349080 2163212 458606 296392 120926 27798 26033 93128 175466 87516 218097 149746 46496 162214 86472 18966 5329 4701 75742
cat_boundaries=0 1 2
cat_threshold=16 2
is_linear=0
shrinkage=0.05


Tree=11
num_leaves=31
num_cat=2
split_feature=2 3 2 3 3 3 7 1 4 2 0 4 1 7 4 2 3 3 7 9 14 3 0 4 3 6 3 4 2 4
split_gain=3.82535e+06 1.02777e+08 5.14376e+08 2.0186e+09 3.91371e+06 1.36987e+07 1.12547e+06 1.03606e+06 5.04202e+07 3.12685e+07 874163 438848 346567 8.58829e+06 1.26754e+06 299735 9.40016e+07 2.9461e+08 8.15402e+08 1.7037e+07 732282 5.88677e+06 3.12663e+06 1.83053e+06 6.69143e+06 1.13874e+06 238904 159691 139778 111679
threshold=125469.93000000001 125479.34000000001 468639.08000000002 520263.75000000006 1351313.6350000002 403869.50000000006 145708.01500000004 0 11175.500000000002 946715.66500000015 7.5000000000000009 721124.51500000013 1 30928.460000000003 21354.565000000006 42917.55000000001 42964.975000000006 403869.50000000006 8819061.0100000035 2845980.6800000002 256463.90000000002 4545.0000000000009 37.500000000000007 254612.56500000003 1.0000000180025095e-35 3.5000000000000004 892689.65000000014 36206.010000000009 89263.535000000018 1.0000000180025095e-35
decision_type=2 2 2 2 2 2 2 9 2 2 2 2 9 2 2 2 2 2 2 2 2 2 2 2 2 2 2 2 2 2
left_child=12 7 3 -3 5 -4 -6 8 9 -2 11 27 13 14 -1 -14 20 18 19 -18 23 22 25 -17 -25 28 -5 -9 -22 -12
right_child=1 2 4 26 6 -7 -8 10 -10 -11 29 -13 15 -15 -16 16 17 -19 -20 -21 21 -23 -24 24 -26 -27 -28 -29 -30 -31
leaf_value=-158.9066038346721 -451.15312383325556 -2565.0575628996539 -3.0540097127886146 -27.693483563482218 47.981318172354719 -195.01736811730109 -0.87370053924230739 60.265930172558129 0.69530901678465007 -1.8692476686816286 2.2098859509565658 -2.7368982498861159 0.023898160837897277 -0.94780755721092125 -1.0250943199461304 -0.16084631641591951 -1743.4416912098154 -0.39245342065220262 -4.6581057237346482 -0.14365293213459635 0 -0.28693140505846992 -0.077092949405470582 -145.91094637018168 -0.75861696524140976 -1.8863395000822614 -0.40699663445330692 -2.4761997393840827 149.75750976508854 -0.051272079240113191
leaf_weight=0.023848086597765161 0.018488053424368323 0.0028800839450168194 4.2911444630153701 0.074213384612903943 0.24911363752601445 0.19812374163419466 20.419409631031339 0.013952859333833157 55.819174128118313 0.63838534964558236 58.105321425353509 0.32707750930884338 9753.081018840272 28.446669386619618 0.16015278729872429 7223.8458038514364 0.0045906041100548722 10.079176959796968 2.1895902141331902 0.014386158059799238 0.015771104196014962 15.617157218737701 0.63972365989108593 0.0029758044409277087 3.8616507761537031 0.11362402345395609 3.2912859031307153 0.028304103678820202 0.22595878195500677 717.02587620530448
leaf_count=4098 19158 98285 14941 23685 906 6695 9153 70 200067 8153 136425 390 1490577 36749 3437 155441 109410 147087 2039 391 2796 18442 27786 94028 53630 14816 211515 381 2180 677724
internal_value=-0.332514 -3.58314 -95.2563 -596.091 -7.97465 -45.5105 1.90207 -0.329331 -6.26963 -279.177 0.189091 40.1059 -0.168144 -4.83982 -138.421 -0.157059 -0.400457 -133.267 -550.544 -1718.98 -0.156728 10.0263 90.9031 -0.181517 -30.8427 133.906 -7.21573 56.1815 147.855 0.120851
internal_weight=17898.8 860.503 28.5262 3.36838 25.1578 4.48927 20.6685 831.977 56.476 0.656873 775.501 0.369334 17038.3 28.6307 0.184001 17009.7 7256.61 12.2877 2.20857 0.0189768 7244.32 16.6122 0.995078 7227.71 3.86463 0.355354 3.3655 0.042257 0.24173 775.131
internal_count=3570455 1407548 365180 333485 31695 21636 10059 1042368 227378 27311 814990 841 2162907 44284 7535 2118623 628046 258927 111840 109801 369119 66020 47578 303099 147658 19792 235200 451 4976 814149
cat_boundaries=0 1 2
cat_threshold=16 16
is_linear=0
shrinkage=0.05


Tree=12
num_leaves=31
num_cat=3
split_feature=2 5 4 0 1 4 2 1 2 5 11 8 0 0 10 4 4 0 0 2 2 6 2 2 1 15 2 4 7 2
split_gain=3.86463e+06 3.03746e+07 1.07966e+07 1.27569e+07 2.07203e+06 1.38836e+07 3.41465e+07 1.68726e+06 1.612e+06 8.05839e+07 2.33971e+07 5.65266e+06 2.52163e+06 1.46252e+06 834096 504708 966497 498980 7.42999e+06 2.57286e+06 1.77977e+06 480327 576583 457146 433659 1.79418e+06 4.94265e+06 2.95611e+07 6.38761e+06 3.43325e+06
threshold=125469.93000000001 12.189974309858263 44603.125000000007 8.5000000000000018 0 11175.500000000002 1104257.6900000002 1 441427.84500000003 12.228339366800812 1.0000000180025095e-35 90001.634642857156 7.5000000000000009 9.5000000000000018 5.5000000000000009 199286.57000000004 172537.09000000003 7.5000000000000009 6.5000000000000009 59366.585000000014 87477.99000000002 57.500000000000007 13365.185000000001 334744.60000000003 2 1146503.5950000002 71381.690000000017 40471.905000000006 1486171.5550000002 339.10500000000008
decision_type=2 2 2 2 9 2 2 9 2 2 2 2 2 2 2 2 2 2 2 2 2 2 2 2 9 2 2 2 2 2
left_child=17 2 3 -2 5 6 13 -4 9 -6 12 -12 -11 -3 15 16 -7 18 19 -1 -21 24 -23 -16 25 -19 29 -28 -29 -27
right_child=1 4 7 -5 8 14 -8 -9 -10 10 11 -13 -14 -15 23 -17 -18 21 -20 20 -22 22 -24 -25 -26 26 27 28 -30 -31
leaf_value=-14.772414325034218 57.291736523820845 -10.73670504386685 -63.84794725820116 -270.55169957864291 -0.37835502245336511 -6.5944028885501487 -2.7333503834036499 -0.087157102016652679 -0.10732206311125324 -4.1335513686877725 -5.1151799819050474 -113.03672256869555 -226.26624391351208 -296.98459107175529 -0.014346095616650288 -2.4279395491540563 57.008040473783808 0.35321384665436201 -0.32812463195778979 167.55566109964712 -1.0304017897799369 43.632945603553665 -0.64550682301942175 -58.486368178433089 -0.099201464570965306 77.364186255353019 -0.73958610878916542 -5.0480359640919792 324.97706139094436 2.5416027366948
leaf_weight=0.10675599117903972 0.0020191685014975249 0.12587974595184726 0.38895124734070174 0.28480938430705227 363.2402824048504 0.96382489691981221 3.4461419841803034 11.205033000809637 730.38996629882809 0.1697090063368466 3.2499533294240415 1.0380675294620507 4.0897860979912686 0.50148468176419481 0.50285480705434327 26.516427696296322 0.059575750895298984 10061.396084301507 17.757101865663024 0.087268094797537943 0.16862733006632596 0.40001557384038555 1.4877079437274057 0.0010033424938208349 7051.514800641231 0.56986998729972427 5.0726250634863552 0.1364528115244171 0.0024403902415213443 70.735013006169069
leaf_count=3917 424 466 215354 75512 39017 8544 7889 161585 85179 547 6180 94684 502166 21489 19220 86717 822 486010 3988 228 282 43 424 81107 1611787 125 228 3168 22378 31019
internal_value=0.0271549 -2.78279 -79.1333 -225.512 -1.91407 -12.712 -92.6714 -57.8928 -1.45972 -4.14828 -147.537 -47.6777 -219.886 -281.443 -2.68323 -0.678145 23.4502 0.214453 8.28748 120.804 144.095 0.205462 20.5961 -38.9476 0.202024 0.411226 7.98948 50.7979 280.999 4.20136
internal_weight=18355.6 1146.18 11.8808 0.286829 1134.29 32.1172 4.07351 11.594 1102.18 371.788 8.54752 4.28802 4.2595 0.627364 28.0437 27.5398 1.0234 17209.4 18.1198 0.362651 0.255895 17191.3 1.88772 0.503858 17189.4 10137.9 76.5164 5.21152 0.138893 71.3049
internal_count=3570499 1406902 452875 75936 954027 226254 29844 376939 727773 642594 603577 100864 502713 21955 196410 96083 9366 2163597 8415 4427 510 2155182 467 100327 2154715 542928 56918 25774 25546 31144
cat_boundaries=0 1 2 3
cat_threshold=16 2 2
is_linear=0
shrinkage=0.05


Tree=13
num_leaves=31
num_cat=1
split_feature=2 3 3 1 3 15 9 3 2 3 3 2 7 14 2 9 3 3 3 2 8 3 7 3 0 10 15 2 14 3
split_gain=3.38921e+06 1.77918e+08 2.54566e+09 2.51889e+06 1.14572e+07 6.90345e+07 1.36307e+06 1.30235e+06 1.79426e+08 4.65976e+08 3.06577e+09 2.2375e+09 1.05214e+08 4.6194e+07 2.89086e+07 2.39498e+07 2.14642e+07 1.57283e+07 2.23507e+06 1.27266e+06 3.54013e+06 1.23622e+06 1.22695e+06 1.00009e+06 899935 838718 812408 3.83756e+07 8.47083e+06 2.45408e+06
threshold=125469.93000000001 125479.34000000001 892689.65000000014 0 1.0000000180025095e-35 16696.865000000002 524764.49000000011 31983.000000000004 42917.55000000001 59101.805000000008 121858.00000000001 59366.585000000014 7846029.2599999988 1738820.0900000003 57781.915000000008 2409252.8800000004 41418.500000000007 42964.975000000006 42964.975000000006 150427.12000000002 26456.115000000002 813873.76500000013 1.0000000180025095e-35 57027.320000000007 12.500000000000002 -1.0000000180025095e-35 1546753.2400000002 24498.655000000002 760027.45000000019 142.50000000000003
decision_type=2 2 2 9 2 2 2 2 2 2 2 2 2 2 2 2 2 2 2 2 2 2 2 2 2 2 2 2 2 2
left_child=7 3 -3 4 -2 6 -6 26 -9 14 11 22 13 15 17 -13 -16 -10 -18 20 24 -12 -11 -19 -5 -4 -1 28 29 -28
right_child=1 2 25 19 5 -7 -8 8 9 10 21 12 -14 -15 16 -17 18 23 -20 -21 -22 -23 -24 -25 -26 -27 27 -29 -30 -31
leaf_value=-0.14814190538253647 -0.35566065645809652 -2395.7202520099167 44.049116311214021 118.70281662490007 -460.83766113343358 -4.4877549756606046 0 -0.0037246936762632267 -0.66866544958686314 -1.9072260479882404 -46.180971130967386 3884.7791615281176 -7.0945343636531977 -10.77199156809637 -0.84494731583097993 -0.29406579501733104 -0.81242344971539393 138.86126624655884 -247.43294352658941 0.26616250833523308 -0.098485761862203383 -2.1480989971697091 -99.570674270063023 45.146602855258116 -0.0037498550849647486 -1.8279707070846656 -8.1643333205962758 -0.077862926255692202 -15.362431593921968 347.79919166120578
leaf_weight=10827.221298237802 24.011263580807103 0.18770310757310582 0.056881172971755656 0.019092472989651887 0.0014265524094826008 5.5255742921238635 0.016310787957938094 5136.3511422850079 3.6370589288108945 0.53186405799038361 1.2771826671119288 0.013206414734534291 0.014243712181485381 0.002145912963896989 23.684811232797252 0.0038278711461471283 0.10830943686304446 5.2121138248931604 0.016622017490881588 1041.4548910761221 3.2495128262211237 5.6700957571059183 0.0052684833396116062 1.655508899995368 0.18914870405569673 16.457972858588121 0.0037332930229302249 54.757156385487299 0.10283874754750678 0.032258216705354226
leaf_count=1288405 132345 142213 10492 1368 39310 51136 4844 551835 3948 4414 65315 32470 840 490 12408 172 2457 5212 19379 701868 91430 128960 6247 311 19648 212373 2009 32685 4519 1292
internal_value=0.0102126 -2.68497 -159.907 -0.0945431 -12.3213 -75.0058 -453.453 0.193485 0.84612 102.758 433.826 2428.92 3791.07 3851.12 19.9944 3869.86 -11.0164 85.1313 -224.415 0.376929 27.0397 -15.036 -67.0221 124.881 100.112 0.835692 -0.117116 5.89533 293.171 338.631
internal_weight=17151.5 1091.17 16.7026 1074.47 29.5546 5.54331 0.0177373 16060.3 5178.18 41.8323 7.51783 0.570556 0.0334239 0.0191802 34.3144 0.0170343 23.8097 10.5047 0.124931 1044.91 3.45775 6.94728 0.537133 6.86762 0.208241 16.5149 10882.1 54.896 0.13883 0.0359915
internal_count=3570395 1407027 365078 1041949 227635 95290 44154 2163368 834458 282623 238908 44633 33972 33132 43715 32642 34244 9471 21836 814314 112446 194275 10661 5523 21016 222865 1328910 40505 7820 3301
cat_boundaries=0 1
cat_threshold=16
is_linear=0
shrinkage=0.05


Tree=14
num_leaves=31
num_cat=0
split_feature=2 3 3 8 6 13 6 0 3 4 2 2 0 2 3 6 3 15 14 12 4 8 8 3 10 2 4 2 2 12
split_gain=1.94047e+06 7.38934e+08 2.48833e+09 1.95518e+07 714693 582095 706745 500824 399685 8.89615e+06 2.58662e+07 1.04969e+07 5.96691e+06 266030 4.13145e+08 2.24629e+08 3.53703e+08 682811 515931 785057 429985 2.64265e+06 2.17903e+06 725788 219306 2.43785e+07 1.27813e+07 213940 92079.9 81134.7
threshold=125469.93000000001 125479.34000000001 1351313.6350000002 76719.640000000014 57.500000000000007 28.500000000000004 29.500000000000004 233.50000000000003 1.0000000180025095e-35 44603.125000000007 468639.08000000002 407610.41000000009 9.5000000000000018 54538.475000000013 42964.975000000006 31.500000000000004 813873.76500000013 1288.5550000000001 633331.97000000009 5.5000000000000009 181271.38500000004 234808.61769444446 257298.01513888894 100.26000000000001 1.0000000180025095e-35 441427.84500000003 44603.125000000007 150427.12000000002 468639.08000000002 4.5000000000000009
decision_type=2 2 2 2 2 2 2 2 2 2 2 2 2 2 2 2 2 2 2 2 2 2 2 2 2 2 2 2 2 2
left_child=4 5 -3 -4 13 8 28 -6 9 10 11 12 -2 -1 18 16 -16 -17 20 -20 -15 -22 23 -23 25 26 -10 -11 -7 -29
right_child=1 2 3 -5 7 6 -8 -9 24 27 -12 -13 -14 14 15 17 -18 -19 19 -21 21 22 -24 -25 -26 -27 -28 29 -30 -31
leaf_value=-0.001959944921886502 -0.2660044025383968 -2821.4146890072207 -249.35369481018461 -3.5831871304463898 -1.257120067729856 56.716355670758702 -0.86900768889828095 49.751772865084725 -303.98529678666654 -20.049478383074948 10.038882038775677 32.024454646614757 344.14900709938667 -0.17539283661150873 -1558.0451910178251 51.182260005790312 -8.3004397935028873 -6.7186363469072674 -1.394982463423134 -55.143080549908838 -0.6406071240071376 121.91893068051975 -1.9769081049231418 -0.62289894619752317 -0.11726938995976531 -0.65156493176088215 -4.04293140118682 0.062647706728963679 0 3.595802876641244
leaf_weight=9986.0319317494032 0.14089476901632461 0.012575579614566901 0.0081869291185751036 4.2550841994783317 0.7157238444577888 0.074806443882916573 1.2306076437639124 0.21903627499352196 0.013519881293804326 0.31172091077121322 10.846194794088975 0.89229481109140774 0.06020082992410733 6129.3774270681233 0.020819891232199406 0.17949080064969014 0.59276238023172478 0.54204210594984548 1.9963529478162876 0.074454356031398494 10.050830851346625 0.0020587696347704734 0.69783949106762433 0.12581018243158582 614.05306286985615 262.72440742488578 0.58905900058323124 551.90260465563108 0.076519420102805991 15.743274953785997
leaf_count=1615537 65 160878 14075 190258 299 170 1581 146 100320 51922 195 89 937 111343 109302 757 107784 3032 18304 9216 121005 8904 52997 4692 431738 25096 23363 379755 61 26863
internal_value=-0.315802 -2.05881 -592.726 -51.3426 -0.157605 0.0775228 24.7747 30.2298 0.037126 1.05464 42.0486 203.098 303.522 -0.161241 -0.420096 -665.364 -993.881 29.046 -0.167277 -20.657 -0.157004 9.34767 64.6884 107.693 -0.635824 -1.84001 -196.262 0.120473 52.9435 0.166797
internal_weight=17593.6 1462.94 4.27585 4.26327 16130.6 1458.66 1.38193 0.93476 1457.28 579.897 11.9396 1.09339 0.201096 16129.7 6143.66 1.33512 0.613582 0.721533 6142.32 2.07081 6140.25 10.8765 0.825708 0.127869 877.38 263.327 0.602579 567.958 0.151326 567.646
internal_count=3570684 1407366 365211 204333 2163318 1042155 1812 445 1040343 459826 1286 1091 1002 2162873 547336 220875 217086 3789 326461 27520 298941 187598 66593 13596 580517 148779 123683 458540 231 406618
is_linear=0
shrinkage=0.05


Tree=15
num_leaves=31
num_cat=0
split_feature=2 3 3 3 2 14 3 0 0 2 3 0 4 0 3 13 3 6 2 3 12 9 0 2 3 3 3 4 2 0
split_gain=732362 2.1098e+08 4.09216e+08 8.33551e+07 1.62851e+07 2.86995e+07 1.07836e+07 5.5597e+06 3.40681e+06 3.13191e+06 1.51051e+09 3.33046e+08 1.11515e+07 1.16945e+07 6.02908e+06 1.06346e+06 873720 614558 559168 372762 350310 243007 114292 91409.7 2.08413e+07 5.61146e+07 6.88189e+07 2.57058e+07 1.28893e+07 1.02088e+07
threshold=441427.84500000003 423012.74500000005 1496380.2000000004 473250.02500000008 334744.60000000003 138060.58000000005 1.0000000180025095e-35 9.5000000000000018 7.5000000000000009 125469.93000000001 125479.34000000001 8.5000000000000018 14514.900000000001 8.5000000000000018 2967219.4800000004 28.500000000000004 102884.74500000001 55.500000000000007 17751.890000000003 75854.530000000013 3.5000000000000004 29594.670000000002 1.5000000000000002 62826.405000000006 40211.500000000007 42964.975000000006 106760.50000000001 7170104.330000001 105954.84000000001 190.50000000000003
decision_type=2 2 2 2 2 2 2 2 2 2 2 2 2 2 2 2 2 2 2 2 2 2 2 2 2 2 2 2 2 2
left_child=4 -2 3 -3 9 6 -6 -5 -8 17 12 -12 13 -11 -13 21 -7 23 -19 -17 -18 22 -14 -1 -25 -26 27 -27 -28 -30
right_child=1 2 -4 7 5 16 8 -9 -10 10 11 14 15 -15 -16 19 20 18 -20 -21 -22 -23 -24 24 25 26 28 -29 29 -31
leaf_value=-0.012407788575259334 -0.078679487274794652 1323.5723891355533 -6.3375510753740052 56.933252611073478 -4.4378596951045184 -1.0408018368692 -1.537806844176453 -121.34907772152178 -379.07108755460911 50.177897375046719 -8.4068481983971992 -2151.2052786602535 -1.5812033183053771 -232.87829417447611 0 -1.1681564104639572 -62.433856946421422 48.821743185668282 -2.1966555201614182 58.773249475614399 -12.088387164733613 0.032877639824397717 -27.375877776065774 -0.15130952361147834 -0.5651937469724615 -651.57974266710778 -120.73297425331792 48.017489719370609 -30.968123555910285 188.14177347895907
leaf_weight=10683.733056127454 1046.4877408356458 0.0021896221462042341 1.8921217253447133 0.0013055825639852288 0.30597874693228733 3.1642971953385817 0.072207887776361127 0.01932401749385329 0.016421036097273065 0.12102944651956715 0.23273643362591023 0.0010179280693833606 0.88164574213857183 0.0015749987999845718 0.0032678538656607803 0.2945658395819909 0.23271940865237883 0.22287484670023539 0.81199826395486208 0.039750161929987371 1.3827290643303816 613.5806009083625 0.18522764192965779 5617.8451301511323 5.377127440812373 0.00478133952842887 0.30985361567836167 0.0039533551251968819 0.60654681853476256 0.049966521706983014
leaf_count=1687028 218596 1039 12823 215 35929 38888 143 6552 91195 604 2155 153787 152 125881 125307 944 12293 65 491 38 4289 531270 45680 278825 4666 43537 104433 1101 23433 20481
internal_value=-0.177303 1.10447 425.892 1231.68 -0.256741 -81.4444 -281.621 -65.3336 -355.447 -0.227109 -3.72583 -1749.17 -0.215244 -157.659 -2144.21 0.0720334 -19.0512 -0.0948803 27.3813 44.6613 -40.4412 -0.0247154 -17.1403 -0.098303 -0.261438 -84.3892 -312.308 -601.231 -5.26438 89.215
internal_weight=17977.9 1048.4 1.91494 0.0228192 16929.5 5.17435 0.394608 0.0206296 0.0886289 16924.3 615.341 0.237022 615.104 0.122604 0.00428578 614.982 4.77975 16309 1.03487 0.334316 1.61545 614.647 1.06687 16307.9 5624.2 6.35223 0.975102 0.00873469 0.966367 0.656513
internal_count=3571840 239225 20629 7806 3332615 182737 127267 6767 91338 3149878 985818 281249 704569 126485 279094 578084 55470 2164060 556 982 16582 577102 45832 2163504 476476 197651 192985 44638 148347 43914
is_linear=0
shrinkage=0.05


Tree=16
num_leaves=31
num_cat=2
split_feature=2 3 4 2 2 3 3 2 3 4 3 4 14 1 4 2 1 10 4 14 2 4 2 3 2 8 2 15 15 4
split_gain=5.66108e+06 1.29817e+08 4.2973e+09 1.73161e+09 1.52997e+07 5.09803e+07 2.76883e+06 1.55509e+06 3.91999e+08 5.68817e+06 2.09162e+07 1.47522e+06 1.28641e+06 626459 8.23055e+06 4.25021e+06 458087 2.26634e+07 2.76018e+06 481698 887013 300433 1.3231e+06 2.73439e+08 7.39465e+06 1.73545e+07 5.20126e+06 4.86801e+06 2.91014e+06 2.17493e+06
threshold=441427.84500000003 423012.74500000005 199286.57000000004 1104257.6900000002 334744.60000000003 98083.380000000019 1640306.2100000002 204502.29500000001 66098.000000000015 217511.57000000004 1.0000000180025095e-35 199286.57000000004 147597.92500000002 0 203820.62500000003 946715.66500000015 1 1.0000000180025095e-35 36206.010000000009 534277.50000000012 121498.39000000001 534056.62500000012 62826.405000000006 121858.00000000001 125469.93000000001 318350.14310924371 91150.985000000015 1585425.8250000002 367342.14000000001 1921320.5500000003
decision_type=2 2 2 2 2 2 2 2 2 2 2 2 2 9 2 2 9 2 2 2 2 2 2 2 2 2 2 2 2 2
left_child=4 13 3 -3 7 11 -4 16 9 10 -9 12 -6 14 15 -2 17 18 -1 -19 -21 -18 -23 24 25 -24 -25 28 -27 -30
right_child=1 2 6 -5 5 -7 -8 8 -10 -11 -12 -13 -14 -15 -16 -17 21 19 -20 20 -22 22 23 26 -26 27 -28 -29 29 -31
leaf_value=-253.70416920652525 -183.05151114943121 3841.4560549431126 -57.965475047164013 -3.0144512107428092 -90.871180280680989 -402.12646192814969 -0.16197547191757442 223.38365318783258 -887.41603398599364 0.048705573409635397 -114.61473670133078 -0.25532293508251874 -1.6169229975213228 0.061448611615095419 -0.22618008445408982 -6.7453936089860456 -0.040979596625693629 -1.1618338741434375 -0.75219799573394497 -1.0270315027382702 55.563112100300465 -0.19739977410935058 -190.98561326542887 -9.1029543640504738 -0.13574352841988443 -20.136800376149655 -820.07136213798265 -29.203420202288768 -15.065859225858915 171.89834646984934
leaf_weight=0.010998142883313855 0.0076104663683325127 0.044245585799251752 1.1800928052502602 0.40489842770557516 0.0024643224823804868 0.017455768983191677 41.7909529376916 0.070126848221640559 0.24966072565336972 224.53040352701666 0.0041885217523746623 4.8619098041377029 0.73824587202007175 990.08560504219543 13.337746694609409 0.63906493634718975 14773.965907701269 35.373152102289268 0.12744614314930119 1.7916212039682364 0.093564352161865982 1928.6476973584513 0.51121327058217492 0.043307930958522957 280.83061170582238 0.042639033777260929 0.041672507717915051 0.3479566526133232 0.008600292747249166 0.015615562100914119
leaf_count=6256 17361 1758 5905 1007 33978 51819 11905 857 166183 232374 91498 93331 3329 68562 117156 15407 1959105 53655 4218 4436 3442 194777 98589 32506 148643 11226 121284 10167 5526 5559
internal_value=-0.0033711 3.56382 87.2097 2765.21 -0.220151 -76.2171 -3.03168 -0.190968 -4.31263 0.59812 115.375 -14.4507 -53.9497 -0.136541 -7.9551 -118.728 -0.136272 -4.99449 -226.052 0.408413 20.0645 -0.122269 -0.665857 -3.85947 -0.805869 -98.4427 -796.095 69.9824 129.71 155.614
internal_weight=18299.8 1047.49 43.4202 0.449144 17252.3 5.62008 42.971 17246.7 224.854 224.605 0.0743154 5.60262 0.74071 1004.07 13.9844 0.646675 17021.9 37.3968 0.138444 37.2583 1.88519 16984.5 2210.49 281.842 281.757 0.926025 0.0849804 0.414812 0.0668549 0.0242159
internal_count=3571819 239061 20575 2765 3332758 182457 17810 3150301 490912 324729 92355 130638 37307 218486 149924 32768 2659389 72007 10474 61533 7878 2587382 628277 433500 279710 131067 153790 32478 22311 11085
cat_boundaries=0 1 2
cat_threshold=16 16
is_linear=0
shrinkage=0.05


Tree=17
num_leaves=31
num_cat=1
split_feature=1 8 2 4 14 2 13 9 2 10 5 14 9 4 4 8 4 10 0 2 4 14 0 7 10 0 8 15 9 4
split_gain=3.68754e+06 3.35866e+07 1.35388e+08 1.7743e+07 1.71248e+06 2.14789e+06 4.12439e+06 1.84196e+06 1.26644e+06 8.19081e+06 2.60084e+08 1.12559e+08 1.41827e+08 7.07949e+07 2.68569e+07 2.45325e+07 2.08701e+07 1.9643e+07 1.39261e+07 8.74168e+06 2.92621e+07 3.25371e+07 8.06736e+06 7.0967e+06 5.25e+06 4.89256e+06 4.19053e+06 3.98585e+06 3.35564e+06 1.64375e+06
threshold=0 19886.510000000006 675815.54500000004 95654.60000000002 543222.74500000023 125469.93000000001 29.500000000000004 222279.01500000004 125469.93000000001 6.5000000000000009 12.189974309858263 1.4779288903810087e-11 414543.37500000006 584054.02000000014 168326.03000000003 559826.5881666668 70108.485000000015 64.500000000000014 53.500000000000007 334744.60000000003 185542.99000000002 6.2755134422332059e-10 321.50000000000006 10793438.285000002 55.500000000000007 177.50000000000003 151284.00312500002 128118.65500000012 2845980.6800000002 52865.405000000006
decision_type=9 2 2 2 2 2 2 2 2 2 2 2 2 2 2 2 2 2 2 2 2 2 2 2 2 2 2 2 2 2
left_child=1 2 3 -1 -3 -6 7 -7 -2 -10 11 12 14 -14 16 17 -11 18 -15 20 29 -22 23 26 -18 27 -20 -13 -28 -12
right_child=8 4 -4 -5 5 6 -8 -9 9 10 19 25 13 15 -16 -17 24 -19 22 -21 21 -23 -24 -25 -26 -27 28 -29 -30 -31
leaf_value=-682.63435774415825 -0.075042524686306053 0.38701879729323518 -2.717897809118754 -1.5246157763521815 -0.88893363584577756 -1.236836016175797 -1.0165783227430689 -157.41621617939927 -0.0053178476944076699 -52.695515481771594 12.366575117830328 157.89940078324094 -15.247689286193079 0 -31.670818229687793 -0.37046619177739726 342.99306334864968 -0.28179480090967635 0 -0.8334213451275746 -264.41218866116697 -0.30152905493078319 0 0 -0.00093732105863745467 -7.5321823286717695 993.4724708774537 -4.1210384241145164 -0.045041951192820097 80.331757209627241
leaf_weight=0.023309454914774444 15870.431407640519 60.108529739308459 4.2955104549449494 0.11043769222993836 3.3674249105845897 0.25232285629563678 1.3797482864651538 0.0030424305803867782 2014.6962135979386 0.1775925773555278 1.3774672425663474 0.13158845351660392 0.21696149788361851 0.038693798016661729 1.3226791767643951 0.076559336335095263 0.42764915976293871 0.056972103543960428 0.010791416920255759 281.36268865490251 0.26245362138234085 15.314510698925003 0.021646688881848841 0.018596942070871592 0.12098444339473935 1.9917744366878005 0.66169667548385624 0.49683422990855047 0.0084413696895353496 13.385307023362728
leaf_count=19080 2118935 212793 15481 7336 4515 241 561 35142 637585 20109 26414 5728 10476 1826 62329 3453 8287 3069 726 105817 176021 1714 860 899 2201 32569 33033 7041 306 15710
internal_value=0.0376489 -10.6376 -131.628 -617.637 -2.1495 -27.6151 -61.4293 -127.014 0.0848114 1.17255 8.62367 315.002 477.386 773.104 116.121 871.496 247.713 908.442 938.023 1.95372 27.003 -20.4339 959.112 971.328 316.193 41.4243 982.075 105.933 988.421 75.1773
internal_weight=18272.1 69.5403 4.42926 0.133747 65.1111 5.00254 1.63511 0.255365 18202.6 2332.18 317.482 5.77946 3.15927 1.11036 2.04891 0.893398 0.726226 0.816839 0.759867 311.702 30.3397 15.577 0.721173 0.699526 0.548634 2.6202 0.680929 0.628423 0.670138 14.7628
internal_count=3570257 295149 41897 26416 253252 40459 35944 35383 3275108 1156173 518588 192912 147574 54648 92926 44172 30597 40719 37650 325676 219859 177735 35824 34964 10488 45338 34065 12769 33339 42124
cat_boundaries=0 1
cat_threshold=16
is_linear=0
shrinkage=0.05


Tree=18
num_leaves=31
num_cat=1
split_feature=1 7 3 4 3 2 2 3 4 2 10 2 3 4 2 7 4 2 4 4 3 3 3 13 10 3 10 3 10 6
split_gain=1.91224e+06 1.41501e+07 1.46637e+08 3.17753e+07 875731 640816 526896 8.60054e+06 7.33438e+07 7.46213e+06 5.92656e+06 3.99149e+06 8.58025e+07 1.27956e+07 7.78012e+06 3.57796e+07 3.15436e+06 1.78696e+06 3.198e+07 1.69305e+07 3.07317e+06 1.72462e+06 1.63303e+06 1.00558e+06 989182 835213 1.15254e+06 815720 678583 573129
threshold=0 15070.120000000001 1.0000000180025095e-35 104043.79000000002 423012.74500000005 1104257.6900000002 181973.25500000003 125479.34000000001 49069.340000000004 196805.11000000002 6.5000000000000009 196805.11000000002 215186.00000000003 52865.405000000006 318131.34000000003 54001.385000000009 52865.405000000006 174945.67500000002 159858.48000000001 91250.360000000015 80678.000000000015 300659.00000000006 125479.34000000001 28.500000000000004 48.500000000000007 1640306.2100000002 88.500000000000014 241372.57500000004 6.5000000000000009 55.500000000000007
decision_type=9 2 2 2 2 2 2 2 2 2 2 2 2 2 2 2 2 2 2 2 2 2 2 2 2 2 2 2 2 2
left_child=1 2 5 -4 -3 -1 17 9 -9 10 -8 21 13 -13 15 27 -17 29 19 -19 -21 -10 28 -11 -24 26 -16 -14 -20 -2
right_child=6 4 3 -5 -6 -7 7 8 11 23 -12 12 14 -15 25 16 -18 18 22 20 -22 -23 24 -25 -26 -27 -28 -29 -30 -31
leaf_value=34.018268542625997 -0.11428185472379285 0.91093216353998341 -692.77269726267662 -3.000039866546079 -37.758307925271801 -0.08187837435222238 -0.76482057184199181 -383.65788961098588 0.11980069450556824 0.05466624103805541 -176.65744332955683 -2.764299660598498 50.470683213304632 -483.53484202722632 -24.595260892622928 -0.64130417777456772 -339.89411975983307 -22.545747974841426 -0.010146410849946649 -5.2396011957652737 364.38066015790656 -54.619865951237593 -4.6248736820061298 41.919839560439307 38.362202758485971 -0.13336297575959055 -0.52515336181720018 -15.50843159237693 -78.376774263389763 25.429333406128993
leaf_weight=0.64495302949010103 17096.845803080632 63.004873287892131 0.014321546070278468 0.21033993546734564 0.49840675358872388 8.4494245879320982 0.88143203174032414 0.32847384188801143 61.490495748688183 1507.1623925124788 0.072123559855106767 0.17106961144599253 1.3460005783708702 0.1228790566092357 9.5372089391438877 0.077628935687254735 0.0048577576420727178 0.27613728146471517 0.37927058562326554 0.029944345617835738 0.0032638572738506169 0.47326360667169254 11.86051330656697 0.43570279787422705 0.49370747844217078 31.341390579145809 9.5037250518798828 0.099198474665172287 0.020659933603788927 1.1962746314129606
leaf_count=5291 2427861 249585 29983 4665 4584 1161 30675 21015 3221 516326 24501 141 173 18997 20745 28 104675 7871 10244 892 250 18962 9920 800 781 41436 423 5595 9455 743
internal_value=-0.211895 -7.74756 -63.1014 -576.756 0.0266931 5.46638 -0.17796 -1.03874 -14.1889 -0.0319317 -97.6899 -9.80374 -19.8499 -422.114 -9.637 -95.2982 -316.162 -0.0963597 17.7193 253.097 348.592 -1.15905 -5.97575 0.094548 -0.162596 -5.23535 -13.2073 41.4496 -57.1564 -0.111007
internal_weight=18807 72.8223 9.31904 0.224661 63.5033 9.09438 18734.2 1623.05 114.496 1508.55 0.953556 114.168 52.204 0.293949 51.91 1.52769 0.0824867 17111.1 13.0635 0.309345 0.0332082 61.9638 12.7542 1507.6 12.3542 50.3823 19.0409 1.4452 0.399931 17098
internal_count=3570999 295269 41100 34648 254169 6452 3275730 807713 235411 572302 55176 214396 192213 19138 173075 110471 104703 2468017 39413 9013 1142 22183 30400 517126 10701 62604 21168 5768 19699 2428604
cat_boundaries=0 1
cat_threshold=16
is_linear=0
shrinkage=0.05


Tree=19
num_leaves=31
num_cat=2
split_feature=1 10 3 3 4 3 9 14 3 10 10 8 0 7 4 8 0 4 4 1 3 8 3 0 15 9 8 0 7 4
split_gain=3.33226e+06 1.67482e+07 1.26495e+08 2.19943e+07 7.49226e+06 1.1101e+06 412440 977067 3.38763e+07 3.09114e+06 3.22842e+06 3.25123e+06 1.90366e+06 1.00784e+06 838732 798107 637824 448912 1.17415e+06 1.96881e+06 1.79458e+07 6.80978e+07 2.47464e+07 1.39911e+07 2.15887e+07 1.7517e+07 1.51345e+07 1.03758e+07 1.03157e+07 8.14609e+06
threshold=0 -1.0000000180025095e-35 1.0000000180025095e-35 4005879.7250000001 1821454.1100000001 423012.74500000005 411457.93000000011 1.4779288903810087e-11 1.0000000180025095e-35 64.500000000000014 6.5000000000000009 559826.5881666668 90.500000000000014 10160470.140000002 584054.02000000014 151284.00312500002 321.50000000000006 44603.125000000007 95654.60000000002 1 972.50000000000011 13376.500000000002 188459.50000000003 190.50000000000003 1.0000000180025095e-35 256837.74000000002 55969.960000000014 293.50000000000006 171555.40000000005 91250.360000000015
decision_type=9 2 2 2 2 2 2 2 2 2 2 2 2 2 2 2 2 2 2 9 2 2 2 2 2 2 2 2 2 2
left_child=1 2 -1 4 -4 -3 17 8 9 10 -8 12 -12 14 -14 -16 -17 -2 19 20 -19 22 -22 -23 26 -26 -25 29 -28 -27
right_child=6 5 3 -5 -6 -7 7 -9 -10 -11 11 -13 13 -15 15 16 -18 18 -20 -21 21 23 -24 24 25 27 28 -29 -30 -31
leaf_value=-1.0142926637766596 -0.19071744258523438 -0.12861196760867127 -631.31756503113343 -0.13306243189377059 -0.8954832625050102 -48.700808834226962 -1.1828558989250941 -0.13710334788345827 -1.3458727963255959 -1.3867880977027685 -1.4969179260976588 -1.001381151837847 -4.4124368744833022 -3.232491963477135 -0.18732885973631641 -196.68097563291866 -0.2367189502634798 -0.39856033952872982 0.11057428566382306 -0.20666905946841727 453.36125072849512 7.6682443868512467 -5.0318683190585816 -4.5153708545351492 -3.1657776435354008 282.44232588963246 379.33735140659059 -0.95237456170423496 -8.4596821155623623 -0.216197644881369
leaf_weight=8.4181985850359915 9829.195928412475 50.559340005642511 0.10816046927129797 0.17401549220085144 0.05221036821603775 0.20448374750281928 0.36328842924133331 2460.2115530054366 752.52964492859485 0.4172821204047924 0.17149899468405294 0.30877229928646466 0.11049093595140691 0.11368318719618109 0.055979850116793073 2.2006438927641851 0.044355792040326025 214.4251305299901 4323.9698272273681 321.0189236608071 0.28044824168111077 37.907871592465867 0.35412630296761677 0.43874145949384352 6.9278040164642034 0.28013710655118307 0.11662608779548025 0.72062106715174035 0.15216820699476821 0.3163175171435888
leaf_count=6162 1548965 251026 32558 159 574 4644 5659 573137 182576 7698 3898 5899 11369 2083 1421 59339 1713 17663 791058 31314 7902 11513 1116 1389 5143 1151 1653 380 2349 103
internal_value=-0.150415 -10.9984 -72.8286 -525.118 -603.728 -1.26141 -0.107655 -0.620582 -2.19102 -134.796 -147.22 -160.169 -173.192 -181.119 -186.097 -190.841 -194.07 0.00426563 0.394803 2.49927 5.59888 33.28 350.97 21.7345 74.5406 36.1853 238.545 155.209 326.157 226.299
internal_weight=18012.1 59.5164 8.75258 0.334386 0.160371 50.7638 17952.6 3216.53 756.316 3.786 3.36871 3.00542 2.69665 2.52515 2.41147 2.30098 2.245 14736.1 4906.91 582.939 261.92 47.4949 0.634575 46.8603 8.95242 8.24488 0.707536 1.31708 0.268794 0.596455
internal_count=3571614 295123 39453 33291 33132 255670 3276491 854792 281655 99079 91381 85722 79823 75925 73842 62473 61052 2421699 872734 81676 50362 32699 9018 23681 12168 6777 5391 1634 4002 1254
cat_boundaries=0 1 2
cat_threshold=16 2
is_linear=0
shrinkage=0.05


Tree=20
num_leaves=31
num_cat=1
split_feature=1 9 2 0 3 2 3 9 9 2 3 3 2 3 15 8 10 11 2 9 12 9 2 7 0 0 3 3 0 10
split_gain=2.59459e+06 2.2944e+07 1.48924e+08 1.69405e+07 1.25489e+06 385991 4.2792e+06 4.94382e+07 8.49902e+06 1.70965e+07 1.84696e+07 1.59548e+07 9.83483e+06 1.42242e+08 5.59846e+07 1.51078e+07 9.06748e+06 6.41578e+06 6.11243e+06 3.12689e+06 1.88934e+06 1.48111e+06 1.33584e+06 2.43203e+07 9.33311e+06 3.28556e+06 3.20396e+06 7.3008e+06 2.0775e+06 1.03235e+06
threshold=0 1.0000000180025095e-35 675815.54500000004 1.5000000000000002 257253.50000000003 184203.81000000003 125479.34000000001 42501.850000000013 162883.38500000004 299238.00000000006 203917.35500000001 300659.00000000006 196805.11000000002 1640306.2100000002 2.967226464534179e-11 136840.39075757578 7.5000000000000009 1.0000000180025095e-35 196805.11000000002 256837.74000000002 1.0000000180025095e-35 252039.74500000002 174945.67500000002 118687.17500000002 209.50000000000003 109.50000000000001 174408.02000000005 181798.76000000004 177.50000000000003 6.5000000000000009
decision_type=9 2 2 2 2 2 2 2 2 2 2 2 2 2 2 2 2 2 2 2 2 2 2 2 2 2 2 2 2 2
left_child=1 2 3 -1 -3 22 18 17 9 10 -9 16 -10 14 19 -16 -12 -8 20 21 -7 -14 -2 24 -24 26 -25 -28 -27 -30
right_child=5 4 -4 -5 -6 6 7 8 12 -11 11 -13 13 -15 15 -17 -18 -19 -20 -21 -22 -23 23 25 -26 28 27 -29 29 -31
leaf_value=-4.2573316976928091 -0.093519880538456876 0.9175629297084561 -1.201197638089142 -688.7322063824671 -54.177865183496159 -140.49241705220331 -381.53314550137549 -22.705427964711514 -0.77320700464592951 -14.927530302627222 -11.775719835918501 -15.435800615008709 -26.205303967831384 -0.094394424587937564 -31.87314588564648 -735.25568187403337 397.55335533573418 -5.63973642053804 -0.016683493012999508 -107.86767038387637 -0.57355946901221933 49.341525071638138 -15.533048234701821 -2.022394860394976 294.85415287621095 -2.793015328292396 176.06494020049922 -6.1656531350558801 -3.6713013923094628 -70.376218275961179
leaf_weight=0.11303584375526614 15723.971211916076 57.923460125031013 6.6287712398444754 0.011344557991267948 0.051963673801146082 0.014615121832002087 0.0076309833410296282 0.64437962988484132 68.498132977652972 3.0367034783395059 0.091234974563121782 0.2851030495585325 0.50027266407415216 21.983308522513028 0.18501744327983261 0.036211783305238998 0.045344603219125937 0.16232290863990784 1150.507704911935 0.22167110130907519 0.32743825120937775 0.18855087459087372 0.19459863643996977 2.3418294698730269 0.0020462195889650028 13.174139266537907 0.040981939295306691 1.0281201861590936 0.98607562376246027 0.97410696915785022
leaf_count=181 2427468 245576 14559 24640 10365 29687 23329 1505 17013 4169 411 5500 2206 108346 6065 53478 606 497 518289 8305 16905 151 6288 6332 3834 8339 29 2925 7454 16663
internal_value=-0.185585 -9.42029 -91.6347 -623.712 -0.0495488 -0.14422 -0.990823 -11.0826 -7.05925 55.9068 167.247 269.317 -10.4524 -37.9135 -427.874 -654.796 354.331 -334.205 -0.141102 -58.8586 -106.786 11.4428 -0.077206 12.9209 231.394 -1.11577 37.182 82.5337 -11.5171 -49.3979
internal_weight=17054.2 64.7286 6.75315 0.12438 57.9754 16989.4 1246.74 95.8859 95.7159 4.10277 1.06606 0.421683 91.6132 23.115 1.13172 0.221229 0.13658 0.169954 1150.85 0.910495 0.342053 0.688824 15742.7 18.7419 0.196645 18.5453 3.41093 1.0691 15.1343 1.96018
internal_count=3571115 295321 39380 24821 255941 3275794 796462 231581 207755 12191 8022 6517 195564 178551 70205 59543 1017 23826 564881 10662 46592 2357 2479332 51864 10122 41742 9286 2954 32456 24117
cat_boundaries=0 1
cat_threshold=16
is_linear=0
shrinkage=0.05


Tree=21
num_leaves=31
num_cat=0
split_feature=2 2 3 3 14 3 4 3 3 15 15 9 0 2 15 9 14 2 4 0 8 0 8 7 8 9 2 4 7 3
split_gain=627208 2.14232e+08 1.82884e+09 3.20418e+08 1.2971e+08 1.75444e+07 7.89959e+06 3.62369e+06 3.33925e+07 4.54859e+06 3.03801e+06 1.54956e+06 627823 631905 499557 330026 1.04948e+06 1.6063e+08 2.87117e+08 2.64266e+06 2.31894e+06 1.30048e+06 1.2421e+06 1.14141e+06 823532 475759 286218 1.71415e+07 4.41906e+07 2.28193e+07
threshold=204502.29500000001 323286.61500000005 203917.35500000001 335347.20000000007 5.6274984672199943e-12 51720.500000000007 217511.57000000004 125479.34000000001 1640306.2100000002 685319.04000000015 1437060.4600000002 256837.74000000002 1.5000000000000002 131497.10000000003 727708.05000000016 411457.93000000011 1.4779288903810087e-11 125469.93000000001 584054.02000000014 90.500000000000014 559826.5881666668 321.50000000000006 501255.36000000004 10793438.285000002 151284.00312500002 2845980.6800000002 144041.90000000005 18188.925000000003 38508.680000000008 144361.00000000003
decision_type=2 2 2 2 2 2 2 2 2 2 2 2 2 2 2 2 2 2 2 2 2 2 2 2 2 2 2 2 2 2
left_child=12 2 5 4 -4 6 11 -3 9 -9 14 -2 13 -1 -11 26 17 -17 22 -20 21 23 -19 24 -21 -26 -14 -28 29 -29
right_child=1 7 3 -5 -6 -7 -8 8 -10 10 -12 -13 15 -15 -16 16 -18 18 19 20 -22 -23 -24 -25 25 -27 27 28 -30 -31
leaf_value=-6.3608762325955972 -170.17038585400448 -0.15332350641176234 2455.7689758522988 -124.27139238798129 -56.167414946055104 -252.41956728007477 -0.63255112077721498 -231.61504497596198 -0.25541898276348701 -4.6005617669965524 -70.631788674498964 -6.8593580600724442 -0.094585623254538953 51.492696548609288 58.47055976051255 -0.68791720804404077 -0.069983093829528858 -9.8722172289031977 -0.24373201273313838 -0.19468058439524794 -1.1864289114617603 -0.24434018078674891 55.126649214106671 -0.19457676955150227 -1062.8639805890132 -0.14487319212124589 -163.93448378941744 -23.767180972942079 0.8937159651797375 370.77403650200887
leaf_weight=0.47112573317353257 0.0016142345258990378 1092.423732694517 0.0244783130650136 0.037995186347758315 0.0080643428118343241 0.172823458986893 4.8701966055960035 0.93928638704144762 21.393710463278442 0.25222148001194 0.066071778535842896 0.27290288807517982 12911.068758147758 0.15972643417918031 0.087136358022689819 528.18500054349579 1519.7647374065618 1.5656698570026266 0.0065451343449662502 0.0022077649450480347 0.0075421357818296194 0.0033951036774875305 0.088628221539328922 0.0029271474847689756 0.012813626255371361 0.0013366353853014349 0.56108895664772163 0.36228703435880172 337.04093986695307 0.22226328372256665
leaf_count=1655 65842 358850 7305 99873 6486 55331 212525 39053 39908 565 6696 15100 1877258 155 5502 119738 378381 12383 2574 994 4160 1133 761 1198 44662 401 51818 17455 136840 6138
internal_value=-0.0613359 1.07998 289.806 2176.72 2381.75 -75.8125 -29.7654 -0.573433 -19.8999 -199.029 -12.4474 -140.588 -0.144993 30.8764 43.1547 -0.14829 -0.738561 -2.65239 -387.969 -1040.48 -1046.85 -1053.39 13.0651 -1056.66 -1059.5 -1061.61 -0.0569268 1.37681 2.13486 265.565
internal_weight=16420.1 1120.55 5.38808 0.0705378 0.0325427 5.31754 5.14471 1115.16 22.7384 1.34472 0.40543 0.274517 15299.5 0.630852 0.339358 15298.9 2049.64 529.876 1.69107 0.0367675 0.0302224 0.0226803 1.6543 0.0192852 0.016358 0.0141503 13249.3 338.187 337.625 0.58455
internal_count=3570740 913036 462462 113664 13791 348798 293467 450574 91724 51816 12763 80942 2657704 1810 6067 2655894 566385 188004 68266 55122 52548 48388 13144 47255 46057 45063 2089509 212251 160433 23593
is_linear=0
shrinkage=0.05


Tree=22
num_leaves=31
num_cat=0
split_feature=2 2 14 9 10 4 4 4 10 6 0 0 8 6 9 4 10 0 10 2 4 10 2 9 15 4 9 4 0 0
split_gain=378913 2.33333e+06 6.07973e+08 2.83383e+08 8.38868e+07 4.28305e+07 2.18568e+07 3.82895e+07 1.50747e+07 1.18126e+07 9.62505e+06 8.27417e+06 3.48439e+06 1.92204e+06 927299 806276 2.51758e+06 1.22328e+06 830235 605553 1.90753e+07 1.00661e+07 4.71846e+06 2.06763e+07 2.29166e+07 3.52689e+06 4.78342e+06 1.77628e+06 1.84124e+06 1.0801e+06
threshold=196805.11000000002 131497.10000000003 1.4779288903810087e-11 87417.665000000023 66.500000000000014 61625.245000000003 11175.500000000002 172537.09000000003 6.5000000000000009 1.0000000180025095e-35 36.500000000000007 321.50000000000006 559826.5881666668 27.500000000000004 35694.870000000003 534056.62500000012 16.500000000000004 96.500000000000014 109.50000000000001 328696.21000000008 1685.8400000000004 111.50000000000001 204502.29500000001 408671.14500000008 7742368.6700000018 142657.74500000002 259203.71500000003 612078.93000000005 5.5000000000000009 258.50000000000006
decision_type=2 2 2 2 2 2 2 2 2 2 2 2 2 2 2 2 2 2 2 2 2 2 2 2 2 2 2 2 2 2
left_child=1 -1 3 6 5 -5 -3 9 -7 -8 -10 12 13 -12 -9 16 -4 -18 -17 20 21 -2 -22 25 -25 29 27 28 -27 -24
right_child=19 2 15 4 -6 8 7 14 10 -11 11 -13 -14 -15 -16 18 17 -19 -20 -21 22 -23 23 24 -26 26 -28 -29 -30 -31
leaf_value=-0.12319298168885494 -271.74069061148327 -153.94297311289594 -52.659067591223724 -35.151817444161892 -20.295860240307906 51.497151468431731 385.17312661607963 -86.337965731519859 -5.7285534358492285 -32.912008214352475 1532.804616555401 -3.5301751428905699 -1.4424502663855074 -0.14482425735485954 -3.6242878775280296 0.52017409351023269 50.842565207234173 -4.9801674531160813 35.568371967536329 -0.21875760982406833 -0.47919174919912122 -2.0535350215345538 -0.99256098061380171 -327.05236638442312 41.715653426524511 -0.61019686761925207 -126.86232452645936 -4.1793182784925573 -100.57024777881907 33.062837512084734
leaf_weight=14599.100382626268 0.002959412469163313 0.0038281476583631449 1.9266789720170239 0.0026546179584916165 0.081455749573173475 0.092349711685590891 0.043257864926554097 0.16638266178724948 0.002896259501801667 0.028391224416759057 0.12185726152594306 0.0042598161021218375 0.0018311130156146013 0.0018527052004588393 0.60773774245005108 828.62323175608617 0.13321232135444105 6.4427471628923998 0.69344066750806987 1045.7569204293916 345.82588753128414 0.55177232511143171 7.7490802265527252 0.097957351285266614 0.36299205834296355 0.80235793842112257 0.21337983448312048 6.9034633257878975 0.12255753176678497 2.2945789525877123
leaf_count=2205535 69571 38985 61654 10975 15258 6716 9848 15470 3228 5191 94023 2481 3091 2346 2022 131785 431 7153 123 436968 35928 2035 30822 209008 2525 73 85978 16354 57779 7595
internal_value=-0.0474578 0.0242396 2.58682 840.601 1304.46 1408.89 57.7997 141.645 1440.72 343.381 1508.51 1517.47 1526.37 1530.14 -60.0495 0.427046 -14.0558 2.71177 0.592288 -0.831556 -2.58222 -177.353 -1.83145 -25.7317 -206.87 -10.5174 -33.2871 -16.655 -59.2237 9.07662
internal_weight=16848.8 15438.1 838.978 1.15875 0.309157 0.227701 0.849598 0.845769 0.225047 0.0716491 0.132697 0.129801 0.125541 0.12371 0.77412 837.819 8.50264 6.57596 829.317 1410.68 364.927 0.554732 364.372 18.5464 0.460949 18.0854 8.04176 7.82838 0.924915 10.0437
internal_count=3570951 2616315 410780 209634 138118 122860 71516 32531 111885 15039 105169 101941 99460 96369 17492 201146 69238 7584 131908 954636 517668 71606 446062 410134 211533 198601 160184 74206 57852 38417
is_linear=0
shrinkage=0.05


Tree=23
num_leaves=31
num_cat=0
split_feature=2 3 2 10 10 2 3 7 4 3 2 2 2 7 4 10 3 6 3 2 2 0 3 9 3 15 0 15 3 4
split_gain=1.70446e+06 2.44119e+07 1.27016e+08 9.69823e+07 1.18365e+07 3.20527e+07 5.60098e+08 2.23717e+08 1.92578e+08 1.09852e+07 1.3753e+07 9.61784e+06 1.70452e+07 1.6788e+07 9.9258e+06 6.59733e+06 5.88249e+06 4.92468e+06 3.61616e+06 6.95601e+06 3.20554e+06 2.80365e+07 7.37858e+07 2.03897e+07 3.16752e+06 2.13776e+06 1.8925e+06 1.9146e+06 1.88353e+06 2.53236e+07
threshold=131497.10000000003 335347.20000000007 181973.25500000003 76.500000000000014 5.5000000000000009 174945.67500000002 125479.34000000001 6883727.1700000009 44603.125000000007 278687.50000000006 278382.92000000004 441427.84500000003 468639.08000000002 38508.680000000008 74208.785000000018 6.5000000000000009 1781533.2550000001 7.5000000000000009 181798.76000000004 196805.11000000002 196805.11000000002 178.50000000000003 134403.82000000004 66915.450000000012 125479.34000000001 128118.65500000012 178.50000000000003 226921.68000000002 196097.88500000004 541602.44000000006
decision_type=2 2 2 2 2 2 2 2 2 2 2 2 2 2 2 2 2 2 2 2 2 2 2 2 2 2 2 2 2 2
left_child=-1 4 3 -3 28 6 7 8 -6 18 -11 13 -13 -4 -15 -10 -14 -8 20 -20 21 25 23 -23 -22 -7 27 -19 -2 -30
right_child=1 2 11 -5 5 9 17 -9 15 10 -12 12 16 14 -16 -17 -18 26 19 -21 24 22 -24 -25 -26 -27 -28 -29 29 -31
leaf_value=-0.095121148693829538 0.10398053385136133 -779.84605432105195 -9.3922536891686459 -4.0671918742708524 -0.17803782616481953 0.20818916518032196 -91.864665871379486 -22.653477471642162 -20.693310477042353 -37.961091611520104 216.32014684706579 189.69183773948259 -106.23866778817917 -12.358933715501397 -307.77881255970459 -1577.8450023681887 -0.31229111886510696 92.653762366841207 -7.4400963115037939 -138.9665762893851 0.02382558857236362 -3.5948987167225313 -4.4433778184229995 -560.85222640254153 -66.570078075227812 -64.298185764239676 3.9251014212738342 -3.3040554738553483 -209.98913567394823 -3.3849953296573005
leaf_weight=14377.671385929983 2268.6343073959852 0.01731086802945514 3.1170313770720077 0.68450156581683641 0.24820548222344707 32.757638099567195 0.28854525089264527 0.56407803349823715 0.033965345331947207 0.50027901438991618 0.22306863239052221 0.14292588829994102 0.45445876556848297 0.51949417413318355 0.0044381380189891786 0.030009899472903522 13.319233319012044 0.26591836661100277 3.4578359980369076 0.4940138422582171 115.30297095943159 0.2116124199688047 3.0008362718800066 0.0082780379443589402 0.81369934089863605 0.3365226526365096 20.56299729133061 0.76981869354494847 0.52919068327175622 50.670693281349465
leaf_count=2205540 560069 73100 11178 2762 12217 5408 5022 5011 4205 2287 2716 4622 9389 2539 155282 73024 9026 290 1549 11824 337560 1460 828 29527 10230 5907 2136 372 15131 10466
internal_value=-0.305327 -1.50509 -57.5824 -470.206 -1.0726 -13.3921 -67.5216 -896.604 -1255.03 -5.17173 120.473 -16.6398 3.87502 -78.9927 -215.186 -1547.59 -10.7621 3.3951 -6.51471 -48.6262 -5.11311 -17.8627 -139.227 -467.137 -1.00722 -2.31427 8.67666 54.7416 -0.112038 -9.50239
internal_weight=16895.6 2517.96 18.2594 0.701812 2499.7 179.87 22.7635 0.876259 0.312181 157.107 0.723348 17.5576 13.9166 3.64096 0.523932 0.0639752 13.7737 21.8873 156.383 3.95185 152.432 36.3149 3.22073 0.21989 116.117 33.0942 21.5987 1.03574 2319.83 51.1999
internal_count=3570677 1365137 267898 75862 1097239 511573 102277 94457 89446 409296 5003 192036 23037 168999 157821 77229 18415 7820 404293 13373 390920 43130 31815 30987 347790 11315 2798 662 585666 25597
is_linear=0
shrinkage=0.05


Tree=24
num_leaves=31
num_cat=1
split_feature=1 8 2 2 2 14 6 9 10 0 2 14 0 4 10 14 2 2 14 2 2 0 4 7 2 2 6 7 2 14
split_gain=3.55956e+06 5.79035e+07 1.31532e+08 414828 3.82727e+06 5.71555e+07 5.29759e+07 6.45001e+06 2.2423e+06 3.2189e+06 716286 2.30155e+06 1.42919e+06 710786 682061 456887 2.67167e+07 1.11111e+07 4.30618e+06 6.39089e+06 4.12449e+06 3.37814e+06 2.48039e+07 2.59443e+06 2.21692e+06 5.85399e+06 2.08032e+06 1.82353e+06 1.69325e+06 1.14916e+06
threshold=0 1.0000000180025095e-35 742945.80000000016 168190.30000000002 189306.45500000005 1.4779288903810087e-11 1.5000000000000002 66915.450000000012 48.500000000000007 304.50000000000006 165905.12000000002 2.3317170416703453e-10 224.50000000000003 534056.62500000012 6.5000000000000009 1.4324541552923621e-11 199425.23500000002 196805.11000000002 1.4779288903810087e-11 299238.00000000006 398568.70500000002 6.5000000000000009 91250.360000000015 4545426.995000002 334744.60000000003 328696.21000000008 17.500000000000004 5997754.2450000001 199425.23500000002 1.168700691778213e-10
decision_type=9 2 2 2 2 2 2 2 2 2 2 2 2 2 2 2 2 2 2 2 2 2 2 2 2 2 2 2 2 2
left_child=1 2 -1 10 5 6 8 -8 9 -5 -2 12 -12 -7 -9 16 17 -6 19 28 21 -18 24 -22 25 -23 -25 -24 -17 -20
right_child=3 -3 -4 4 15 13 7 14 -10 -11 11 -13 -14 -15 -16 18 20 -19 29 -21 23 22 27 26 -26 -27 -28 -29 -30 -31
leaf_value=-693.01138461708217 -0.053717052228900511 -1.2355966437674972 -2.3315056959770861 -65.94851278967262 -305.85012664186991 -37.675303554802518 -2.1484767408131353 -3.4306244370158496 48.646682159387439 49.065333054534115 103.29626912339721 -1.9501297587001163 -16.565401833177241 -0.55212914606772667 -549.41866276115218 -8.8831041940841349 -0.29189437833829718 -17.722741347234269 13.059787605435091 -2.840103948693248 0.051297047643853171 -13.209940732701439 -290.09990447860059 98.826874008460919 -72.717483375703267 116.57707280710463 -7.660789875677839 -10.673716806530408 172.04541908613911 -0.41677919945449288
leaf_weight=0.0083462306776919126 14870.636624378132 52.029252192141527 2.2002068942593054 1.2228827513571572 0.018453265413603703 0.33275408973371767 0.066748669133442878 0.018490331676432825 0.029032453866871921 0.029424058187177304 0.013790107862262589 2.6372169933093668 0.013817807325764155 40.787537772530825 0.0024138544822840105 0.040980686448237866 4.9649195790059117 0.69660980300087538 15.031073945879369 1.4003751878674975 205.04783593204166 4.8126409280519482 0.012221350415121679 0.19411126851848193 0.021020594385860458 0.025255690985093504 0.5300861016875591 0.14637869169266199 0.041180904231718898 1192.6148582426727
leaf_count=26108 2375649 256020 13383 21649 19709 19879 520 1783 2014 1384 4286 5105 3923 38519 32954 464 240 6611 65157 2729 58227 78804 175812 1093 19391 2316 3145 9833 3443 320848
internal_value=-0.174097 -11.8304 -220.118 -0.12737 -0.928991 -15.5408 -254.354 -511.69 -20.1714 -42.6593 -0.0482733 22.0538 85.5593 -1.73999 -542.895 -0.482902 -2.59281 -199.157 -0.103332 65.6812 -1.02551 -30.8808 -56.0698 0.565155 -5.37802 7.3197 61.6424 -264.014 156.98 -0.238371
internal_weight=16395.6 54.2378 2.20855 16341.4 1468.09 42.4893 1.36899 0.0876529 1.28134 1.25231 14873.3 2.66482 0.0276079 41.1203 0.0209042 1425.6 216.47 0.715063 1209.13 1.48254 215.754 9.98244 5.01752 205.772 4.85892 4.8379 0.724197 0.1586 0.0821616 1207.65
internal_count=3570998 295511 39491 3275487 886524 118702 60304 35257 25047 23033 2388963 13314 8209 58398 34737 767822 375181 26320 392641 6636 348861 286396 286156 62465 100511 81120 4238 185645 3907 386005
cat_boundaries=0 1
cat_threshold=16
is_linear=0
shrinkage=0.05


Tree=25
num_leaves=31
num_cat=1
split_feature=1 8 2 4 2 2 4 7 13 8 4 9 15 7 15 15 4 2 6 2 6 10 8 14 2 6 2 9 4 4
split_gain=2.96942e+06 1.5606e+08 3.12689e+07 2.41108e+06 344222 617503 1.32872e+06 2.34146e+06 522164 573908 349976 347939 272080 1.06048e+06 265229 261698 225029 2.81367e+06 1.86706e+06 380831 445749 214039 566105 1.27612e+06 2.01438e+06 872914 959511 280477 207646 966745
threshold=0 1.0000000180025095e-35 1104257.6900000002 18188.925000000003 177200.28000000003 184203.81000000003 534056.62500000012 91039.835000000021 27.500000000000004 413571.70850686502 8456741.9550000019 661948.53500000003 533346.30500000005 550519.1050000001 665199.71000000031 657235.12500000035 11795543.310000001 152614.72000000003 5.5000000000000009 3416.6600000000003 28.500000000000004 2.5000000000000004 588944.58600000013 1.4460965758189562e-10 468639.08000000002 4.5000000000000009 270505.40000000008 2673788.8350000004 142657.74500000002 121463.32000000002
decision_type=9 2 2 2 2 2 2 2 2 2 2 2 2 2 2 2 2 2 2 2 2 2 2 2 2 2 2 2 2 2
left_child=1 2 3 -1 16 6 7 -6 21 -10 -11 -9 -3 -14 15 -15 -2 19 -19 20 -18 -7 28 24 25 -24 -27 -28 29 -23
right_child=4 12 -4 -5 5 8 -8 11 9 10 -12 -13 13 14 -16 -17 17 18 -20 -21 -22 22 23 -25 -26 26 27 -29 -30 -31
leaf_value=-693.92151212881743 -0.08402587847320428 -2.5761370236386125 -1.5368841338844648 -2.8340975343842589 -6.9989901626536755 -0.29824967692545795 -2.7145164992529356 -82.433883026264226 -4.6687676979437773 57.179241926364391 -3.1785315379314105 -2.0048863527512348 50.361668663921471 -2.2504509309265299 -4.3837566097082066 18.723361866302422 -0.62195349481915296 99.945104875898494 -1.6111017219301567 -1.0660965801008297 33.858166742095207 -0.79120328135073503 -5.6851450025723631 -0.99184043884058914 -3.2284629037231136 -0.92804879008301477 119.54162865393045 -1.8099516090332017 -2.231858583895316 22.20850027665114
leaf_weight=0.0033485858823314859 14079.082107745542 51.536287489468073 0.20726428891242721 0.02113703404464469 4.6131293198476326 971.71122547640641 29.272719526402618 0.6890297351807414 0.72075233994426091 0.068636268377304049 0.18127427113361019 0.20156222581863514 0.193764087224367 2.3893078269944539 8.0638158437251555 2.2496743301873172 1.9048050900245805 0.22370695996185508 0.66862348127295557 32.791913212055995 0.78014329174028763 92.829073768799276 0.1252727970422487 6.3016201016603048 1.2281133328165721 0.19409434497559352 0.015295239980332553 0.019044387583562639 425.12633920691081 3.8029378651788752
leaf_count=19587 2427344 166310 8267 11673 6744 320060 19495 12389 1194 12 399 293 496 12213 76357 739 244 397 1381 11425 104 69911 5272 3766 703 1012 372 515 387645 4656
internal_value=-0.199055 -10.0806 -569.113 -682.434 -0.151054 -0.861446 -7.35454 -27.8208 -0.706346 25.0197 45.8786 -74.9222 -0.943516 5.29618 0.983288 9.43652 -0.0737466 3.80114 63.2079 0.614918 15.8647 -0.739624 -1.5473 10.9822 40.5941 82.7396 96.3889 115.553 -1.75727 0.332096
internal_weight=15717.2 64.6646 0.23175 0.0244856 15652.6 1537.1 34.7764 5.50372 1502.32 0.970663 0.249911 0.890592 64.4328 12.8966 12.7028 4.63898 14115.5 36.3692 0.89233 35.4769 2.68495 1501.35 529.642 7.88344 1.58182 0.353707 0.228434 0.0343396 521.758 96.632
internal_count=3570975 295642 39527 31260 3275333 834438 38921 19426 795517 1605 411 12682 256115 89805 89309 12952 2440895 13551 1778 11773 348 793912 473852 11640 7874 7171 1899 887 462212 74567
cat_boundaries=0 1
cat_threshold=16
is_linear=0
shrinkage=0.05


Tree=26
num_leaves=31
num_cat=2
split_feature=1 7 0 2 3 3 2 4 2 2 4 8 2 2 2 10 2 0 0 8 8 2 3 14 13 13 0 1 3 2
split_gain=1.79176e+06 1.24579e+08 5.40259e+07 4.15002e+06 963393 676598 2.10401e+07 2.13764e+07 6.45164e+06 1.86313e+07 1.44536e+08 2.53361e+07 5.92658e+06 2.78614e+07 4.70616e+06 5.02638e+06 3.85826e+06 3.66213e+06 5.84141e+06 3.34962e+06 1.74351e+06 1.2404e+06 1.02483e+06 930020 413312 825720 256805 226946 1.01697e+06 7.70364e+06
threshold=0 1.0000000180025095e-35 9.5000000000000018 1321881.0250000001 161526.34500000003 196097.88500000004 181973.25500000003 541602.44000000006 89263.535000000018 177200.28000000003 534056.62500000012 517971.72000000009 266706.07000000007 742945.80000000016 239130.98500000002 17.500000000000004 278382.92000000004 214.50000000000003 259.50000000000006 230259.7604261364 588944.58600000013 105954.84000000001 2967219.4800000004 2.501110429875553e-11 28.500000000000004 29.500000000000004 8.5000000000000018 1 1.0000000180025095e-35 28429.565000000006
decision_type=9 2 2 2 2 2 2 2 2 2 2 2 2 2 2 2 2 2 2 2 2 2 2 2 2 2 2 9 2 2
left_child=1 2 26 -4 -3 24 8 17 -7 10 11 21 14 16 22 -16 -14 20 -19 -17 -8 -10 -9 -21 27 -26 -1 -2 29 -29
right_child=5 4 3 -5 -6 6 7 12 9 -11 -12 -13 13 -15 15 19 -18 18 -20 23 -22 -23 -24 -25 25 -27 -28 28 -30 -31
leaf_value=41.703010267965453 0.019035436027698749 -0.9459306911081875 -674.518819009911 -0.53292750231170616 -45.073547593826277 -0.10725732678048755 -278.85137156201625 -43.884266632390002 -0.094640006759422399 -0.9895903470790709 -6.617750874354563 -1.8082632481310659 -16.956856229318202 -1.1019970575974152 -28.331414330790729 -5.3616492363818882 -306.36447867972049 74.087105600355628 -84.303604116917526 -3.8096865021873914 -1.1693856384876764 -633.22932510491387 -0.669628192119327 172.34175184800631 51.772623088969908 -6.9648443239897322 -5.1099185372590812 -136.41613389040413 -0.70185284621904842 -1.2255786304853873
leaf_weight=0.13216865144498363 13015.194181501891 131.03200494685697 0.011899954729230722 0.02500148129183799 0.24954395475734159 1659.9966097838662 0.38351547557390969 1.6608332156418333 0.0081018826459122173 35.365887466022649 9.9797557731450262 0.19180679844527937 0.26679542116808008 3.7046751063299999 0.42676898798049845 0.32012363119816079 0.13222879353438788 0.074795446244789898 0.33082662993278145 0.035041789618020402 0.067788809537887573 0.22353775765268263 2.8978907475989049 0.053345344960689545 0.12128518850518732 0.85417196892516711 0.13264055248424733 0.18610755209211305 595.26228075766505 9.6147395837771601
leaf_count=1469 2253581 238793 31127 5804 17299 323401 42448 20994 16141 7408 90228 229 6984 659 12469 2882 72783 11042 13118 1892 107 54436 25717 1070 278 1703 1046 4151 304278 7176
internal_value=-0.19195 -5.77132 -492.943 -658.787 -1.36995 -0.139856 -1.07525 -68.9125 -0.623318 -18.9377 -74.5148 -545.887 -34.5654 -73.192 1.67155 70.8757 -263.298 -225.972 -23.1641 121.053 -266.69 -629.145 -21.4768 163.165 -0.0220382 22.8468 32.7497 -0.0253536 -0.96307 -16.1856
internal_weight=15468.9 131.583 0.301711 0.0369014 131.282 15337.4 1716.12 10.3546 1705.77 45.7691 10.4032 0.423446 9.4977 4.1037 5.394 0.83528 0.399024 0.856926 0.405622 0.408511 0.451304 0.23164 4.55872 0.0883871 13621.2 0.975457 0.264809 13620.3 605.063 9.80085
internal_count=3570713 295538 39446 36931 256092 3275175 704008 212165 491843 168442 161034 70806 145450 80426 65024 18313 79767 66715 24160 5844 42555 70577 46711 2962 2571167 1981 2515 2569186 315605 11327
cat_boundaries=0 1 2
cat_threshold=16 10
is_linear=0
shrinkage=0.05


Tree=27
num_leaves=31
num_cat=1
split_feature=1 7 2 3 10 2 2 3 2 10 2 3 2 3 15 8 7 2 3 2 14 8 0 13 14 7 7 14 2 10
split_gain=1.32052e+06 1.80674e+08 7.54603e+06 1.0445e+06 406637 749273 307123 2.26527e+06 2.73813e+07 8.34332e+07 1.02888e+08 2.78998e+07 3.44271e+07 2.31711e+07 2.02468e+07 7.48746e+06 1.2906e+06 1.25327e+06 2.9616e+06 1.1804e+06 1.04572e+06 961379 748950 557018 641176 539488 459132 391010 957213 451881
threshold=0 1.0000000180025095e-35 1104257.6900000002 134403.82000000004 6.5000000000000009 107905.28000000001 177200.28000000003 125479.34000000001 199425.23500000002 9.5000000000000018 742945.80000000016 278687.50000000006 278382.92000000004 473250.02500000008 7.7307049650698916e-12 49185.886250000003 165358.53500000003 196805.11000000002 100.26000000000001 204502.29500000001 2.501110429875553e-11 427508.25118750014 315.00000000000006 26.500000000000004 1951024.6100000001 91039.835000000021 641814.37000000011 775920.89000000013 181973.25500000003 2.5000000000000004
decision_type=9 2 2 2 2 2 2 2 2 2 2 2 2 2 2 2 2 2 2 2 2 2 2 2 2 2 2 2 2 2
left_child=1 2 -1 4 -3 -6 -2 17 16 10 -10 15 -13 14 -14 25 -9 18 -8 -17 22 27 -20 -19 -25 -11 -23 28 -18 -30
right_child=6 3 -4 -5 5 -7 7 8 9 11 -12 12 13 -15 -16 19 21 23 20 -21 -22 26 -24 24 -26 -27 -28 -29 29 -31
leaf_value=-677.87061249969247 -0.013750497618093533 0.13797193463018451 -3.1319558974213817 -47.692170244121741 -3.372439984377225 -46.475366311374806 -5.2502053150978911 -51.833221914488526 -689.43198059238625 -10.568709185893622 -1.0890955601874037 -22.870642188079209 -22.959479439971968 -40.467939412444196 500.50141982115105 -9.9367062622858011 -1.4258030310269287 0.061359262946304151 -102.5019362545803 -170.09264205649308 -1.3939425727447237 57.900990572073276 -1.4959478942457365 50.340065964988241 -4.6588122741126403 48.549679653164134 -4.0242159944235008 0.90794593412557367 -5.4553535690422494 -36.254264970970219
leaf_weight=0.031829131563193225 13807.13685135649 174.97530785708202 0.052903388798659634 0.17114081706284778 5.1800590419787103 0.31224055038371723 52.642282410816549 0.26838145136944902 0.11510186619677987 0.13094095513224613 1.0640929385233311 1.1272971506534686 0.12379313122222714 0.1452431446378698 0.0059071449142733398 0.26962492367952423 20.653552150434688 1079.5890190218272 0.29504509578450377 0.35148176652224655 0.5043295221985663 0.011328903433755699 0.24896154560912542 0.17100519021026317 0.69025756725820242 0.22535037994384766 0.25378932661518427 50.511752190385977 2.4600611599439581 2.4408053263414144
leaf_count=31181 2442186 112272 8179 20429 15796 107742 30733 5036 119528 733 624 34036 1317 33843 2913 432 5956 516773 25566 13581 16644 269 627 373 732 96 2215 2692 4858 15408
internal_value=-0.133548 -4.25698 -647.855 -0.624362 -0.317131 -12.6047 -0.0807708 -0.842845 -8.91254 -127.962 -353.819 55.5319 159.286 338.29 422.812 -98.5943 -1.8037 -0.265143 -7.64954 -149.588 -66.7468 -0.959729 -87.1875 0.108538 27.4378 35.0461 42.2936 -1.65739 -6.57154 -24.3396
internal_weight=15202.2 180.723 0.0847325 180.639 180.468 5.4923 15021.4 1214.3 80.1585 3.55883 1.17919 2.37964 1.40224 0.274943 0.1297 0.977398 76.5997 1134.14 53.6906 0.621107 1.04834 76.3313 0.544007 1080.45 0.861263 0.356291 0.265118 76.0662 25.5544 4.90087
internal_count=3572770 295599 39360 256239 235810 123538 3277171 834985 243537 207103 120152 86951 72109 38073 4230 14842 36434 591448 73570 14013 42837 31398 26193 517878 1105 829 2484 28914 26222 20266
cat_boundaries=0 1
cat_threshold=16
is_linear=0
shrinkage=0.05


Tree=28
num_leaves=31
num_cat=1
split_feature=1 8 4 0 2 3 8 11 6 15 3 7 0 3 14 2 3 8 3 2 4 9 8 4 4 13 3 9 4 9
split_gain=1.4082e+06 7.55579e+07 6.80123e+07 4.2308e+07 1.33419e+06 8.05613e+07 5.23027e+07 1.61317e+08 5.37475e+07 5.33776e+07 4.48042e+07 4.02726e+07 2.67165e+07 1.78109e+07 7.70808e+06 1.29184e+07 7.13286e+06 6.49971e+06 4.19428e+06 2.64977e+06 5.04877e+06 2.08131e+06 1.70981e+06 1.55616e+06 1.54265e+06 1.45803e+06 1.37052e+06 1.32507e+06 1.11146e+06 856838
threshold=0 6778.9650000000011 649999.7300000001 8.5000000000000018 204502.29500000001 203917.35500000001 171663.81933333338 1.0000000180025095e-35 23.500000000000004 2.3374013835564261e-10 692315.43000000005 344555.95000000001 315.00000000000006 125479.34000000001 1.4324541552923621e-11 255921.53000000003 321264.32500000007 208761.8391666667 257253.50000000003 407610.41000000009 1.0000000180025095e-35 1.0000000180025095e-35 184204.83083333334 1378037.6700000002 259159.06500000003 17.500000000000004 51317.500000000007 261703.74000000002 10122339.550000003 276762.61500000005
decision_type=9 2 2 2 2 2 2 2 2 2 2 2 2 2 2 2 2 2 2 2 2 2 2 2 2 2 2 2 2 2
left_child=1 2 3 -1 -2 13 14 8 9 -8 11 -11 -13 19 16 18 -7 22 24 20 -6 -18 -9 -24 -16 -19 -22 -17 -15 -29
right_child=4 -3 -4 -5 5 6 7 17 -10 10 -12 12 -14 28 15 27 21 25 -20 -21 26 -23 23 -25 -26 -27 -28 29 -30 -31
leaf_value=43.003536131153389 -0.074785044019422778 -0.98209061799316055 -1.0021609765329718 -681.78434784673709 104.65190555509638 -137.57031406943932 -63.074454549858189 -3.79602977560956 -19.5319690965073 -8.6204156913138696 -9.7235338104473517 943.1628236818699 -3.0704481923985538 -188.30712853931686 239.48055141138047 -43.107541261911976 71.354579356329296 -10.075211726641918 -18.840479565684518 -0.2682275099944525 -1.8423347960671355 -27.397379395328326 174.60156608940014 -2.9364384793398388 -7.3517787881232541 55.796678920029265 60.888223611730432 28.717478425345714 -3.9703125122047433 -10.894050545005268
leaf_weight=0.11272346511103169 14164.983884291772 173.24021936492454 0.9989355436678089 0.0029493193153221761 0.72568521364099314 0.36671131918563826 0.063794751675678496 0.14322133144302385 0.2524772627562516 0.11345782437336127 0.1520368351469692 0.43005197476405677 0.071864067203588511 0.33478947512141594 0.0019401117101258076 0.12977231523129873 0.22001552609319505 3.6260829048465171 0.034652731051771982 549.03714259808237 6.1835750031236074 0.23761884238874112 0.017068184933183156 0.10341403597555635 0.0058394945985419302 0.027948620595611984 0.0035986288052701756 3.1408576649715392 0.13397114205097588 1.3939444290726322
leaf_count=1096 2586459 255522 3923 35389 68550 6756 19082 1715 10837 652 50557 11097 215 22425 220 6852 9292 18833 8632 87422 296491 16768 2412 1238 321 1460 38464 842 378 8650
internal_value=-0.0340279 -4.36499 -301.686 -570.005 0.0204711 2.39671 133.198 235.584 591.786 686.74 749.495 826.974 895.84 -0.31381 18.7247 45.0631 -73.9294 36.7525 204.375 0.145307 28.8731 36.4571 134.519 155.591 230.75 2.30818 6.66017 7.78938 -174.2 16.7721
internal_weight=14906.3 174.355 1.11461 0.115673 14731.9 566.952 10.5328 5.00142 1.08368 0.831205 0.767411 0.615374 0.501916 556.419 5.53135 4.70701 0.824346 3.91774 0.0424323 555.95 6.91286 0.457634 0.263704 0.120482 0.00777961 3.65403 6.18717 4.66457 0.468761 4.5348
internal_count=3572550 295930 40408 36485 3276620 690161 176431 118098 92440 81603 62521 11964 11312 513730 58333 25517 32816 25658 9173 490927 403505 26060 5365 3650 541 20293 334955 16344 22803 9492
cat_boundaries=0 1
cat_threshold=16
is_linear=0
shrinkage=0.05


Tree=29
num_leaves=31
num_cat=1
split_feature=1 9 14 2 0 0 13 2 2 14 6 6 0 2 2 2 9 2 3 3 2 2 0 9 3 10 2 9 0 9
split_gain=3.61508e+06 1.08028e+08 4.65421e+07 3.23786e+07 379479 888093 330714 1.45403e+06 2.97083e+06 853642 433625 720209 326146 387868 448050 367939 274072 269151 3.8396e+06 9.79405e+06 4.10887e+07 7.01756e+06 5.26217e+06 7.58546e+06 5.18596e+06 7.18672e+06 6.54199e+06 4.89545e+06 6.58872e+06 4.53221e+06
threshold=0 7104.5550000000012 1319.7350000000004 833148.21000000008 13.500000000000002 12.500000000000002 23.500000000000004 303858.47500000003 453931.2950000001 2543858.6900000009 57.500000000000007 61.500000000000007 1.5000000000000002 235821.26500000004 133614.88000000003 78471.400000000009 358169.99500000005 177200.28000000003 125479.34000000001 423012.74500000005 328696.21000000008 189306.45500000005 258.50000000000006 169380.82500000004 473250.02500000008 21.500000000000004 181973.25500000003 394583.36500000005 297.50000000000006 279141.48000000004
decision_type=9 2 2 2 2 2 2 2 2 2 2 2 2 2 2 2 2 2 2 2 2 2 2 2 2 2 2 2 2 2
left_child=1 2 3 -1 5 -3 10 -8 9 -9 12 -12 13 14 15 -2 -7 -14 21 20 22 -19 23 -20 25 -21 -26 28 -24 -25
right_child=6 4 -4 -5 -6 16 7 8 -10 -11 11 -13 17 -15 -16 -17 -18 18 19 24 -22 -23 27 29 26 -27 -28 -29 -30 -31
leaf_value=-681.12146579402508 -6.0789422020488351 -4.5305923553005787 -0.11733929240918742 54.818024163399677 -3.1833693260947991 -0.79478837272233438 -2.4757224462124738 114.99725925396766 -2.2912700185452333 -1.8338316819451546 48.296398355115322 -1.700629993380478 -0.022875207640020767 4.0127082388191431 -0.61088468774349403 59.289767113310738 59.058253091388202 -91.775146331636336 -155.3554164571832 141.06820479233417 -338.60634428123109 -0.17488387636823269 139.48096276263612 28.842611949925129 -0.68054385817444352 9.3763041980503417 -114.856534665114 -10.290836896975009 -49.498602976454464 -45.995860394373274
leaf_weight=0.023967476561626982 0.059722767311399527 1.8510519671131422 0.43069368303986844 0.013477532246046114 48.140083131043163 0.20329177413940111 7.4845960165292365 0.054087947440261019 1.698907354613838 0.14722711367265973 0.22979849719906975 1.5826094475197996 12846.450784721284 13.620176982334499 0.70624691745086809 0.0045197907185447464 0.013535027107942549 1.0949296803671575 0.30350954250014428 0.44712200681387138 0.15103878386505876 1089.3044672406854 0.4648200950755117 2.3889932974940704 12.619902016742301 4.2303423638659297 0.3945959513707028 2.8174065745790728 0.082693924875736458 4.3995871113580929
leaf_count=28158 1440 8081 251 11925 244644 659 5503 374 344 519 279 605 2435871 181 191 136 1538 46253 11277 2930 19026 542627 2295 4452 6040 889 170644 3216 2906 18471
internal_value=-0.122444 -12.2011 -437.327 -618.717 -2.15693 14.9857 -0.0690549 8.85032 38.9348 99.1483 -0.0757242 19.5554 -0.0796682 7.19494 29.4062 49.9047 48.4015 -0.0876795 -0.831162 -18.6929 -54.3967 -0.350874 -21.095 -43.6375 4.47956 44.5955 -12.0912 25.5282 97.3934 -19.3368
internal_weight=14041.4 50.6761 0.468139 0.037445 50.208 2.06788 13990.7 9.38482 1.90022 0.201315 13981.4 1.81241 13979.5 14.3907 0.770489 0.0642426 0.216827 13965.2 1118.7 28.3 10.608 1090.4 10.457 7.09209 17.692 4.67746 13.0145 3.36492 0.547514 6.78858
internal_count=3571725 295256 40334 40083 254922 10278 3276469 6740 1237 893 3269729 884 3268845 1948 1767 1576 2197 3266897 831026 242146 61643 588880 42617 34200 180503 3819 176684 8417 5201 22923
cat_boundaries=0 1
cat_threshold=16
is_linear=0
shrinkage=0.05


Tree=30
num_leaves=31
num_cat=2
split_feature=1 3 8 15 0 10 0 2 10 2 2 5 0 3 3 3 3 2 10 7 8 0 3 13 6 3 6 1 2 2
split_gain=575745 6.93103e+06 1.48144e+08 3.79102e+07 537858 743835 487011 683462 329292 287770 285312 197621 874383 981682 3.476e+06 418192 5.63823e+06 7.49646e+06 1.2811e+07 2.11303e+06 2.10372e+06 956111 398751 191193 767629 431719 170441 159031 1.7844e+06 5.49089e+06
threshold=0 1.0000000180025095e-35 31258.400000000005 35760.710000000006 13.500000000000002 1.5000000000000002 9.5000000000000018 1104257.6900000002 6.5000000000000009 742945.80000000016 42917.55000000001 8.1367113852444728 9.5000000000000018 2087.5000000000005 204.50000000000003 3610.2900000000004 1877.0800000000002 1868.4450000000004 13.500000000000002 1090806.5150000004 157119.18312500001 211.50000000000003 972.50000000000011 28.500000000000004 29.500000000000004 75854.530000000013 2.5000000000000004 1 42917.55000000001 174945.67500000002
decision_type=9 2 2 2 2 2 2 2 2 2 2 2 2 2 2 2 2 2 2 2 2 2 2 2 2 2 2 9 2 2
left_child=1 6 3 -3 5 -4 7 9 -8 -1 -10 12 13 14 -2 16 19 -18 -19 -14 21 -21 -16 27 25 -25 -7 28 -13 -30
right_child=11 2 4 -5 -6 26 8 -9 10 -11 -12 23 15 -15 22 -17 17 18 -20 20 -22 -23 -24 24 -26 -27 -28 -29 29 -31
leaf_value=-1.0315462471171428 -0.83719025256350532 -694.90491043170721 -5.7006173897128605 -0.65210457141683431 -3.4285542389794501 54.77860497200146 0.013755266233332397 -1.9419537026151745 -0.04897547117865711 59.445681848752024 -38.187405744154518 -0.059449033626484973 0.11428858553284951 -0.48917467921500402 -0.045342535182608848 -0.38464937953122391 -0.67183125739731064 -0.88628389217487458 216.0973615265637 -0.37417250398031981 -5.8407995011852849 106.20562311545787 118.72632779861293 -5.1589219128246357 -6.6486662835541139 55.126159664390357 -0.66521273123742841 -0.023585493585822584 -46.002128604317846 -3.462161447080419
leaf_weight=0.20164120085172571 1.8631039468190929 0.0022163978063515213 0.93610432200877847 0.24698909914886391 26.868284529369809 0.10469130771100255 301.42113433194919 1.2973581892304751 0.92039008388821753 0.027940248508672882 0.056578977091806482 1156.2197360442037 139.74416727112666 2.8586789536175141 0.074958978286303934 279.82602937348651 3.2216196554451235 1.2959072318815283 0.41312300912244393 0.24884170112153181 0.87554799048123932 0.15070163179188967 0.030677056522108614 0.19354099625796636 1.5934497619921808 0.093982985830471849 0.13119632434912909 13221.287362328914 7.2894759196368986 92.207942778875193
leaf_count=1519 1609 36261 3485 246 97384 317 78926 566 4008 327 71615 109413 108272 4058 244 159409 2332 1791 106 250 4032 216 116 258 2678 167 346 2219412 347705 314642
internal_value=-0.0876256 -2.11233 -25.4049 -558.165 -1.61255 22.4282 0.0626663 21.9221 -0.119586 48.6849 -20.4591 -0.0409278 1.01335 20.2526 40.3918 0.748264 2.90824 50.6675 111.971 0.893326 48.6921 86.9846 110.628 -0.0723786 12.807 42.0533 48.3506 -0.0749368 -0.610113 -7.00555
internal_weight=15241.7 332.215 28.2895 0.249205 28.0403 1.17199 303.925 1.52694 302.398 0.229581 0.976969 14909.5 430.603 4.82742 1.96874 425.776 145.95 4.93065 1.70903 141.019 1.27509 0.399543 0.105636 14478.9 1.88097 0.287524 0.235888 14477 1255.72 99.4974
internal_count=3571710 295000 138039 36507 101532 4148 156961 2412 154549 1846 75623 3276710 282435 6027 1969 276408 116999 4229 1897 112770 4498 466 360 2994275 3103 425 663 2991172 771760 662347
cat_boundaries=0 1 2
cat_threshold=16 1
is_linear=0
shrinkage=0.05


Tree=31
num_leaves=31
num_cat=2
split_feature=1 4 8 10 2 2 2 6 14 3 14 2 7 2 2 4 15 3 13 3 2 4 4 2 3 3 9 1 2 3
split_gain=614828 2.74864e+07 1.0911e+08 1.06431e+06 723128 345239 1.1108e+06 310527 752593 295303 165749 330641 1.02257e+06 479211 2.08544e+06 1.48435e+07 9.73942e+06 1.21255e+06 5.13469e+06 958552 521211 831526 805551 589843 473713 395281 291116 143958 1.66299e+06 1.80939e+07
threshold=0 24958.510000000006 31258.400000000005 7.5000000000000009 44286.150000000009 123547.48500000002 121498.39000000001 57.500000000000007 1.4042598195374014e-09 91389.24500000001 438302.81000000006 38976.185000000005 450780.09500000003 100400.47000000002 47012.280000000006 28773.645000000004 1585425.8250000002 215186.00000000003 22.500000000000004 204.50000000000003 125469.93000000001 1685.8400000000004 24958.510000000006 453931.2950000001 121.50000000000001 188459.50000000003 441061.06500000006 1 61117.840000000004 423012.74500000005
decision_type=9 2 2 2 2 2 2 2 2 2 2 2 2 2 2 2 2 2 2 2 2 2 2 2 2 2 2 9 2 2
left_child=1 2 -1 5 -5 6 -3 10 -9 -7 27 -12 26 14 19 -16 -17 20 -19 24 21 -15 23 -22 -14 -24 -13 28 -2 -30
right_child=7 3 -4 4 -6 9 -8 8 -10 -11 11 12 13 17 15 16 -18 18 -20 -21 22 -23 25 -25 -26 -27 -28 -29 29 -31
leaf_value=-538.83927585074912 -0.061857735039826604 -2.8763186030740893 -1.517770619822314 -2.0068380278796698 -53.030491971087258 -0.055302143443539981 59.564582882734385 45.541023743846694 -1.645562368732425 -24.038829406265677 -0.77463904831524455 -1.6008423607959561 59.627209997712605 -1.0331847216392684 -1.0726730494540455 255.54510337688535 -47.129613382765733 -110.20911303001304 46.320772144468521 -0.54522142786199135 -6.6833384749195393 -55.845738829532003 0.68763642471096675 58.441636418511621 -0.11991022973148764 7.8477794145378672 58.026008969735052 -0.022123673265899129 -3.4420113528373117 -144.99345854274642
leaf_weight=0.18178917467268529 1057.4701295157406 2.0994378919394201 4.7397698113516791 1.377082485100952 0.59389534823977252 309.04672409083872 0.016655686703937689 0.27529238424399327 2.3101896720541393 0.28884010105332336 190.47129052459877 0.18993209571700082 0.023967364292395099 2.2261716648941881 5.0368661337675498 0.013351113448903287 0.0035129267373127234 0.077489547729846925 0.23326994155984618 28.046812196018347 0.24770587945145695 0.030399671875848244 249.00069554326672 0.046431940131712368 0.48459161068603862 19.921365014749256 0.035840888287718642 12518.352075962559 85.441714440396325 1.3208448990396124
leaf_count=27739 149412 19869 14243 5917 111444 102685 359 409 689 13106 34621 1206 2429 396 1015 27590 19694 57808 1661 4370 3137 14842 111383 328 64 1466 452 2318266 236591 287719
internal_value=-0.0848658 -2.22051 -109.01 -0.272872 -30.0576 0.0111961 16.571 -0.0351101 14.6775 -0.155101 -0.0388583 0.857993 1.87473 1.68615 7.22967 33.8925 208.147 0.976626 -47.0095 1.52363 1.2039 -18.695 1.43928 40.8081 40.352 1.24518 47.4768 -0.0714838 -0.605528 -7.22456
internal_weight=14479.6 318.344 4.92156 313.423 1.97098 311.452 2.11609 14161.3 2.58548 309.336 14158.7 496.09 305.618 305.393 33.6091 5.05373 0.016864 271.784 0.310759 28.5554 271.473 2.25657 269.216 0.294138 0.508559 268.922 0.225773 13662.6 1144.23 86.7626
internal_count=3570910 295362 41982 253380 117361 136019 20228 3275548 1098 115791 3274450 282462 247841 246183 55162 48299 47284 191021 59469 6863 131552 15238 116314 3465 2493 112849 1658 2991988 673722 524310
cat_boundaries=0 1 2
cat_threshold=16 1
is_linear=0
shrinkage=0.05


Tree=32
num_leaves=31
num_cat=1
split_feature=1 4 6 2 3 14 2 3 7 6 3 6 13 2 2 2 10 9 2 4 7 3 2 2 4 2 7 14 13 6
split_gain=666798 8.27729e+06 2.76739e+07 2.16942e+07 8.38231e+07 970810 8.0801e+06 1.70041e+07 1.06393e+07 8.97318e+06 1.75958e+06 662931 588654 2.13695e+06 2.17946e+06 693224 573719 406599 358109 189671 320438 159058 816358 7.56482e+06 3.44868e+06 1.70223e+06 1.33314e+07 1.27313e+07 4.02971e+06 4.74987e+06
threshold=0 1685.8400000000004 1.0000000180025095e-35 42917.55000000001 1.0000000180025095e-35 444343.57500000007 47012.280000000006 148202.00000000003 450780.09500000003 59.500000000000007 78786.345000000016 57.500000000000007 23.500000000000004 303858.47500000003 390128.31500000006 346368.02500000008 7.5000000000000009 391744.09000000003 100400.47000000002 11175.500000000002 1.0000000180025095e-35 196097.88500000004 441427.84500000003 334744.60000000003 36206.010000000009 42917.55000000001 2168253.2000000007 266073.12000000005 2.5000000000000004 11.500000000000002
decision_type=9 2 2 2 2 2 2 2 2 2 2 2 2 2 2 2 2 2 2 2 2 2 2 2 2 2 2 2 2 2
left_child=1 2 3 -1 -5 19 -7 10 -9 -10 18 12 21 -14 15 -15 -13 -12 -8 20 -3 -2 23 25 -25 -23 27 28 29 -27
right_child=11 5 -4 4 -6 6 7 8 9 -11 17 16 13 14 -16 -17 -18 -19 -20 -21 -22 22 -24 24 -26 26 -28 -29 -30 -31
leaf_value=-16.050972540574289 0.023123127673976479 -31.154869241035655 -1.0470108657490498 -1.1764660777959868 -586.17740360009282 -0.18128382760821635 -34.51987264193567 -0.020597506648759062 -337.7648507299462 -0.12771606268037061 60.538542190129242 -1.6659739525185324 -3.1283863049187466 115.23246959581502 -4.5310433939916201 -1.5605116130545882 52.223667712656834 -0.34883676606960334 -5.4958665308308756 -0.39807638691133079 -0.31732432300714325 -0.30158631437832695 1.6525219703292504 -20.446717865924157 -163.18308689970675 -210.35088580982267 -0.64967822119679441 -6.3063822580395374 15.469096318008113 -5.7847366987157463
leaf_weight=2.2119945013494338 12562.493014234278 0.34972861029795677 16.13878237818497 1.5194027161596322 0.030313539882619422 46.996658941725826 1.3639838661851444 0.50901120903087615 0.0015695702091835786 0.24587718565075822 0.0085655783923799245 0.77068652826921091 4.2819328581091165 0.047208160455157064 0.67212634253996206 0.1145065693720433 0.1316687292107277 0.36070948772737144 2.7893227457734233 1421.6058297508487 2.2978733981146475 270.80118650380223 195.83855574056508 1.3163247195774472 0.031642405226410042 1.0757777028307203 38.09157029934903 2.6640784404842019 0.12829685532962809 0.39581498047257446
leaf_count=9181 2271070 5135 48414 316 70310 17047 5849 207 70870 83 938 404 3171 207 370 159 298 3975 52679 787597 4616 144913 4664 1731 5018 38134 12988 7381 3213 570
internal_value=-0.115366 -1.1111 -32.3641 -138.286 -238.033 -0.675775 -7.30274 -60.575 -192.715 -271.321 -7.57845 -0.0005119 -0.00480548 15.5038 60.7178 102.373 29.5134 44.2405 -19.8775 -0.427582 -11.8166 -0.0120602 -0.876487 -2.45153 -91.8722 -1.7754 -10.9738 -85.558 -164.339 -179.933
internal_weight=14575.3 1496.43 19.9005 3.76171 1.54972 1476.53 52.2757 5.27904 0.756458 0.247447 4.52258 13078.9 13078 5.11577 0.833841 0.161715 0.902355 0.369275 4.15331 1424.25 2.6476 13072.8 510.343 314.505 1.34797 313.157 42.3555 4.26397 1.59989 1.47159
internal_count=3571508 1077217 128221 79807 70626 948996 151648 134601 71160 70953 63441 2494291 2493589 3907 736 366 702 4913 58528 797348 9751 2489682 218612 213948 6749 207199 62286 49298 41917 38704
cat_boundaries=0 1
cat_threshold=17
is_linear=0
shrinkage=0.05


Tree=33
num_leaves=31
num_cat=1
split_feature=1 3 5 7 14 0 0 3 15 3 3 5 5 6 13 5 3 5 14 10 0 5 0 9 0 3 5 5 7 5
split_gain=582720 7.38899e+06 4.32347e+06 1.26271e+08 6.4024e+06 831262 641310 734284 334985 203360 1.62572e+06 1.85947e+06 4.26624e+07 5.95436e+06 799562 572409 551268 1.26026e+06 2.25142e+07 1.19675e+07 5.95116e+06 4.6912e+06 2.77266e+06 2.65605e+06 1.14592e+06 905673 5.11605e+06 1.58794e+08 4.15479e+07 1.84369e+06
threshold=0 118610.99500000001 13.42367693089375 7167.3950000000013 3354.1400000000008 8.5000000000000018 13.500000000000002 78786.345000000016 108721.27000000028 31983.000000000004 34775.000000000007 10.379235584808896 10.474902879631605 2.5000000000000004 28.500000000000004 12.654518600147521 49116.785000000011 10.474902879631605 1.0000000180025095e-35 20.500000000000004 297.50000000000006 10.788918481170731 24.500000000000004 261703.74000000002 9.5000000000000018 107996.56000000001 10.96444842271733 11.739829377194416 9199944.9350000005 10.6343714129176
decision_type=9 2 2 2 2 2 2 2 2 2 2 2 2 2 2 2 2 2 2 2 2 2 2 2 2 2 2 2 2 2
left_child=1 2 3 4 -1 8 7 -5 -4 -2 11 -11 13 -13 16 -16 17 -12 19 20 21 22 -19 -24 -20 26 29 28 -28 -18
right_child=9 -3 5 6 -6 -7 -8 -9 -10 10 14 12 -14 -15 15 -17 25 18 24 -21 -22 -23 23 -25 -26 -27 27 -29 -30 -31
leaf_value=-577.43030916439045 -0.12113388304073286 -125.08844142820838 51.603732349013448 -2.2365398652612782 0 0.04551096248296712 -2.8911504295125838 52.546874605312155 -1.1206355388123965 -0.86417111498313348 -0.76529614183081518 304.76596096583717 -0.88712893372774981 -1.7180935148564651 -5.0300296461165459 57.221982376497067 -0.43478712660414964 -1.2753704065311484 49.066482241495763 -16.254686005351072 -2.3144182889777793 -14.161894443885485 271.17141562806154 -3.5647776066145562 0.39840655055769791 0.29399917427838224 -708.74740917307804 -1.7273334974447185 54.871862059055687 44.410038333221394
leaf_weight=0.029901845611353936 10723.604728096821 0.21820352978403335 0.099975856022449738 1.1327047159878507 0.05036103183374592 296.43127639220398 31.743601736618668 0.15832299871286237 0.3574889056755125 17.49565781528921 78.810951417844052 0.404164311845714 17.293913416272463 0.16602590737063871 0.34432155722878222 0.043476502025908692 223.81581198832504 0.097631940816384377 0.23790402803243083 0.71426685956267544 0.30059282310591418 0.076222273748810521 0.77012195059836208 0.065511325447432212 53.572019175933519 3309.2582030754434 0.019980370079773754 34.631915265860655 0.05440531715885695 1.315549069117991
leaf_count=21656 1943719 28235 491 4692 95 94341 145367 135 391 12296 54668 265 13876 84 1182 261 164801 257 234 11873 3016 18568 1724 202 22942 861898 42284 106908 675 13482
internal_value=-0.0586411 -2.10092 -1.70539 -18.563 -550.513 0.230885 -1.13327 24.4831 37.8991 -0.0104096 0.307029 10.8282 21.7184 271.262 0.203697 38.1488 0.189426 3.31803 8.99384 141.739 197.628 228.691 245.594 259.422 1.50495 0.070501 -2.76614 -20.3493 -619.001 0.0224719
internal_weight=14793.3 330.222 330.004 33.1149 0.0802629 296.889 33.0346 1.29103 0.457465 14463.1 3739.49 35.3598 17.8641 0.57019 3704.13 0.387798 3703.74 134.645 55.8343 2.02435 1.31008 1.00949 0.933265 0.835633 53.8099 3569.1 259.838 34.7063 0.0743857 225.131
internal_count=3570618 295403 267168 171945 21751 95223 150194 4827 882 3275215 1331496 26521 14225 349 1304975 1443 1303532 113484 58816 35640 23767 20751 2183 1926 23176 1190048 328150 149867 42959 178283
cat_boundaries=0 1
cat_threshold=16
is_linear=0
shrinkage=0.05


Tree=34
num_leaves=31
num_cat=1
split_feature=1 4 15 10 4 8 0 2 0 4 0 0 2 4 2 2 0 0 2 4 4 2 4 0 0 4 2 2 10 4
split_gain=698424 5.87279e+07 1.32198e+08 2.14978e+06 306518 1.31799e+06 845127 2.39652e+06 7.76566e+06 1.60306e+06 1.42662e+06 1.15669e+06 864493 640012 9.79254e+06 2.26339e+06 877127 2.05313e+06 1.24217e+06 860808 478035 1.79821e+06 686781 551402 490692 458530 448318 685652 397271 366976
threshold=0 11175.500000000002 29588.280000000177 32.500000000000007 70108.485000000015 6778.9650000000011 14.500000000000002 146082.49500000002 90.500000000000014 5018886.8550000014 15.500000000000002 21.500000000000004 61117.840000000004 194686.41 44286.150000000009 69595.540000000023 153.50000000000003 138.50000000000003 17751.890000000003 208368.36000000002 95654.60000000002 69595.540000000023 91250.360000000015 68.500000000000014 297.50000000000006 104043.79000000002 9581.0200000000023 7527.9700000000003 1.5000000000000002 304151.96000000002
decision_type=9 2 2 2 2 2 2 2 2 2 2 2 2 2 2 2 2 2 2 2 2 2 2 2 2 2 2 2 2 2
left_child=1 2 3 -1 -2 6 -6 10 11 -10 12 -9 -8 20 16 -16 17 19 -19 -15 21 26 23 -23 28 -13 27 -12 -25 -27
right_child=4 -3 -4 -5 5 -7 7 8 9 -11 13 25 -14 14 15 -17 -18 18 -20 -21 -22 22 -24 24 -26 29 -28 -29 -30 -31
leaf_value=-695.66228100067565 -0.16844878393456278 -0.21451074294665184 -1.9405507857204292 -0.7358093469792617 -1.4548631156553433 0.16268946075210888 57.230082560240398 -8.0681647851587375 -15.059988162457627 54.054689946991324 -3.787353679075347 -3.0377673663920732 -0.2021372999392087 37.606811249918309 181.53476800005217 -5.3242881397766428 -3.9795637091389091 87.106962419686312 -0.82657992764342303 -2.9845127185329066 1.4858131658533091 -0.46810942758737806 -0.47304140497630431 64.984991875855684 -0.19154591812809579 179.06365128700344 -1.9013744264284456 47.533458131988027 -0.20932671717093423 -2.4419269404917614
leaf_weight=0.0010533440027092776 8471.9673700557178 331.45577272289643 2.3169030983429431 0.013412457440531668 47.302281327346861 6204.086227001656 1.0795940076214372 0.003319713449378898 2.608711971909738 0.093565691334609347 1.0989990744722549 0.0023480499597895292 0.94614051096141327 0.56166118197316262 0.0013645794245747403 0.12735776945713689 12.753940465351594 0.38565957555925856 0.53916133945991063 7.2905837129995748 101.2831161327986 0.54361594840884198 0.99917663075029839 1.7882103566080338 0.37958993017673481 0.0017810748101552011 13.975991713470737 0.23063134263688567 0.24788793921470631 0.0012847641708965127
leaf_count=26023 1613537 256981 7250 5046 19224 1562084 355 3835 22544 1873 503 446 433 172 4212 12885 4580 114 161 2162 17252 321 336 955 165 1753 3247 106 33 2117
internal_value=-0.0227744 -2.2475 -211.201 -687.205 0.0288023 0.290012 4.33491 6.19596 45.9572 1.28575 5.13727 164.347 39.2027 4.38162 12.1118 155.729 4.37927 15.6907 62.0439 3.83866 2.90441 9.92122 36.0953 45.4445 52.8902 172.946 1.353 21.6951 59.5915 176.392
internal_weight=15204.1 333.787 2.33137 0.0144658 14870.3 6398.33 194.246 146.944 2.71101 2.70228 144.233 0.0087336 2.02573 142.207 21.6597 0.128722 21.531 8.77707 0.924821 7.85224 120.547 19.2641 3.95848 2.9593 2.41569 0.00541389 15.3056 1.32963 2.0361 0.00306584
internal_count=3570705 295300 38319 31069 3275405 1661868 99784 80560 32568 24417 47992 8151 788 47204 24286 17097 7189 2609 275 2334 22918 5666 1810 1474 1153 4316 3856 609 988 3870
cat_boundaries=0 1
cat_threshold=16
is_linear=0
shrinkage=0.05


Tree=35
num_leaves=31
num_cat=1
split_feature=1 4 0 10 3 3 5 4 3 5 5 3 5 15 10 3 5 7 3 3 4 8 5 3 3 10 5 14 3 4
split_gain=576469 2.29876e+07 1.40001e+08 3.49874e+06 1.19334e+06 714812 628690 171131 771306 2.2558e+07 6.16523e+07 8.13073e+07 7.4296e+06 8.12443e+06 7.74132e+06 5.10387e+06 1.26498e+07 5.41408e+06 4.25482e+06 2.40245e+06 495593 1.31345e+06 3.35261e+06 1.1279e+07 8.84406e+06 425687 551094 271386 1.00521e+06 270680
threshold=0 11175.500000000002 16.500000000000004 1.5000000000000002 320.50000000000006 106760.50000000001 13.914684796337584 74208.785000000018 59101.805000000008 10.667059412371819 12.111620500008717 335347.20000000007 12.721126119285062 116598.25000000001 22.500000000000004 55428.500000000007 10.9066800303729 68596.555000000008 181798.76000000004 121858.00000000001 95654.60000000002 6778.9650000000011 11.223157684809204 3151.4250000000006 75854.530000000013 119.50000000000001 9.6169131996603756 716824.68000000005 53.045000000000009 86992.605000000025
decision_type=9 2 2 2 2 2 2 2 2 2 2 2 2 2 2 2 2 2 2 2 2 2 2 2 2 2 2 2 2 2
left_child=1 2 4 -4 -1 -3 -6 8 15 -10 11 -11 13 14 18 27 -17 -18 -12 -14 21 22 23 -9 -25 -23 -27 -2 -29 -24
right_child=7 5 3 -5 6 -7 -8 20 9 10 12 -13 19 -15 -16 16 17 -19 -20 -21 -22 25 29 24 -26 26 -28 28 -30 -31
leaf_value=45.827803801648528 -0.11791309793716527 -0.052617278016768521 -645.8809887455335 -3.1468441970601546 -39.643631038772661 -36.904392358249403 -0.31215871768718156 -5.9363531812350576 -0.23523250224735648 -642.32191618393176 -22.455465376152961 -7.8539240645849935 -0.3462552352435902 -27.703637648158821 -30.47040400275084 -1.446585561007824 236.76712821680422 -0.50748203743554521 233.07255611394157 -75.368912703713562 0.10675315602296072 0.54736579522821815 1.944094841873341 212.42369350445301 -2.9870246583801081 41.466043061153208 -0.4127554184918486 52.51826036397653 -2.6786514958151151 18.91042141085228
leaf_weight=0.23561806624453652 8027.811665798743 322.93626601512864 0.0013378287885869302 0.031700043191848576 0.24906051331817547 0.3212761227774753 5.5338792353868511 3.4648165282346222 208.29442934406711 0.0068862003930781892 0.001764498508069339 1.0635733723441068 2.9835239756359568 0.55502960803665369 0.14826490635884543 3.1070853085441374 0.032210044975548191 0.30779615316981696 0.15894777123246737 0.66952409049822703 6680.1659344725294 151.66522315376568 20.94032999674836 0.38892522427578768 0.683692789850882 0.47067175978167775 1.6440484736780567 0.14341833595612463 2.6469235585590973 1.6989565499948707
leaf_count=298 1172352 232969 23050 12078 2290 23851 788 1595 329748 48199 12735 10625 6891 5063 6133 8466 1803 1036 7088 7586 1619689 28069 2319 870 1601 41 420 201 1991 1540
internal_value=-0.0534581 -2.08854 -91.4591 -629.209 0.720769 -0.202958 -7.6017 -0.00757973 -0.161052 -3.11738 -94.2132 -320.198 7.67098 90.955 162.437 -0.0819705 53.4683 181.883 213.334 -27.34 0.176899 2.75153 12.6771 47.5846 139.923 0.926834 19.227 -0.111612 13.2644 3.96363
internal_weight=15438.4 329.309 6.0516 0.0330379 6.01856 323.258 5.78294 15109.1 8247.93 213.882 5.58751 1.07046 4.51705 0.864007 0.308977 8034.05 3.44709 0.340006 0.160712 3.65305 6861.12 180.957 27.1767 4.53743 1.07262 153.78 2.11472 8030.6 2.79034 22.6393
internal_count=3571385 295324 38504 35128 3376 256820 3078 3276061 1619917 434068 104320 58824 45496 31019 25956 1185849 11305 2839 19823 14477 1656144 36455 7925 4066 2471 28530 461 1174544 2192 3859
cat_boundaries=0 1
cat_threshold=16
is_linear=0
shrinkage=0.05


Tree=36
num_leaves=31
num_cat=1
split_feature=1 3 3 8 3 0 0 14 3 10 3 3 14 2 14 2 7 2 2 3 14 2 3 3 3 2 3 2 6 3
split_gain=536887 8.36625e+06 3.38727e+06 1.22714e+08 2.38635e+06 669111 328973 301343 872086 304892 298037 643900 7.19699e+06 8.15882e+06 3.18535e+06 2.96081e+06 4.97512e+07 5.24101e+07 7.07302e+07 1.12574e+07 1.09985e+07 2.42739e+07 9.64063e+06 5.57152e+06 4.56753e+06 1.15658e+07 7.05513e+07 3.93193e+07 1.16608e+07 3.13586e+06
threshold=0 105516.50000000001 1.0000000180025095e-35 31258.400000000005 106760.50000000001 8.5000000000000018 6.5000000000000009 534277.50000000012 55428.500000000007 1.5000000000000002 31983.000000000004 115033.45000000001 1090831.5700000003 47012.280000000006 1951024.6100000001 40227.305000000008 54001.385000000009 115597.52500000001 42917.55000000001 42964.975000000006 1.4779288903810087e-11 44286.150000000009 57027.320000000007 106760.50000000001 57027.320000000007 104039.41000000002 104316.00000000001 56181.265000000007 33.500000000000007 42964.975000000006
decision_type=9 2 2 2 2 2 2 2 2 2 2 2 2 2 2 2 2 2 2 2 2 2 2 2 2 2 2 2 2 2
left_child=1 2 5 -4 -3 6 -1 -5 -9 -10 -2 12 15 -14 -15 -12 17 18 -17 -20 21 29 -23 -24 -22 26 27 -26 -29 -18
right_child=10 4 3 7 -6 -7 -8 8 9 -11 11 -13 13 14 -16 16 20 -19 19 -21 24 22 23 -25 25 -27 -28 28 -30 -31
leaf_value=-1.3737791018480927 -0.14745550333508703 -2.5638187207852505 -546.55823012707845 -1.4102617631421785 -165.29092274667369 -0.077896783885486695 44.535087223182551 -0.96148089044893303 -0.45971872209012443 59.491930222209582 -0.10844910158023009 0.11818723952068677 -3.4975326692839803 205.58509659797588 -11.572085655750135 -27.483724579624045 104.20592539740818 -26.037678935478194 -16.355511087062467 664.6811373129708 0.25218233718482674 -7.0689646708905345 -343.2541480221081 19.520614047566248 -21.916873094541145 -5.2149584876324386 -5.963706235800835 583.64284595730817 -1.4704246131813719 -12.55910460231145
leaf_weight=0.48161546544479289 10610.288737476143 0.3317645849097357 0.058072245143306556 29.763972425538199 0.0057715300917756665 311.54079097032042 0.25710678228677925 3.2880243008368715 0.24788294893329713 0.027132965957271188 400.80460895025556 3218.0428640342579 1.1247482122875605 0.11094824703599636 0.080011764131645471 0.50681532258137818 0.12578690876216148 1.0471914480393152 0.014607079514684998 0.053640415028551977 62.129299990322139 0.37928231000506091 0.0081294403711970747 0.0044410894167369189 0.3372057973679411 9.0619101330407776 4.9821547443658769 0.016086957638123955 0.087449401704942753 0.79686338241026256
leaf_count=256 1944357 636 29250 68376 30898 156086 917 7463 932 654 240561 845942 1631 4906 3943 2014 274 47308 5448 19547 40580 38281 34400 3871 2204 30940 1819 6503 133 975
internal_value=-0.060535 -1.97577 -1.54525 -16.4398 -126.848 0.0944652 31.0256 0.378983 12.3601 47.4719 -0.0127019 0.373653 2.07663 90.0178 181.275 1.64924 10.3965 224.619 407.804 640.053 3.14761 -104.316 -241.539 -322.38 6.31177 30.6079 81.9622 390.157 535.939 49.2766
internal_weight=14656 346.002 345.665 33.3851 0.337536 312.28 0.738722 33.327 3.56304 0.275016 14310 3699.71 481.671 1.31571 0.19096 480.355 79.5509 1.62225 0.575063 0.0682475 77.9286 1.3145 0.391853 0.0125705 76.6141 14.4848 5.4229 0.440742 0.103536 0.92265
internal_count=3571105 295468 263934 106675 31534 157259 1173 77425 9049 1586 3275637 1331280 485338 10480 8849 474858 234297 74317 27009 24995 159980 77801 76552 38271 82179 41599 10659 8840 6636 1249
cat_boundaries=0 1
cat_threshold=16
is_linear=0
shrinkage=0.05


Tree=37
num_leaves=31
num_cat=2
split_feature=1 4 2 3 3 3 3 8 1 2 3 2 2 3 2 2 3 15 14 15 3 3 10 2 3 7 4 2 2 2
split_gain=756180 2.28518e+07 1.34833e+08 1.08145e+06 693940 240904 1.05638e+06 166365 139948 1.08891e+06 2.15556e+06 1.92934e+06 1.45434e+06 732592 2.47174e+06 1.7309e+06 559697 509505 465466 258202 252955 743693 2.34139e+06 1.99986e+06 464494 3.77237e+07 2.46546e+07 2.15101e+07 1.8991e+07 1.1628e+07
threshold=0 14514.900000000001 946715.66500000015 431.50000000000006 105516.50000000001 78786.345000000016 80678.000000000015 209737.88625000004 1 42917.55000000001 423012.74500000005 89263.535000000018 398568.70500000002 57027.320000000007 125469.93000000001 196805.11000000002 51317.500000000007 469589.16000000009 382928.35000000003 4019877.0850000004 31983.000000000004 32558.170000000002 17.500000000000004 29343.235000000004 61211.880000000012 22786.870000000006 44603.125000000007 42917.55000000001 61117.840000000004 174945.67500000002
decision_type=9 2 2 2 2 2 2 2 9 2 2 2 2 2 2 2 2 2 2 2 2 2 2 2 2 2 2 2 2 2
left_child=1 2 -1 -4 5 -3 7 -7 20 -10 12 -12 13 14 17 16 18 -11 19 -16 -2 22 -22 -24 25 27 29 -23 -29 -26
right_child=8 4 3 -5 -6 6 -8 -9 9 10 11 -13 -14 -15 15 -17 -18 -19 -20 -21 21 24 23 -25 26 -27 -28 28 -30 -31
leaf_value=-562.7937414410286 -0.088546900660827071 -0.4729469688209802 51.717154822589727 -0.76881445867791431 -39.780593311585157 -0.5382159886587744 -1.0682172138073487 59.148531464323639 -0.13154855738741222 -4.092380239144819 -10.522880932179021 -80.822462267271618 -0.36317841376417398 -3.1422709922213983 -110.42607263987735 -6.8563425466102688 -6.7127662730195503 -29.884067191259405 -5.1306569914292339 0 -1.7694355634058878 -54.875083929252085 -0.15841057175101839 105.20116630262565 -177.47523990030558 1.037061553214357 0.42287296066488556 417.12813802329902 -16.750900796659916 -34.131219522958823
leaf_weight=0.24942447545134694 9854.022596994917 278.75666739357325 0.18037653545161436 5.6567624029703447 0.11593803036094996 0.11130553936144197 4.2245222638728945 0.032246613875031777 1744.2550814409392 10.659098759099431 3.0846660872521814 0.73622798504151532 78.68032579318745 9.9823335730409646 0.57426096655083469 1.3225425987686437 0.36581093386207908 1.4644454756621339 0.23462375972596916 0.054831492094692402 4.4868513447036777 0.15900525826941314 0.73300808968898601 0.15550436619288166 1.6681565143870285 363.48375463269457 2555.8387961520875 0.10865536609369195 0.23056128094257769 4.3902003010777468
leaf_count=29137 955065 225393 752 9433 24166 287 5771 236 1308835 78709 80248 299311 21318 89085 40919 71044 2069 12357 5146 133 2426 3661 94 981 34972 72297 146384 1627 20479 27965
internal_value=-0.0772583 -2.56081 -91.3335 8.17928 -0.428636 -0.27255 10.221 52.864 -0.026226 -0.431173 -5.30174 -38.0248 -3.73893 -14.0763 -20.8384 -57.7928 -84.9306 -9.24797 -96.6787 -106.711 0.0327336 0.440448 17.4997 64.2203 0.403137 2.07195 0.165322 252.451 329.919 -93.1535
internal_weight=14926 289.327 6.08656 5.83714 283.241 283.125 4.36807 0.143552 14636.7 1851.41 107.159 3.82089 103.338 24.6579 14.6756 2.55207 1.22953 12.1235 0.863716 0.629092 12785.3 2931.25 5.37536 0.888512 2925.88 363.982 2561.9 0.498222 0.339217 6.05836
internal_count=3570300 295175 39322 10185 255853 231687 6294 523 3275125 2009174 700339 379559 320780 299462 210377 119311 48267 91066 46198 41052 1265951 310886 3501 1075 307385 98064 209321 25767 22106 62937
cat_boundaries=0 1 2
cat_threshold=16 2
is_linear=0
shrinkage=0.05


Tree=38
num_leaves=31
num_cat=2
split_feature=1 4 14 3 0 11 3 1 2 3 2 2 14 3 0 4 3 6 15 4 3 2 7 2 3 3 3 6 2 2
split_gain=418175 2.73578e+07 1.19638e+08 608517 3.54207e+06 1.38735e+06 195550 135450 1.14214e+06 8.7145e+06 1.16044e+06 2.09333e+06 2.62548e+06 2.18832e+06 606637 463839 582145 331329 275082 214836 2.4416e+07 2.00391e+07 1.56881e+07 1.21013e+07 4.13534e+06 7.12377e+06 1.84753e+06 1.67828e+06 1.53067e+06 3.12905e+06
threshold=0 14514.900000000001 46370.130000000041 78786.345000000016 13.500000000000002 1.0000000180025095e-35 104316.00000000001 1 42917.55000000001 500122.64000000007 199425.23500000002 129384.09000000001 5.8093974075745798e-11 49735.500000000007 321.50000000000006 517764.03000000009 57027.320000000007 55.500000000000007 4019877.0850000004 44603.125000000007 42964.975000000006 59366.585000000014 726910.43000000005 144041.90000000005 55428.500000000007 60121.000000000007 321264.32500000007 3.5000000000000004 201885.82500000004 199425.23500000002
decision_type=9 2 2 2 2 2 2 9 2 2 2 2 2 2 2 2 2 2 2 2 2 2 2 2 2 2 2 2 2 2
left_child=1 2 -1 -3 5 -5 -6 8 -2 10 11 15 13 14 18 -10 -17 -11 -13 20 -9 24 23 -23 -22 -26 28 -24 29 -25
right_child=7 3 -4 4 6 -7 -8 19 9 17 -12 12 -14 -15 -16 16 -18 -19 -20 -21 21 22 27 26 25 -27 -28 -29 -30 -31
leaf_value=-576.36685063458503 -0.13909113390654931 -0.19421134803619797 -0.8701403136803304 109.45700838602086 -2.5201725388784304 -4.6502218970165492 -29.956463202372305 -0.09717465250734296 -3.3458744890216412 -151.02897432071202 -0.79311039547585505 -149.0199341087542 -5.7375208994623108 -14.399422534224431 -0.49738366793092503 -52.105703398582762 -0.73529233081235157 -0.47315760859253192 0 0.24354173181776304 -27.520202897406929 -395.51030770658099 42.556741325371036 -55.051907329400365 175.62783863952149 -29.448324705350423 7.8939309460722713 -33.226864622171156 -140.53671178109579 53.594438098963543
leaf_weight=0.10969038252351992 1481.0721357829866 346.94688404361943 4.866588298854996 0.10284697292951328 1.9119901803504959 0.24830928229747817 0.18356970287561036 6684.5362714415405 18.477818660140681 0.061669799674294201 68.677065226536357 0.017609688121401894 2.3848125323621141 1.000147860269843 0.086160592734935815 0.17243473920669172 1.0968416861357897 0.04444474676553134 0.031962934881455025 5675.7998336073824 0.48420883441370527 0.010202521807109233 0.24515635520277879 0.89033017616858845 0.010561820498730889 0.31623192617003543 0.32266761483765205 0.77359684917758698 0.25263237515042702 0.09250815957795544
leaf_count=35572 1286866 225227 3675 658 5673 1284 22927 156686 100504 372743 123328 27063 26144 15503 508 21842 12330 325 56 1047300 3514 21282 742 10374 637 13174 5250 4392 25280 421
internal_value=-0.0823204 -1.75212 -107.876 0.0128995 20.9185 85.0415 -13.826 -0.0384549 -0.473765 -5.85006 -4.12617 -13.5258 -44.3344 -84.7411 -134.002 -6.16051 -27.6023 -145.412 -144.483 0.0173041 -0.174676 -117.944 -171.894 -237.764 54.0398 104.551 -82.5244 -2.94056 -99.1088 -22.9514
internal_weight=14291.2 354.37 4.97628 349.394 2.44672 0.351156 2.09556 13936.9 1573.12 92.051 91.9449 23.2678 3.52069 1.13588 0.135733 19.7471 1.26928 0.106115 0.0495726 12363.7 6687.93 3.3981 2.58709 1.56834 0.811003 0.326794 1.55814 1.01875 1.23547 0.982838
internal_count=3571280 295016 39247 255769 30542 1942 28600 3276264 1987212 700346 327278 203950 69274 43130 27627 134676 34172 373068 27119 1289052 241752 85066 67741 62607 17325 13811 41325 5134 36075 10795
cat_boundaries=0 1 2
cat_threshold=16 9
is_linear=0
shrinkage=0.05


Tree=39
num_leaves=31
num_cat=1
split_feature=1 4 14 10 5 5 5 7 5 5 9 5 14 0 8 15 7 8 5 5 9 6 10 12 6 5 5 0 5 8
split_gain=587361 4.43729e+07 1.40159e+08 145752 1.51697e+06 196018 1.1051e+06 117245 743536 3.98535e+06 923870 686894 1.11208e+06 1.568e+06 1.04981e+06 742653 516897 1.65365e+06 2.58527e+06 1.09022e+06 147524 947370 219077 96334.9 658173 1.37688e+06 2.40342e+06 1.1969e+06 105754 102956
threshold=0 11175.500000000002 61577.530000000006 6.5000000000000009 11.641451212708217 11.724388948763094 11.62353523261015 8443060.9150000028 12.493906218979186 12.721126119285062 2077049.0300000003 13.05759033274378 1.4460965758189562e-10 186.50000000000003 362477.74571428576 184397.61500000011 8819061.0100000035 280634.12656250008 11.020575444251429 12.032857301041735 2845980.6800000002 22.500000000000004 4.5000000000000009 10.500000000000002 11.500000000000002 12.721126119285062 10.6343714129176 11.500000000000002 11.020575444251429 261566.37565656571
decision_type=9 2 2 2 2 2 2 2 2 2 2 2 2 2 2 2 2 2 2 2 2 2 2 2 2 2 2 2 2 2
left_child=1 2 -1 5 -5 6 -3 20 16 10 -10 12 13 14 15 -11 17 18 -9 -20 23 -22 -23 29 25 26 -25 28 -28 -2
right_child=7 3 -4 4 -6 -7 -8 8 9 11 -12 -13 -14 -15 -16 -17 -18 -19 19 -21 21 22 -24 24 -26 -27 27 -29 -30 -31
leaf_value=-662.9213190310229 -0.050077543324299423 -1.220219804520343 -1.0050002104551574 -0.60957776781468453 -58.754079927610178 -0.071295500370398474 55.374968049304812 -0.39289344530247672 117.4578775279353 -0.41586330759905404 -3.6120069165039568 -0.83509384071894677 -4.534524598193765 -1.43113568708035 -0.56636398352028927 108.39186265112357 -0.014137640370352264 -1.2067911342834519 119.64001764745234 -0.25009201350031129 1.4204717517019982 52.626561320300688 -0.26989510205991724 -0.30278438243983813 -0.89644892667951681 -0.25214999957446887 -0.045074228655890031 -1.6346799739631224 119.72849585544132 -0.5331037283158917
leaf_weight=0.053439996760512698 12565.78557227182 4.4422581702392563 3.333699771645346 16.787473842800559 0.20384392544721208 323.89977689301747 0.058431674677818957 1.4403515922463319 0.0098900103208338502 0.17326235956224395 0.1181340920142548 14.935100556082963 2.1774127340831306 1.1971350158444052 0.36824836833468233 0.12529787546299148 357.88901079854651 6.7393118267439203 0.022391113765479559 0.22758491274354262 28.517958684237968 0.15841165360109333 0.2231025361590343 1.4023592014756103 28.957913778426278 4.7833034967394363 0.017919193429406753 0.23030286727168145 0.014957029250933125 1208.4052637811237
leaf_count=34932 2765881 17919 3441 16656 107106 113177 1925 358 3237 104 3359 2602 4488 1302 300 180 42591 3956 648 469 9787 104 138 242 12754 387 44 1047 497 420488
internal_value=-0.104678 -2.09988 -160.175 -0.152364 -4.53433 0.0874194 9.44697 -0.054096 0.804897 10.1672 101.572 4.49657 20.4584 41.0451 72.414 93.5499 0.290264 11.8455 44.9919 97.6074 -0.0781162 3.43025 43.8853 -0.0857064 2.48294 15.7416 44.5388 94.5648 117.602 -0.0924893
internal_weight=14572.7 348.779 3.38714 345.392 16.9913 328.4 4.50069 14223.9 385.423 19.1045 0.128024 18.9765 4.04136 1.86394 0.666809 0.29856 366.319 8.42964 1.69033 0.249976 13838.5 28.8995 0.381514 13809.6 35.4068 6.44884 1.66554 0.263179 0.0328762 13774.2
internal_count=3570119 295156 38373 256783 123762 133021 19844 3274963 63594 15572 6596 8976 6374 1886 584 284 48022 5431 1475 1117 3211369 10029 242 3201340 14971 2217 1830 1588 541 3186369
cat_boundaries=0 1
cat_threshold=16
is_linear=0
shrinkage=0.05


Tree=40
num_leaves=31
num_cat=1
split_feature=1 3 3 7 7 3 2 8 0 15 2 2 8 7 0 2 2 0 2 6 14 2 0 0 0 2 2 0 10 10
split_gain=507466 9.9486e+06 2.86836e+06 1.04201e+08 2.35701e+07 466674 840439 341587 265297 622414 298712 206658 147124 767842 518654 200395 4.28392e+06 1.15696e+06 451343 1.09806e+06 3.10416e+06 126230 782438 508663 88381.7 86643.3 504276 85731.6 1.78564e+06 4.96313e+06
threshold=0 102884.74500000001 1.0000000180025095e-35 54001.385000000009 38508.680000000008 78786.345000000016 123547.48500000002 486400.04218750005 8.5000000000000018 142183.89999999994 1104257.6900000002 121498.39000000001 501255.36000000004 512777.40500000009 129.50000000000003 87477.99000000002 91150.985000000015 135.50000000000003 154728.65500000003 3.5000000000000004 2.0725110516650605e-10 171.64000000000001 15.500000000000002 12.500000000000002 14.500000000000002 201885.82500000004 174945.67500000002 122.50000000000001 63.500000000000007 73.500000000000014
decision_type=9 2 2 2 2 2 2 2 2 2 2 2 2 2 2 2 2 2 2 2 2 2 2 2 2 2 2 2 2 2
left_child=1 2 8 4 -4 -5 11 -3 9 10 -1 -7 21 14 -14 -15 17 -17 19 -18 -21 22 23 -2 -25 26 -10 28 -23 -30
right_child=12 7 3 5 -6 6 -8 -9 25 -11 -12 -13 13 15 -16 16 18 -19 -20 20 -22 27 -24 24 -26 -27 -28 -29 29 -31
leaf_value=49.791035503557708 -0.3717314581302999 -159.13091397665193 -571.83660162950127 -1.2780828474965753 -0.47599844707185507 -3.1255223833479078 -1.6543321828350521 -3.416161495484066 -0.89092666080482541 -2.103928121663869 -3.8120218897769571 60.570271298584863 55.497803546887248 -0.75696908815637665 -1.4053564289062201 116.03556937108911 -1.2199632580223168 -0.81027269401498048 -0.058940176675132933 98.912942114475953 -2.6584686119498624 0.068705536691472835 1.1259454509631435 -0.28198874827560622 59.276235118732941 0.11857514803280761 -37.559360355902044 -0.14718296345671567 91.012211745969125 4.8400885217299354
leaf_weight=0.18534737361857967 0.6148702748938244 0.038748275657467357 0.0012387489348263383 37.770320899216614 0.22225436391865516 0.03884572267030928 1.5606216275519094 0.082959547944000234 10.24773655970449 2.1120399136455479 0.16335076853575137 0.0097033903002738953 0.093783500225504524 70.61352892066401 0.5558787276748306 0.048536062240600253 5.3667195405150396 0.24813905360537025 65.762882069751768 0.19960299151938765 1.8825964148818941 3778.3161182811832 95.64379011366583 0.056091945050625806 0.030025241427088463 300.25690413383165 0.038276131666292623 10092.493071546722 1.0095389653319351 10.712461044603589
leaf_count=496 565 31333 28984 70222 973 741 4691 1476 34449 560 93 8 216 19293 556 267 7030 538 36835 2581 4304 757631 13056 229 112 116393 5144 2429396 319 1930
internal_value=-0.089548 -1.93357 -1.51097 -14.0142 -468.439 0.101742 20.5678 -150.664 0.110591 13.8778 40.4686 55.225 -0.0419622 1.53825 35.4685 1.14192 2.95177 93.0465 1.33774 12.2165 36.0093 -0.0584669 1.73577 35.3606 55.9361 -0.0426789 -4.34369 -0.0710434 0.131693 18.8325
internal_weight=14476.4 352.728 352.607 39.603 0.223493 39.3795 1.60917 0.121708 313.004 2.46074 0.348698 0.0485491 14123.6 144.772 0.649662 144.122 73.5085 0.296675 73.2118 7.44892 2.0822 13978.9 96.3448 0.700987 0.0861172 310.543 10.286 13882.5 3790.04 11.722
internal_count=3570421 295563 262754 105619 29957 75662 5440 32809 157135 1149 589 749 3274858 71620 772 70848 51555 805 50750 13915 6885 3203238 13962 906 341 155986 39593 3189276 759880 2249
cat_boundaries=0 1
cat_threshold=16
is_linear=0
shrinkage=0.05


Tree=41
num_leaves=31
num_cat=1
split_feature=1 4 0 3 3 0 4 11 3 0 15 9 9 15 2 3 8 8 2 4 3 0 0 2 4 3 2 0 0 15
split_gain=384471 8.20761e+07 9.78102e+07 977680 723172 3.20876e+06 1.70399e+06 423200 163717 144117 131190 141523 399500 966799 1.60799e+06 2.15181e+06 343777 807437 109765 330027 8.15894e+06 1.38844e+07 8.14565e+06 417628 393669 139929 118274 694197 558745 116786
threshold=0 11175.500000000002 13.500000000000002 7053.5000000000009 78786.345000000016 13.500000000000002 549078.44000000006 1.0000000180025095e-35 4545.0000000000009 10.500000000000002 1585425.8250000002 2409252.8800000004 2535405.5400000005 367342.14000000001 105954.84000000001 20027.500000000004 320849.88333333336 315802.79222222226 3416.6600000000003 245084.50000000003 3151.4250000000006 14.500000000000002 249.50000000000003 3244.5300000000007 5018886.8550000014 34775.000000000007 3244.5300000000007 288.50000000000006 301.50000000000006 1546753.2400000002
decision_type=9 2 2 2 2 2 2 2 2 2 2 2 2 2 2 2 2 2 2 2 2 2 2 2 2 2 2 2 2 2
left_child=1 2 3 8 -3 6 7 -6 9 -1 11 18 13 -13 -15 -16 17 -14 19 26 21 -21 23 24 -23 -22 -2 -28 -29 -20
right_child=10 4 -4 -5 5 -7 -8 -9 -10 -11 -12 12 16 14 15 -17 -18 -19 29 20 25 22 -24 -25 -26 -27 27 28 -30 -31
leaf_value=56.227296560340896 0.018066257122715725 -0.19032824008344001 -669.2896935436271 -13.779256205879998 120.22008673916457 -13.901556639968238 -4.1993063331599343 -1.3697052118389461 -1.3571114725987448 -2.6970020523332749 -1.2344835156372387 -0.67399087386697698 -0.71168128056374202 -0.54864487185420396 -0.35185064863463711 108.37156444802504 -0.91087774359106755 46.791621061778443 -0.11199593397316157 -0.48631182615710344 -13.89613827253018 266.64495087510153 -6.4355910476103944 -0.78745513683471757 -1.1387193905742137 -0.14523671409041805 -0.59501749572600404 56.391153345838326 -0.22532156359416988 5.9114139156864383
leaf_weight=0.012086899952109972 381.16813993786241 356.03760816811518 0.0056851997110248789 0.88314354210160673 0.0083141811831490831 1.7754295341147681 0.34225378152790897 0.052972202841223059 0.10604718439253703 0.018134871013456122 244.57044928209325 6.0666094042130085 2.7660196730968476 1.9131639948029864 0.75625799100484692 0.11849668068510266 40.997927432347353 0.30175142695234436 11751.026599406936 2.2848879888477436 0.9154907820207886 0.10338764970373192 0.31743721931498675 0.0090133720274633705 0.005283175347614715 54.908874545710766 8.1343519393603092 0.080018346527891082 0.7169881563728544 7.0530093381221368
leaf_count=243 249145 226279 36239 1737 466 28727 1172 321 94 201 173614 2538 1353 435 499 460 19154 200 2792781 197 3919 3454 1832 211 230 7360 11891 263 791 5171
internal_value=-0.137349 -1.72537 -319.191 13.22 0.0211118 23.7634 81.3164 112.856 46.3358 52.5673 -0.0901392 -0.0672847 2.48868 11.5905 31.4122 64.3232 0.443039 14.3139 -0.078569 0.688134 4.15538 75.854 197.739 261.49 264.337 -0.611409 0.158478 5.54521 33.6736 -0.10788
internal_weight=12863.5 359.242 1.0251 1.01941 358.217 2.17897 0.40354 0.0612864 0.136269 0.0302218 12504.2 12259.6 52.9202 8.85453 2.78792 0.874755 44.0657 3.06777 12206.7 448.644 58.5444 2.72001 0.435121 0.117684 0.108671 55.8244 390.099 8.93136 0.797007 11758.1
internal_count=3570977 295479 38514 2275 256965 30686 1959 787 538 444 3275498 3101884 24639 3932 1394 959 20707 1553 3077245 279293 17203 5924 5727 3895 3684 11279 262090 12945 1054 2797952
cat_boundaries=0 1
cat_threshold=16
is_linear=0
shrinkage=0.05


Tree=42
num_leaves=31
num_cat=2
split_feature=1 4 2 3 3 0 1 2 2 3 3 9 2 0 9 4 3 3 4 9 2 3 4 8 2 3 8 4 3 2
split_gain=452477 1.31899e+08 3.3484e+07 446278 180345 932113 115557 981402 902987 596772 812507 458439 325477 236808 232138 142050 1.51214e+06 9.98836e+06 2.26764e+07 1.67022e+07 5.02162e+06 3.51297e+06 2.18967e+06 1.64887e+06 1.28057e+06 2.56205e+06 993951 400095 842652 1.13796e+07
threshold=0 11175.500000000002 1664289.3950000003 91389.24500000001 78786.345000000016 16.500000000000004 1 42917.55000000001 76649.840000000011 423012.74500000005 2967219.4800000004 2312893.4400000004 199425.23500000002 212.50000000000003 87417.665000000023 61625.245000000003 42964.975000000006 125479.34000000001 1685.8400000000004 688655.62500000012 201885.82500000004 290745.03000000009 44603.125000000007 245457.69222222225 189306.45500000005 196097.88500000004 230259.7604261364 112890.87500000001 174408.02000000005 174945.67500000002
decision_type=9 2 2 2 2 2 9 2 2 2 2 2 2 2 2 2 2 2 2 2 2 2 2 2 2 2 2 2 2 2
left_child=1 2 -1 4 -3 -6 15 -8 11 12 -11 -9 14 -12 -10 16 -2 18 19 -18 24 -22 23 -20 25 -19 -24 28 -17 -30
right_child=6 3 -4 -5 5 -7 7 8 9 10 13 -13 -14 -15 -16 27 17 20 22 -21 21 -23 26 -25 -26 -27 -28 -29 29 -31
leaf_value=-643.46294052022313 -0.11351644658928245 -0.17995600401981199 -0.72557915965948594 -28.272320924704271 45.569541806376648 -0.47656570029188328 -0.22851030299046271 -57.307847899544868 -3.8803297109399075 -62.91661184783635 -4.1089179405993139 -1.8291585443544021 -1.0967633775627414 -32.030768207582518 -16.147351272528081 1.109024898599154 -346.18910632697208 -89.030029081856057 -97.253451578661824 59.453344425638193 -133.9595651194455 -6.7008929265220534 -4.48240658370755 -1.4178820392132134 1.1544524517357444 -7.0524881301837627 50.125859248228721 0.0091881948214829808 -0.54931620150442917 144.8668261007175
leaf_weight=0.0017400041670171387 5760.0273819721924 356.13652550914202 0.2568691984210294 0.4030972406939658 0.33300166960152378 6.1473484623390293 1094.3469492265644 0.32353590586161352 9.6365068638097657 0.01077368148421598 4.6264368145169357 0.61352087072918615 35.674350521579882 0.023821301913869664 6.5764631541218597 483.96224556300757 0.021389527322567825 0.15746202412065269 0.025096399335054365 0.0042787962593138209 0.21963821030354824 1.1801898811178342 2.21989621151224 0.85230174671309589 76.680982995501381 6.6943873937937548 0.21195807836525382 5454.3570928199106 14.707235220098656 0.4800082186958371
leaf_count=34643 167768 226227 3831 28319 193 2305 1308933 127755 42461 115362 126743 2134 120935 78756 86612 50218 40454 6787 10724 243 7730 5387 3063 296 1061 13693 156 954054 2664 1616
internal_value=-0.135184 -1.84918 -512.867 -0.128028 -0.0190606 7.66449 -0.0854827 -0.561114 -6.87656 -5.61906 -21.1122 -40.6831 -3.85435 -9.89642 -9.5055 -0.0385823 -0.213617 -6.67135 -80.7152 -286.527 -2.85847 -74.1705 -12.9971 -54.5039 -0.800097 -20.0358 13.4949 0.133301 1.48678 12.7119
internal_weight=13316.9 363.279 0.258609 363.02 362.617 6.48035 12953.6 1151.83 57.4854 56.5484 4.66103 0.937057 51.8873 4.65026 16.213 11801.8 5848.29 88.2676 3.33492 0.0256683 84.9327 1.39983 3.30925 0.877398 83.5328 6.85185 2.43185 5953.51 499.149 15.1872
internal_count=3571123 295518 38474 257044 228725 2498 3275605 2009691 700758 570869 320861 129889 250008 205499 129073 1265914 257362 89594 54936 40697 34658 13117 14239 11020 21541 20480 3219 1008552 54498 4280
cat_boundaries=0 1 2
cat_threshold=16 2
is_linear=0
shrinkage=0.05


Tree=43
num_leaves=31
num_cat=1
split_feature=1 3 3 9 10 5 14 9 10 15 9 9 0 3 7 15 15 8 3 6 0 7 9 6 0 3 3 0 3 8
split_gain=474241 9.81566e+06 2.86741e+06 1.08919e+08 9.10999e+06 415006 406908 668771 343922 181670 155935 542179 939104 1.38297e+06 1.91549e+06 863884 264789 587794 447869 277049 927699 1.93282e+06 1.8287e+06 3.5363e+06 1.2436e+06 772267 634337 401004 761488 242834
threshold=0 99704.085000000006 1.0000000180025095e-35 49026.045000000006 2.5000000000000004 14.689456181532107 534277.50000000012 363166.03500000009 1.5000000000000002 2476705.5000000005 1338260.6950000003 1368278.8950000003 177.50000000000003 52787.680000000008 5342983.4350000015 1372145.7050000003 2312127.2950000004 621196.5947222223 152370.96000000005 22.500000000000004 159.50000000000003 9657104.8350000028 2409252.8800000004 29.500000000000004 139.50000000000003 99704.085000000006 49116.785000000011 310.50000000000006 267587.45500000002 264512.57848214294
decision_type=9 2 2 2 2 2 2 2 2 2 2 2 2 2 2 2 2 2 2 2 2 2 2 2 2 2 2 2 2 2
left_child=1 2 -1 4 -4 -3 -5 8 -8 10 29 12 13 -12 15 -15 19 -18 -19 -13 21 22 23 -21 -24 26 -25 -22 -29 -2
right_child=9 5 3 6 -6 -7 7 -9 -10 -11 11 16 -14 14 -16 -17 17 18 -20 20 27 -23 24 25 -26 -27 -28 28 -30 -31
leaf_value=0.12731721426452289 -0.048866170446992291 -156.379617105242 -539.2185800847559 -1.2051348412734786 -0.1753134780155467 -6.7579982367115576 -0.45215905836173181 -2.4855215412677132 57.263722219351024 -2.3683021117979255 -0.78083600109548101 0.060703404470230232 -1.7974902803703288 116.91328925770411 -0.50773611985282063 -0.73013276438257735 -1.4443250349705385 -0.24892931148422598 54.140946856105181 -1.1710341334591916 0.005836455939452978 -1.5066622235987317 -0.71586607752517484 -0.31283896700668512 111.65313861547436 -0.53899219229518314 117.16339568736917 -0.48113749135223061 48.632358523116125 -1.1591695106231568
leaf_weight=311.71325873034596 11754.316950282266 0.06819133470135974 0.042050149735467682 35.428206619202783 0.085479850318944825 0.1473786230311942 0.32025112413106804 1.6038367144420997 0.061943350983663992 84.273899340125354 1.6621349681135422 634.02835232391374 4.2813261348704836 0.039813714253002397 0.76678863017401644 0.16899585759295244 2.5993151994580184 0.55660607698531794 0.12416557546384865 5.2237425577691381 76.542398456107364 8.6732041387985674 0.30138952470405056 0.12307206917294741 0.092805075673645043 0.19378557548320871 0.043139771412417927 2.0960113128611009 0.24730607044970288 512.99613492120443
leaf_count=157274 2755409 33234 26521 65632 2858 1535 777 7628 415 93111 1320 83087 4344 294 345 266 2633 508 259 3376 36158 5798 320 506 155 322 36 836 349 285571
internal_value=-0.117364 -1.90652 -1.46304 -14.3288 -498.513 -143.803 0.255792 17.9944 43.5603 -0.0679446 -0.052909 0.652587 13.6665 32.3618 60.6436 99.8582 0.510869 12.9127 35.9781 0.437304 2.96235 14.0836 33.6781 17.3032 86.8448 89.1274 104.493 0.746346 17.6964 -0.0953881
internal_weight=13438.8 349.471 349.255 37.5418 0.12753 0.21557 37.4142 1.98603 0.382194 13089.4 13005.1 737.764 6.91906 2.63773 0.975598 0.20881 730.845 3.28009 0.680772 727.565 93.5369 14.6511 5.97793 5.58374 0.394195 0.359997 0.166212 78.8857 2.34332 12267.3
internal_count=3570877 295874 261105 103831 29379 34769 74452 8820 1192 3275003 3181892 140912 6569 2225 905 560 134343 3400 767 130943 47856 10513 4715 4240 475 864 542 37343 1185 3040980
cat_boundaries=0 1
cat_threshold=16
is_linear=0
shrinkage=0.05


Tree=44
num_leaves=31
num_cat=0
split_feature=0 0 3 6 2 4 2 8 3 3 2 2 4 14 7 9 2 6 4 3 2 7 2 0 2 0 0 8 3 3
split_gain=125643 477856 446718 265357 263860 1.76782e+06 9.71824e+06 2.63063e+07 1.3512e+06 1.06861e+06 794975 642689 1.50355e+06 1.13817e+06 2.19107e+06 1.2448e+06 1.13196e+06 1.13242e+06 884084 542411 1.75349e+06 308272 257294 190232 864038 3.85027e+06 3.48163e+06 258780 1.87004e+06 1.09911e+07
threshold=122.50000000000001 121.50000000000001 2967219.4800000004 10.500000000000002 172587.78000000003 44603.125000000007 294976.2950000001 52577.587500000009 203917.35500000001 200540.16500000001 199425.23500000002 189306.45500000005 86992.605000000025 2.501110429875553e-11 83446.195000000022 2845980.6800000002 174945.67500000002 8.5000000000000018 133936.55000000002 1.0000000180025095e-35 204502.29500000001 531684.25000000012 199425.23500000002 47.500000000000007 74842.735000000015 90.500000000000014 53.500000000000007 85712.236250000016 167538.55500000002 24156.000000000004
decision_type=2 2 2 2 2 2 2 2 2 2 2 2 2 2 2 2 2 2 2 2 2 2 2 2 2 2 2 2 2 2
left_child=1 23 3 -3 -2 6 8 -8 9 19 -10 12 21 14 -14 16 -16 18 -18 -6 -21 -7 -11 -1 25 26 -25 28 29 -26
right_child=4 2 -4 -5 5 11 7 -9 10 22 -12 -13 13 -15 15 -17 17 -19 -20 20 -22 -23 -24 24 27 -27 -28 -29 -30 -31
leaf_value=-0.14233219188924298 -0.12042455133740937 49.015249658429553 -0.086552027281867991 -0.054464212384288668 2.4978829880023143 -3.3607709159063521 -304.95862909172109 -9.3645862965679765 -8.7924111098371807 -1.6316029080028693 -72.824288690906386 -0.39264027014906167 -1.1209403680753898 -1.4590473200189527 -3.5066963556770037 -0.30024222363193198 -4.5858036973119427 -20.802042047047777 -130.42438548334019 -4.2720708600968278 -70.678008808343833 54.096084464199002 52.489997596939908 -0.59319136976065812 -0.59464161517988001 0.84202501611717406 67.817485732910598 0.10306158611958241 0.78480185366388366 136.17664715679496
leaf_weight=3119.6492488258409 7864.6255977020837 0.24264755977876662 1.4546040380026566 0.35089077916648392 23.440461165755096 0.15608091908626831 0.015533757992001518 3.1726586065813729 1.5511343688668389 0.19894498618588485 0.0353222781527055 1126.2333126073029 4.4847945103369282 10.809627469108772 0.69677579056201566 0.94503101607735862 0.24213303930680219 1.1659198677323717 0.25418579411541231 12.312494846056495 0.099202270232663703 0.11123320618894028 0.15092005953192711 3.1353531426656067 8.5461985796079158 38.807590372173436 3.510364294052124 1328.338460048285 143.2839050320886 0.7715972601411768
leaf_count=819315 1886608 211 90 40 170 1387 46195 23246 1567 98 4270 621087 3117 30198 4011 359 678 7160 15452 21557 46081 390 286 3702 804 20180 60 10742 655 477
internal_value=-0.116814 0.0944729 19.8851 38.173 -0.225322 -0.920181 -10.9984 -83.276 -2.91049 -0.404719 -37.8248 -0.550254 -9.46568 -12.4638 -25.8322 -51.3197 -65.5827 -80.5105 -113.129 -1.99478 -10.0335 44.3639 43.3011 0.0814701 0.538675 7.25347 39.6854 0.327825 2.27086 22.8313
internal_weight=13698.8 4648.09 2.04814 0.593538 9050.7 1186.08 40.9767 3.18819 37.7885 36.202 1.58646 1145.1 18.8658 18.5985 7.78884 3.30405 2.35901 1.66224 0.496319 35.8522 12.4117 0.267314 0.349865 4646.04 1526.39 45.4533 6.64572 1480.94 152.602 9.3178
internal_count=3570193 856276 341 251 2713917 827309 143470 69441 74029 68192 5837 683839 62752 60975 30777 27660 27301 23290 16130 67808 67638 1777 384 855935 36620 23942 3762 12678 1936 1281
is_linear=0
shrinkage=0.05


Tree=45
num_leaves=31
num_cat=1
split_feature=1 4 2 8 4 0 2 3 3 3 4 2 14 14 4 2 8 4 7 2 4 8 2 2 15 2 14 13 3 2
split_gain=458216 1.12789e+06 2.55446e+07 5.27774e+07 5.41009e+07 1.84644e+07 474338 256847 686643 200720 412349 1.99414e+06 2.26745e+06 847157 349220 5.96992e+07 1.1234e+08 4.2861e+06 1.05136e+06 2.70792e+07 1.37547e+07 4.69481e+06 544457 352016 268737 2.21882e+06 649726 194934 154647 1.08842e+06
threshold=0 61625.245000000003 44286.150000000009 13376.500000000002 18188.925000000003 12.500000000000002 35414.430000000008 34775.000000000007 107996.56000000001 152370.96000000005 11795543.310000001 41537.310000000005 4.6748027671128522e-10 1.1596057447604836e-10 387060.48500000004 299238.00000000006 62363.242500000008 240623.53500000003 531684.25000000012 174945.67500000002 70108.485000000015 190330.22891025647 441427.84500000003 42917.55000000001 5.1613824325613684e-11 35414.430000000008 2.0725110516650605e-10 7.5000000000000009 300659.00000000006 71381.690000000017
decision_type=9 2 2 2 2 2 2 2 2 2 2 2 2 2 2 2 2 2 2 2 2 2 2 2 2 2 2 2 2 2
left_child=9 2 6 4 5 -4 -2 -8 -9 -1 14 -12 13 -13 15 18 -17 22 28 23 -21 -22 27 -20 25 -16 -27 -18 -11 -30
right_child=1 -3 3 -5 -6 -7 7 8 -10 10 11 12 -14 -15 24 16 17 -19 19 20 21 -23 -24 -25 -26 26 -28 -29 29 -31
leaf_value=-0.12250770443641289 -0.67168228846765521 -0.42076734004202376 35.133845434241287 -4.3073846121710373 -5.7801199915305492 -608.26119095902914 -2.5074368100997981 -51.284161941630686 -0.96614258777597672 0.12789252827311612 -0.26400611519582334 -3.94610117317362 -3.1511701449395848 113.84231970206594 -0.22454088016985374 631.26152114656543 -53.338852899562646 91.142253585712496 -0.33171060515911405 -14.814345508562827 339.89502092819811 -13.807816294141805 -2.3204891656894797 -26.257380149224204 -0.032960482240069831 -84.922907899432658 -3.0190637796621247 -0.73852260475139775 -0.40354482738501291 -40.029507178294573
leaf_weight=8701.5575034485446 155.11101974759339 973.56579779598303 0.0091993728230513015 3.885651245594 0.76228859861554654 0.025869007143095233 2.256403462644522 0.39523084304682687 1.3959384797487884 808.75470600138567 8.6345484533374144 0.10249406295721697 0.86476032162751626 0.068331618002048344 13.039228137377011 0.081391364467582217 0.24814164724372267 0.1110519346462836 23.671539506061773 0.32017135282958237 0.0038990998632112651 0.020725271416658173 1.6766141653060913 0.38777802327988098 1546.3736418133656 0.087442363586178684 0.41052274188087651 0.23845619460441059 17.215194644218567 0.92957743743347165
leaf_count=1165709 1167527 915638 4249 63186 9729 108726 23202 5778 6936 19407 125 299 497 74 680 4417 2289 963 1676 901 1148 702 985 4990 40011 5982 190 41 4592 10495
internal_value=-0.108678 -1.05952 -4.8937 -109.058 -333.114 -568.595 -1.167 -16.254 -26.4667 -0.0104146 0.391937 10.2001 54.7187 100.156 0.34843 1.1608 211.641 8.41369 0.330741 10.3497 228.703 319.26 -23.3023 -1.7809 -0.0965954 -6.86306 -64.4956 -45.4017 0.0229024 -4.41874
internal_weight=12262.2 1137.41 163.842 4.68301 0.797357 0.0350684 159.159 4.04757 1.79117 11124.8 2423.24 9.67013 1.03559 0.170826 2413.57 853.659 2.35566 2.27426 851.304 24.4041 0.344796 0.0246244 2.16321 24.0593 1559.91 13.5372 0.497965 0.486598 826.899 18.1448
internal_count=3571144 2304971 1389333 185890 122704 112975 1203443 35916 12714 1266173 100464 995 870 373 99469 52606 8695 4278 43911 9417 2751 1850 3315 6666 46863 6852 6172 2330 34494 15087
cat_boundaries=0 1
cat_threshold=2
is_linear=0
shrinkage=0.05


Tree=46
num_leaves=31
num_cat=1
split_feature=1 4 2 3 4 2 2 10 6 3 9 9 2 3 15 3 4 4 15 2 3 10 6 0 3 2 11 4 0 7
split_gain=523470 2.32419e+06 7.36902e+07 7.96053e+07 7.27537e+06 962899 575489 502730 249785 188121 166224 244388 845916 3.73892e+06 206413 710699 189774 653963 109565 312572 974589 201917 219115 99943.9 439263 2.78663e+06 2.22514e+06 233101 91363.5 657472
threshold=0 14514.900000000001 42917.55000000001 163.50000000000003 11175.500000000002 946715.66500000015 35414.430000000008 21.500000000000004 2.5000000000000004 107996.56000000001 2409252.8800000004 2535405.5400000005 105954.84000000001 47431.245000000003 10446370.240000004 75854.530000000013 4842762.5450000009 4704807.2950000009 2476705.5000000005 42917.55000000001 42089.000000000007 17.500000000000004 3.5000000000000004 13.500000000000002 78786.345000000016 121498.39000000001 1.0000000180025095e-35 194686.41 109.50000000000001 5230821.2000000002
decision_type=9 2 2 2 2 2 2 2 2 2 2 2 2 2 2 2 2 2 2 2 2 2 2 2 2 2 2 2 2 2
left_child=10 2 6 5 7 -4 -2 -5 -7 -8 14 12 -12 -14 18 -16 17 -13 28 -20 -21 22 -22 24 -3 -26 27 -27 29 -1
right_child=1 23 3 4 -6 8 9 -9 -10 -11 11 16 13 -15 15 -17 -18 -19 19 20 21 -23 -24 -25 25 26 -28 -29 -30 -31
leaf_value=0.10012576360817312 -1.2768575478082398 -1.9368526759416622 -16.254060713049906 -638.31477886013988 -0.80719322496004475 54.874043852931095 -42.208658416302676 -1.9270158703243863 -0.095023219131675163 -0.92509261134238929 -0.44881116750974903 2.0563299064768752 -0.79171381914349503 105.22051300875449 -1.7057988292065334 38.566822343649207 -1.0823835702512434 33.311261860637899 -0.50432509293021155 -2.9640249382071224 -0.39922757985088841 -0.33969843110303594 -58.035149508079542 -0.62605157793471644 -0.10015643731513345 -1.6719257662940732 -7.5797605702543329 118.43946014172194 -0.17395254965224136 14.936096370437582
leaf_weight=3832.6989994265914 77.611690206408724 18.936346577207466 0.50166924361893794 0.0034158569296797335 0.050113108584026615 0.11280001481677004 0.15978548472581389 0.0092221821657512051 0.24934095309683535 0.42270880056857285 8.6200440011362769 22.900969684067348 3.1755392251428209 0.11979800704722876 3.6004419281351159 0.52718372649105516 41.048271505672545 0.82216161634717622 50.163184108142445 9.2360312494450163 0.20448521434196226 0.24586062133794395 0.32431484875748745 769.58896481308625 8.1928983065375167 0.013394931355366447 0.39678289130462702 0.013350729120434123 7062.5002751308994 6.4823346234270494
leaf_count=248023 1155481 18011 18146 118089 2522 308 25027 22604 37 5306 1218 5430 2325 433 787 107 16559 217 5130 32646 66 48 7001 911774 11481 861 11041 3781 942057 3722
internal_value=-0.152107 -1.32054 -9.45355 -314.948 -605.313 19.598 -1.90235 -634.427 44.7385 -31.7689 -0.0580292 2.24661 8.53187 26.6603 -0.0744026 9.95513 0.978152 4.44328 -0.0790874 -2.18923 -9.81916 -43.823 -50.5904 -0.519004 2.38802 11.1063 75.6775 115.239 -0.0672399 0.12906
internal_weight=11918.9 876.262 79.1207 0.926561 0.0627511 0.86381 78.1942 0.012638 0.362141 0.582494 11042.7 76.6868 11.9154 3.29534 10966 4.12763 64.7714 23.7231 10961.9 60.1739 10.0107 0.774661 0.5288 797.142 27.5528 8.61643 0.423529 0.0267457 10901.7 3839.18
internal_count=3570238 2304469 1347520 161706 143215 18491 1185814 140693 345 30333 1265769 26182 3976 2758 1239587 894 22206 5647 1238693 44891 39761 7115 7067 956949 45175 27164 15683 4642 1193802 251745
cat_boundaries=0 1
cat_threshold=2
is_linear=0
shrinkage=0.05


Tree=47
num_leaves=31
num_cat=1
split_feature=1 7 2 2 0 0 2 2 3 3 13 3 2 2 8 8 9 0 2 2 2 2 3 8 8 3 9 2 15 7
split_gain=780152 1.09296e+06 3.40277e+06 6.27395e+07 1.64498e+07 638738 307448 2.66943e+06 5.48628e+06 1.20468e+06 296588 3.59171e+06 953980 757000 201366 769059 656665 190592 185681 158275 125135 162697 124707 1.18621e+06 1.17721e+06 621490 443925 596622 451538 390351
threshold=0 1.0000000180025095e-35 946715.66500000015 165905.12000000002 14.500000000000002 13.500000000000002 32183.350000000002 141807.54000000001 115033.45000000001 1.0000000180025095e-35 23.500000000000004 57027.320000000007 36557.340000000004 303858.47500000003 269184.81450000009 267575.08742424246 363166.03500000009 10.500000000000002 33214.085000000006 1664289.3950000003 5580.1750000000002 1.0000000180025095e-35 100.26000000000001 13376.500000000002 26456.115000000002 80678.000000000015 1131805.0250000001 3244.5300000000007 1919202.4400000002 152002.11500000002
decision_type=9 2 2 2 2 2 2 2 2 2 2 2 2 2 2 2 2 2 2 2 2 2 2 2 2 2 2 2 2 2
left_child=10 2 3 6 -5 17 -2 8 9 -8 20 -12 -13 -14 15 -3 -17 19 -11 -4 21 -1 23 -23 25 29 27 28 -25 -24
right_child=1 14 5 4 -6 -7 7 -9 -10 18 11 12 13 -15 -16 16 -18 -19 -20 -21 -22 22 24 26 -26 -27 -28 -29 -30 -31
leaf_value=0.82488178258040912 -2.9852694000311653 -0.59075857209449223 42.421928725462401 -21.564592970277175 -442.00162932424018 -0.075849706017279583 -0.85106960615947591 -2.0729042457887461 -4.8932547029671225 -3.8493335465989484 -1.7653695009737946 -0.64885696571197282 -6.7221374748904941 115.42428692073463 -4.2906850807138346 57.748464765268402 -1.2468170619888603 -0.1875483174096719 -132.74047044529971 -2.0840999810824155 -0.036988456624883627 -1.3104777381304897 -68.869127282530869 -75.136580481967272 -0.81047845350851289 -1.0491810270114563 -4.6375890370011108 -1.3800799454494301 -0.57533301216503163 -0.015102380365745183
leaf_weight=68.768341064456223 31.040961468316095 455.63851685596279 0.38459990851087766 0.43685450318606323 0.065138497589335653 85.209037020802498 0.22702155660040735 20.420809668284747 3.6743742605222351 0.090982856948194191 10.419094610467203 0.24460160938900569 0.025853139081120739 0.043694963261183363 36.176140455006419 0.049465069435237985 0.7818700993074299 0.42487040162086487 0.50413775635856439 0.12840891914675012 10457.223004033121 25.326582546427257 0.1925976461428105 0.29941104811444369 134.74055519963346 0.81672259738374797 1.2170336725204014 0.58403277495375316 0.25925019696617829 0.24948948621749878
leaf_count=2 1141195 674055 563 7794 58011 8681 32595 8962 32184 3157 3345 62 450 104 269324 540 3526 450 63562 421 1239887 1515 2380 4652 8543 763 1208 3370 155 1
internal_value=-0.155875 -1.84289 -5.71054 -15.1347 -334.078 0.568747 -6.45834 -10.5026 -41.4429 -112.458 -0.0537862 7.89128 85.8002 106.182 -0.75134 -0.462063 31.8775 28.9535 -127.805 37.2639 -0.0625519 -1.20745 -2.06113 -5.06674 -1.41671 -37.2179 -32.9909 -46.9287 -63.1072 -56.9709
internal_weight=11335.7 635.253 142.607 56.4603 0.501993 86.1469 55.9583 24.9173 4.49652 0.822142 10700.4 10.7332 0.31415 0.0695481 492.646 456.47 0.831335 0.937879 0.595121 0.513009 10689.7 232.454 163.686 27.6863 135.999 1.25881 2.35973 1.14269 0.558661 0.442087
internal_count=3571457 2305020 1357575 1347460 65805 10115 1281655 140460 131498 99314 1266437 3961 616 554 947445 678121 4066 1434 66719 984 1262476 22589 22587 10900 11687 3144 9385 8177 4807 2381
cat_boundaries=0 1
cat_threshold=2
is_linear=0
shrinkage=0.05


Tree=48
num_leaves=31
num_cat=0
split_feature=0 4 2 4 3 3 3 4 3 3 0 0 3 2 4 12 2 4 2 2 13 2 3 3 4 9 2 2 15 9
split_gain=181990 725922 3.18046e+06 1.00298e+06 299280 944059 141764 1.9991e+06 1.74495e+06 2.25407e+06 2.68698e+06 2.11718e+06 626462 1.44694e+07 3.27939e+06 1.82881e+06 741664 671343 651801 529233 324821 311873 249711 1.41334e+06 1.17631e+07 1.01181e+06 1.34668e+06 4.43966e+06 1.87253e+06 1.54247e+06
threshold=8.5000000000000018 5058.5000000000009 131497.10000000003 1685.8400000000004 42964.975000000006 51317.500000000007 215186.00000000003 44603.125000000007 290745.03000000009 335347.20000000007 198.50000000000003 215.50000000000003 423012.74500000005 194290.97000000003 142657.74500000002 1.5000000000000002 49926.545000000006 15890731.275000002 41537.310000000005 621990.27500000014 2.5000000000000004 252539.39000000004 121858.00000000001 94470.000000000015 44603.125000000007 1.0000000180025095e-35 42917.55000000001 105954.84000000001 739520.39500000014 2409252.8800000004
decision_type=2 2 2 2 2 2 2 2 2 2 2 2 2 2 2 2 2 2 2 2 2 2 2 2 2 2 2 2 2 2
left_child=1 2 3 -1 -3 -6 22 8 -8 10 -10 -12 13 16 -15 -16 -9 19 -19 -14 -18 -11 23 -2 -25 -26 -27 28 -28 -29
right_child=6 4 -4 -5 5 -7 7 12 9 21 11 -13 17 14 15 -17 20 18 -20 -21 -22 -23 -24 24 25 26 27 29 -30 -31
leaf_value=-2.125761012494213 -0.19425407227631691 -0.85424181577891545 89.852333435788907 43.251243237795251 48.483924706482554 -7.6866164644158035 -87.925328704622544 -0.32546780121405106 -29.399245148082702 -11.366358888567419 117.26242087492081 -22.053195702259092 -0.056121066747286244 18.16244577472494 -166.00312961527968 -34.099860449187908 -33.177181869192282 -0.8001089902904357 56.280124839526081 -33.932802121113077 -7.347142728977726 -52.475729244538627 0.35854962283118574 -166.27113307811004 41.536621066995174 -0.95408745298289976 -128.43749865632614 -10.111085737886548 -16.76260326940513 52.306995598666255
leaf_weight=8.6872281305562247 7405.5526598739334 46.278638237230361 0.24036783189486932 0.40192968693146269 0.24950387697106569 1.3147520603277079 0.1936884472824566 120.57033182202655 0.14977135141094916 2.2430800602704548 0.0021959862646926892 0.0087171112480685167 699.80468797090214 0.18624679065230187 0.73507350775466251 1.0929244654538224 1.3231405357920163 0.90908154207152314 0.041372775796796546 0.15479498216154652 4.3114685439338167 0.11373111728863117 2232.4643089976098 0.16528865743553822 0.16039776201261347 29.838523495739022 0.20793573959090172 6.3823253777495408 1.0690204188103227 0.1441836836982463
leaf_count=13969 2575289 7253 1007 70 175 5648 45822 10315 12390 78906 1898 7732 455593 2187 18656 5548 19131 382 2876 3967 7363 6180 169499 71863 3340 6244 6587 27788 1769 771
internal_value=-0.143616 2.64538 14.666 3.96837 0.0489498 16.6845 -0.159042 -0.785008 -37.4016 -9.62156 52.9533 94.241 -0.620357 -3.81934 -112.085 -127.087 -1.22383 -0.0305441 29.263 -0.112018 -17.4998 -28.3933 -0.105152 -0.244256 -9.74162 -4.78964 -6.05698 -23.2438 -83.3707 -1.96499
internal_weight=10565 57.1724 9.32953 9.08916 47.8429 1.56426 10507.8 831.84 2.71118 2.5175 0.160684 0.0109131 829.129 128.219 2.01424 1.828 126.205 700.91 0.950454 699.959 5.63461 2.35681 9675.98 7443.52 37.9677 37.8024 37.642 7.80347 1.27696 6.52651
internal_count=3570218 28122 15046 14039 13076 5823 3542096 678946 152928 107106 22020 9630 526018 63200 26391 24204 36809 462818 3258 459560 26494 85086 2863150 2693651 118362 46499 43159 36915 8356 28559
is_linear=0
shrinkage=0.05


Tree=49
num_leaves=31
num_cat=1
split_feature=1 4 10 2 3 4 3 3 10 3 2 2 2 3 4 2 4 2 4 4 9 9 4 14 10 3 8 9 8 2
split_gain=1.04031e+06 1.09304e+08 3.08087e+07 3.02105e+07 3.22631e+06 458336 334703 235850 2.18753e+07 5.15098e+07 4.45351e+07 2.71036e+07 2.3314e+07 2.31553e+06 1.79006e+06 1.35699e+06 830220 1.30059e+06 1.3665e+06 791407 698685 527570 2.56441e+06 6.5814e+06 5.67828e+06 408931 397297 737993 336522 3.56205e+06
threshold=0 1685.8400000000004 -1.0000000180025095e-35 33214.085000000006 1.0000000180025095e-35 24958.510000000006 1.0000000180025095e-35 31983.000000000004 1.0000000180025095e-35 115033.45000000001 20159.610000000004 223522.86000000002 334744.60000000003 32558.170000000002 82743.080000000016 73150.085000000006 168326.03000000003 184203.81000000003 95654.60000000002 172537.09000000003 29594.670000000002 77169.070000000022 57372.020000000011 1.0000000180025095e-35 22.500000000000004 40810.500000000007 49185.886250000003 134992.66000000003 154216.64928571435 204502.29500000001
decision_type=9 2 2 2 2 2 2 2 2 2 2 2 2 2 2 2 2 2 2 2 2 2 2 2 2 2 2 2 2 2
left_child=7 2 3 6 -5 -3 -2 -1 9 10 -9 16 -13 14 15 -10 17 18 -11 -18 25 22 23 24 -22 -15 27 -23 29 -28
right_child=1 5 -4 4 -6 -7 -8 8 13 11 -12 12 -14 20 -16 -17 19 -19 -20 -21 21 26 -24 -25 -26 -27 28 -29 -30 -31
leaf_value=-0.1045997516986381 -6.1344665167776231 -24.571134976731436 -5.7995219299833041 -2.3797678109512206 -638.43663963130302 -0.61039068496040161 -91.635114470619556 -33.862093585562071 112.49974252760586 -92.332358215290725 536.42766996446301 342.24752576918263 -60.723890744577346 -1.802785578155274 -2.4735200027199764 -0.1949278308864246 40.97927115054236 -4.4839635912836755 -1.0637527537660636 -14.405918866463436 162.65600810475632 -3.560983967734483 -3.6738940353958678 -5.5739190820316198 -16.402527636657737 -41.71047437053673 -0.83540034896044113 46.261598580692436 0.29754186900945762 -48.601766532310087
leaf_weight=6169.6166909834119 0.28934886775714241 1.0038661501429249 0.57963740882114734 0.027999707191627268 0.040657526717112077 556.27985302828256 0.52257094199642551 0.35208137536116557 0.081476887040557833 0.013682187145809599 0.0024559263116522559 0.076959533655343554 0.15693627646264188 1.2457431772882253 0.90329817863349127 0.35003866605848794 0.49281179946065407 5.7327461567068898 0.72874435152260686 0.4547649729589272 0.4276981335588903 1.4089615274287997 10.731987318964149 2.8113679271347869 0.40025202886366451 0.573359175490601 294.54725387204257 0.31831015523948725 2710.4655790627125 2.9561867130375949
leaf_count=954760 401666 24496 48976 28838 120187 946513 734773 2938 155 12678 42234 4916 3842 562 1979 482 46 2149 958 2597 1311 836 4959 1776 2673 5583 42366 37 153679 22140
internal_value=-0.0554585 -2.12878 -334.707 -432.998 -624.003 -0.697496 -81.3697 0.0728444 0.433686 78.2214 363.191 24.5945 241.777 0.202066 49.9761 84.8036 -10.1412 -16.8068 -54.774 20.6473 0.163604 0.186738 9.42631 40.5236 114.473 -24.7168 0.139501 19.2148 0.122164 -1.47128
internal_weight=9763.59 558.744 1.46021 0.880577 0.0686572 557.284 0.81192 9204.85 3035.23 8.01118 0.354537 7.65665 0.233896 3027.22 1.33481 0.431516 7.42275 6.47517 0.742427 0.947577 3025.89 3024.07 14.3713 3.63932 0.82795 1.8191 3009.7 1.72727 3007.97 297.503
internal_count=3571105 2305449 1334440 1285464 149025 971009 1136439 1265656 310896 72358 45172 27186 8758 238538 2616 637 18428 15785 13636 2643 235922 229777 10719 5760 3984 6145 219058 873 218185 64506
cat_boundaries=0 1
cat_threshold=2
is_linear=0
shrinkage=0.05


Tree=50
num_leaves=31
num_cat=2
split_feature=1 4 8 4 15 1 3 0 11 10 2 3 2 3 9 4 4 15 10 3 3 0 0 4 3 2 2 10 8 4
split_gain=838560 1.94006e+08 1.76313e+07 594121 522433 333045 1.19215e+06 3.70765e+06 792763 738974 504451 617872 288880 227527 194573 393444 1.08708e+06 2.77081e+06 4.48102e+06 1.73907e+06 246408 341415 150129 309799 131696 165387 136591 142879 123493 118075
threshold=0 1685.8400000000004 231337.73104347833 14514.900000000001 452669.98000000021 1 78786.345000000016 13.500000000000002 1.0000000180025095e-35 6.5000000000000009 199425.23500000002 98083.380000000019 36557.340000000004 53.045000000000009 2409252.8800000004 4842762.5450000009 3684012.5100000002 380200.95500000007 15.500000000000002 20192.345000000005 448517.83500000002 153.50000000000003 1.5000000000000002 133936.55000000002 125479.34000000001 165905.12000000002 62826.405000000006 4.5000000000000009 320849.88333333336 61625.245000000003
decision_type=9 2 2 2 2 9 2 2 2 2 2 2 2 2 2 2 2 2 2 2 2 2 2 2 2 2 2 2 2 2
left_child=14 2 4 28 -2 6 9 8 -8 -5 13 -12 -11 -7 22 16 -16 18 19 -18 -17 -22 23 -1 25 26 27 -15 -3 -24
right_child=1 3 -4 5 -6 10 7 -9 -10 12 11 -13 -14 24 15 20 17 -19 -20 -21 21 -23 29 -25 -26 -27 -28 -29 -30 -31
leaf_value=19.386440943301192 -701.8370547369866 -40.21447607962476 -1.5859160315696093 0.098102786633901873 -1.0889745320650868 -21.267648441911348 114.84159125264121 -13.359314131359103 -5.372238577949962 -0.68612018746217984 -6.0182387113664007 -51.196393077978122 -45.419179378904282 -17.985507868984875 -0.83611134892130501 -1.2516010678787408 -0.28887792318652833 -0.92341228389848551 -0.58244525444834383 145.44966619544763 23.097913720953894 -0.18110040620819898 -0.31296918422155912 -0.66325014438489616 -0.73691571183659865 -13.923589267572162 -1.9279488586359754 -3.1415917082534119 -0.06308221570723721 0.060023487990193553
leaf_weight=2.0211928461156532 0.08123114067439921 0.14728455318750633 0.10382190299610392 382.00048501639441 0.0058010647334784107 0.56815724031099435 0.046812176734397651 1.2666897090056066 0.059503597069839084 0.55269655316850541 3.1254124832775427 0.17006515246576714 0.2440048268710584 1.970808656812318 11.60006041519914 41.136118208242749 0.23966293733043315 4.5142183969733489 1.4685269608738927 0.2581517922279522 1.6324924506190033 3.8816898202929622 3885.8511659147298 5.1433490203764185 80.335459285562891 2.9449328015808254 42.446534673862296 4.7931519649113214 0.23395378988929494 4671.62222027192
leaf_count=92 1318995 13840 11398 116195 2396 8825 659 28529 1293 4717 64651 162364 104649 23474 4218 18961 245 1680 604 92 158 179 257051 237 335727 16772 60771 28617 98 981678
internal_value=-0.201152 -2.12756 -639.628 -0.709631 -699.104 -0.621514 0.162552 35.4969 103.515 -0.0520942 -2.63566 -19.7268 -32.0432 -2.26493 -0.0820287 2.62789 8.6766 23.5403 61.0826 121.934 0.150543 9.19778 -0.102911 6.67405 -2.0247 -3.95701 -3.09505 -9.22676 -33.4629 -0.109364
internal_weight=9150.47 521.097 0.190854 520.906 0.0870322 520.525 384.17 1.37301 0.106316 382.797 136.355 3.29548 0.796701 133.059 8629.37 64.7309 18.0806 6.48056 1.96634 0.497815 46.6503 5.51418 8564.64 7.16454 132.491 52.1554 49.2105 6.76396 0.381238 8557.47
internal_count=3569165 2303970 1332789 971181 1321391 957243 256042 30481 1952 225561 701201 227015 109366 474186 1265195 26137 6839 2621 941 337 19298 337 1239058 329 465361 129634 112862 52091 13938 1238729
cat_boundaries=0 1 2
cat_threshold=2 16
is_linear=0
shrinkage=0.05


Tree=51
num_leaves=31
num_cat=1
split_feature=3 4 1 4 3 9 3 5 3 5 4 0 5 5 4 3 5 4 10 5 0 5 0 5 5 5 4 6 3 7
split_gain=5.15614e+07 1.30271e+09 827400 1.35743e+08 2.2776e+07 3.57447e+06 740969 554170 1.89755e+06 516216 216191 212652 295134 331175 159310 4.7041e+06 1.05572e+07 1.43458e+07 6.1025e+06 1.91163e+06 1.05888e+06 2.25673e+06 1.56885e+06 1.4551e+06 640982 1.15934e+07 657762 433029 284238 2.63353e+07
threshold=1091834.8400000001 1.0000000180025095e-35 0 1685.8400000000004 163.50000000000003 688655.62500000012 50075.000000000007 12.997772119551803 88821.310000000012 10.255220077429811 11175.500000000002 1.5000000000000002 12.291292497745076 11.674212293237838 61625.245000000003 88821.310000000012 12.151127718354022 40471.905000000006 101.50000000000001 12.123803515277311 90.500000000000014 12.654518600147521 53.500000000000007 12.721126119285062 12.303961701553046 12.536756447103039 8363.3750000000018 12.500000000000002 3151.4250000000006 22786.870000000006
decision_type=2 2 9 2 2 2 2 2 2 2 2 2 2 2 2 2 2 2 2 2 2 2 2 2 2 2 2 2 2 2
left_child=2 -2 11 4 -4 -6 9 -8 -9 -5 -11 12 13 -1 15 24 17 18 19 -17 22 27 -18 -23 -13 26 -26 -22 -16 -30
right_child=1 -3 3 6 5 -7 7 8 -10 10 -12 14 -14 -15 28 16 20 -19 -20 -21 21 23 -24 -25 25 -27 -28 -29 29 -31
leaf_value=-1.9115842311319899 1349.6508469677638 -1.4538642377073991 37.146680688533188 -31.551737454352015 -634.96978127712123 -0.045129266478723881 -6.5584477419492941 -1.3959481826944151 -86.804748803141365 -21.478491234648061 -0.44835214709037835 -0.23578181060014858 -0.49678978531663198 34.852072980722475 -0.36183166825849861 -304.87053473733954 -23.964453792809127 -6.8760146634615724 -9.398960050383236 -12.123648518761577 -95.3883149342537 45.527945626508114 17.57169480886807 -16.911168441245177 175.95225211726373 -0.93400477020589734 -1.1490337970712057 -0.65476079512161711 88.000544605109724 0.17678468663432997
leaf_weight=0.79891054844811049 0.85856608301439408 44.449304341094447 0.028597732700244748 0.3428273933334357 0.0061820194989598105 0.022827853256267717 12.902891157018102 1.902771427018269 0.015431941122083681 0.22577428817794398 478.08794161082159 3472.2636245377862 3.0877108137559843 0.71696009561128449 1984.4556831454329 0.0053277765758531484 2.4003401709474765 1.7604383625719016 0.35002524113747435 0.15066409773876976 0.051440241814071253 0.223961444054117 5.9498748783545707 2.9521311606386602 0.038239537098694661 16.683019122411984 0.041580517674338228 0.15210974216461182 7.5557655180296015 3699.0837621286068
leaf_count=140 4419 399853 450665 35883 877725 783 159837 7702 19648 5841 344064 141558 83 77 637877 26747 5732 2506 992 630 9140 1028 31 5025 17212 41447 4852 86 27331 342089
internal_value=0.106797 52.7412 -0.144666 -2.11608 -568.011 -620.933 -0.944227 -11.5913 -31.5953 -0.591061 -0.503079 -0.0363356 9.70096 22.416 -0.0423057 -0.307544 -28.2514 -107.802 -221.209 -277.208 -5.61918 -25.6106 4.34522 -2.65935 -0.187382 9.28668 168.064 -83.9637 0.12098 0.379496
internal_weight=9737.56 45.3079 9692.26 493.535 0.0576076 0.0290099 493.478 14.8211 1.9182 478.657 478.314 9198.72 4.60358 1.51587 9194.12 3503.02 13.9963 2.26646 0.506017 0.155992 11.7299 3.37964 8.35022 3.17609 3489.03 16.7628 0.0798201 0.20355 5691.1 3706.64
internal_count=3571003 404272 3166731 1902148 1329173 878508 572975 187187 27350 385788 349905 1264583 300 217 1264283 256986 51917 30875 28369 27377 21042 15279 5763 6053 205069 63511 22064 9226 1007297 369420
cat_boundaries=0 1
cat_threshold=2
is_linear=0
shrinkage=0.05


Tree=52
num_leaves=31
num_cat=1
split_feature=3 10 1 4 3 7 3 0 2 2 2 3 4 2 2 10 7 3 0 0 3 2 2 8 3 2 2 4 4 10
split_gain=1.07606e+06 1.1479e+07 719268 5.92265e+07 1.16315e+08 3.01889e+06 2.25159e+06 1.22907e+06 358247 259502 573614 187954 5.32194e+06 1.86768e+07 5.0768e+07 1.31284e+07 2.98076e+06 2.49314e+06 2.14765e+06 2.41236e+06 1.78035e+06 1.03782e+07 1.5357e+07 1.19232e+07 1.73638e+06 2.51705e+07 1.79298e+07 1.32907e+06 5.96101e+06 6.24769e+06
threshold=981591.0900000002 -1.0000000180025095e-35 0 8363.3750000000018 142.50000000000003 3085066.2450000001 121858.00000000001 12.500000000000002 2723.7950000000005 201885.82500000004 172587.78000000003 121858.00000000001 1.0000000180025095e-35 131497.10000000003 174945.67500000002 -1.0000000180025095e-35 1.0000000180025095e-35 200540.16500000001 272.50000000000006 98.000000000000014 99704.085000000006 42917.55000000001 196805.11000000002 427508.25118750014 85349.000000000015 85699.700000000026 100400.47000000002 117209.56000000001 61625.245000000003 8.5000000000000018
decision_type=2 2 9 2 2 2 2 2 2 2 2 2 2 2 2 2 2 2 2 2 2 2 2 2 2 2 2 2 2 2
left_child=2 -2 11 4 7 -6 9 -4 -8 10 -5 20 13 -13 15 -15 17 -16 19 -19 24 -22 23 -23 -1 -26 -27 28 -14 -30
right_child=1 -3 3 6 5 -7 8 -9 -10 -11 -12 12 27 14 16 -17 -18 18 -20 -21 21 22 -24 -25 25 26 -28 -29 29 -31
leaf_value=-0.16436736378006633 -174.80190492007532 -2.9676586441464035 59.693137245786232 -1.7591239153577953 -668.33989409540607 -0.045100542472803401 -0.61735179694932607 -7.2629037270559769 -78.964223346246797 0.10495479789497029 -17.640971811944535 -2.3453991088518902 -94.761391069570237 465.2875405122175 -11.634352457807188 -23.228147118001697 -48.512582418848744 -19.335884722309149 -13.843894418293528 137.86993349683254 -1.6296413657000539 -288.71568573196271 -1.5273930556412028 50.090255839821914 -9.3381785129400878 328.23453343096446 -33.813412235554239 0.061476021388448536 5.9699948507279572 76.778758932731975
leaf_weight=4993.2137025676629 0.023422320492659021 20.124640533853224 0.0010794270091821758 115.76363369063465 0.0018029983002555696 0.017341047473597077 0.18767061753154274 1.6201384193634365 0.063738129148114442 368.8928016030394 5.0048788778824607 9.5381530835314852 0.28259975851366448 0.013017674132946147 1.0120755286060545 0.054415247107600859 0.86745794122255038 0.036768738266748126 0.19227829898052878 0.042508460904163735 19.863282416791705 0.15298855271402914 1.5344093572887965 0.0063274596804408769 8.4156870228532235 0.018842068425241387 0.26294645243468584 2522.895439370353 22.504766131863967 2.6575012352242053
leaf_count=1095164 30354 383634 17038 175746 887377 449 2277 430322 108956 247585 23395 10422 10000 1941 2560 1210 4389 996 758 2454 4905 16218 13177 747 4301 794 10078 76947 3303 2987
internal_value=-0.159966 -11.4238 -0.13045 -1.96223 -238.175 -657.018 -0.72773 15.5358 -67.7121 -0.555396 -2.55681 -0.00887493 0.33972 32.5543 136.711 418.619 -2.16955 36.6757 84.281 114.594 -0.186579 -14.202 -106.302 -243.655 -0.123348 21.0136 227.58 0.178385 11.3293 16.0975
internal_weight=8095.27 20.1481 8075.12 491.553 1.64036 0.019144 489.913 1.62122 0.251409 489.661 120.769 7583.57 2560.1 11.7567 2.21852 0.0674329 2.15109 1.28363 0.271555 0.0792772 5023.47 21.557 1.69373 0.159316 5001.91 8.69748 0.281789 2548.34 25.4449 25.1623
internal_count=3570484 413988 3156496 1893145 1335186 887826 557959 447360 111233 446726 199141 1263351 117967 24730 14308 3151 11157 6768 4208 3450 1145384 35047 30142 16965 1110337 15173 10872 93237 16290 6290
cat_boundaries=0 1
cat_threshold=2
is_linear=0
shrinkage=0.05


Tree=53
num_leaves=31
num_cat=1
split_feature=3 5 7 7 1 4 8 3 0 5 5 10 3 5 15 5 5 10 3 3 5 5 10 10 0 4 10 3 4 4
split_gain=3.1387e+07 3.9087e+08 1.15283e+08 9.89095e+06 640876 1.41044e+08 4.58308e+07 946945 407034 358243 298974 283772 474819 188769 163100 148277 770157 227867 103779 1.17073e+06 1.39045e+07 7.06991e+06 648500 6.89348e+06 4.33078e+06 790323 704336 570883 2.33616e+06 2.31184e+06
threshold=892689.65000000014 12.177117306667972 206111.56500000003 30928.460000000003 0 8363.3750000000018 211739.29613636367 300659.00000000006 1.5000000000000002 13.05759033274378 12.522267445079935 6.5000000000000009 1.0000000180025095e-35 10.758185393972486 540639.65500000014 11.7867476818251 12.189974309858263 50.500000000000007 99704.085000000006 104316.00000000001 11.497519398608931 11.552534660346533 63.500000000000007 70.500000000000014 253.50000000000003 117209.56000000001 108.50000000000001 78786.345000000016 44603.125000000007 176936.43000000002
decision_type=2 2 2 2 9 2 2 2 2 2 2 2 2 2 2 2 2 2 2 2 2 2 2 2 2 2 2 2 2 2
left_child=4 3 -3 -2 8 6 -6 11 10 -9 -1 -7 14 -5 -13 -14 17 -17 27 20 -20 -22 -21 24 -24 -25 -27 -10 -29 -30
right_child=1 2 -4 13 5 7 -8 9 18 -11 -12 12 15 -15 -16 16 -18 -19 19 22 21 -23 23 25 -26 26 -28 28 29 -31
leaf_value=31.416321825533903 -169.80894423091684 1156.5330638521536 -14.91649306730244 -1.4992871383319475 -682.23720479492601 -0.087492793858818349 -1.6032807091750829 -6.7968391984309804 -0.17228738788623221 -52.700323555486968 -0.77593979502454147 -42.800860425048612 -1.4600010136814852 -20.854477980585131 -3.4986611871113169 -53.479942606219417 -0.93247174434466717 -2.4203218780647564 -12.161833431486038 0.057072773057625072 226.15251578690834 -20.089382216061534 165.59221858537455 -36.242108047242461 -7.4322317033709879 0.9639255830822635 35.172928788166288 -75.487532998789092 45.741701989313214 -10.787001373936233
leaf_weight=0.78112605726988293 0.0040413140111547055 0.0010373522423734452 0.2339976295580396 9.129054675744122 0.0073407574705884873 474.93553973236106 0.33409266768094614 1.2378790956386212 4984.6979385243076 0.16327963343769214 1.132629683705946 0.093425502535099736 23.846155720855567 0.49993941672804609 0.60890949756737878 0.10304905452562529 5.4439280556199376 0.39732942988743669 5.243578628753486 3424.6355316092304 0.055694792419672123 0.19684717738283086 0.079379619956198966 0.32970350079754496 0.42103591456154948 21.399114284372281 0.62405717358917812 0.247448290787461 1.079747380782156 13.124404044632888
leaf_count=228 29256 9996 128305 64781 1319048 254400 14280 53297 1083726 5377 57 65416 60788 190781 15369 19237 74522 3983 4559 129345 252 8915 493 4077 834 3299 334 8137 3121 14037
internal_value=-0.0518742 84.8673 922.501 -20.4055 -0.154847 -1.8617 -513.92 -0.542076 -0.0499805 -31.8682 18.6346 -0.392468 -4.98878 -4.37217 -30.801 -3.3995 -9.84861 -41.5748 -0.0564748 0.154309 21.3606 171.411 0.114315 8.33001 112.083 1.30702 3.41912 -0.202069 -9.79805 -3.76369
internal_weight=8971.09 9.86807 0.235035 9.63304 8961.22 507.171 0.341433 506.829 8454.05 1.40116 1.91376 505.428 30.4928 9.62899 0.702335 29.7905 5.94431 0.500378 8452.13 3452.98 5.49612 0.252542 3447.49 22.8533 0.500416 22.3529 22.0232 4999.15 14.4516 14.2042
internal_count=3570250 423119 138301 284818 3147131 1885717 1333328 552389 1261414 58674 285 493715 239315 255562 80785 158530 97742 23220 1261129 152108 13726 9167 138382 9037 1327 7710 3633 1109021 25295 17158
cat_boundaries=0 1
cat_threshold=2
is_linear=0
shrinkage=0.05


Tree=54
num_leaves=31
num_cat=1
split_feature=3 8 1 4 15 3 10 3 8 2 2 2 3 3 2 2 3 4 3 6 2 15 10 0 2 8 4 2 2 3
split_gain=3.55912e+06 8.85104e+06 746980 1.08358e+08 8.01025e+07 1.1019e+06 347399 657783 143054 139252 175684 113987 105546 685838 1.61364e+06 1.28919e+06 326208 1.55379e+07 7.51492e+06 4.14091e+06 3.84356e+06 2.76984e+06 419566 3.0464e+06 1.44521e+06 505154 1.11011e+06 6.82067e+06 8.60405e+06 2.93162e+06
threshold=1091834.8400000001 114751.13625 0 8363.3750000000018 116598.25000000001 300659.00000000006 6.5000000000000009 1.0000000180025095e-35 258694.62833333336 131497.10000000003 196805.11000000002 181973.25500000003 118610.99500000001 107996.56000000001 42917.55000000001 453931.2950000001 42964.975000000006 28773.645000000004 105516.50000000001 9.5000000000000018 15015.625000000002 727708.05000000016 -1.0000000180025095e-35 216.50000000000003 69595.540000000023 228142.30100000004 91250.360000000015 44286.150000000009 125469.93000000001 104316.00000000001
decision_type=2 2 9 2 2 2 2 2 2 2 2 2 2 2 2 2 2 2 2 2 2 2 2 2 2 2 2 2 2 2
left_child=2 -2 12 4 8 6 -5 -8 -4 -9 -11 -3 13 16 -15 -16 -1 18 19 20 -18 -22 23 -19 -25 26 -24 -28 29 -29
right_child=1 11 3 5 -6 -7 7 9 -10 10 -12 -13 -14 14 15 -17 17 22 -20 -21 21 -23 25 24 -26 -27 27 28 -30 -31
leaf_value=-0.085372303551948941 -172.92447739376973 -3.2542713664012655 -687.12819429024751 -0.22007696160120449 -1.5490010397968927 -35.155867255977107 -42.311017921255548 -1.8807386928474958 -0.24471061404339345 -19.192551463104365 -1.4729469734211682 -21.347221208107072 0.14033570243592297 -1.5654118404332491 -92.138302300840166 -0.1834575880882611 -0.36498490571467179 -12.981569028807698 37.808056589474582 -5.0767724334847131 -264.46894737828592 -4.3941737770857818 0.2448067529481408 -11.523767360659441 99.25284196783376 0.11957733551942394 -2.1410196564220429 -180.30296674471629 -2.3004179146629746 -16.096585122445319
leaf_weight=4384.5000368214205 0.028173754141557761 4.1792428535248964 0.002717021288702414 463.98922797892357 0.75085429495495992 1.3076317570502727 0.2268109844186722 17.204118496468226 0.0014864793068926296 2.0967408027583114 2.8840987307482808 0.30526573080067443 3575.4572147554754 4.8698222893086092 0.06034295094332387 0.60148454039785237 0.19688330398187037 2.3574738161176874 0.14966714901433109 0.35939324568971642 0.19460119931744896 0.149586878363898 48.112670149931198 0.14435525857057815 0.16198193089922433 234.64050760828763 26.452572679248739 0.52906362561124165 2.363055177475633 0.59296488946873349
leaf_count=996489 73170 201586 1311931 254565 20382 72490 80928 60878 3894 23194 74400 129711 121789 1271 7517 346 2013 5446 2146 617 38514 570 7070 591 1715 31526 6788 12004 27067 899
internal_value=-0.203165 -40.366 -0.1779 -2.05571 -394.268 -0.685041 -0.520421 -6.46321 -686.36 -4.28738 -10.8949 -8.15451 -0.0643521 -0.219987 -16.411 -58.9694 -0.197447 -1.74532 -138.951 -172.768 -208.578 -238.799 -0.850631 15.9799 78.1863 -1.04451 -4.50138 -11.8905 -68.9134 -142.006
internal_weight=8774.87 4.51268 8770.36 488.464 0.755058 487.709 486.401 22.4118 0.0042035 22.185 4.98084 4.48451 8281.89 4706.44 5.53165 0.661827 4700.9 316.405 1.05013 0.900465 0.541071 0.344188 315.355 2.66381 0.306337 312.691 78.0503 29.9377 3.48508 1.12203
internal_count=3571507 404467 3167040 1902662 1336207 566455 493965 239400 1315825 158472 97594 331297 1264378 1142589 9134 7863 1133455 136966 43860 41714 41097 39084 93106 7752 2306 85354 53828 46758 39970 12903
cat_boundaries=0 1
cat_threshold=2
is_linear=0
shrinkage=0.05


Tree=55
num_leaves=31
num_cat=1
split_feature=3 8 1 3 2 14 2 2 7 6 2 2 15 2 8 2 2 10 8 3 14 8 7 9 15 3 7 8 3 10
split_gain=2.90154e+06 5.64507e+06 721511 5.6097e+06 4.85326e+06 2.43133e+06 1.28236e+06 2.52893e+07 2.79761e+07 1.12417e+06 795935 516083 2.53856e+06 369254 290829 1.21198e+06 6.96336e+06 2.14832e+06 2.29329e+06 1.27882e+06 2.74459e+06 1.07233e+06 447203 360768 288139 267587 1.10356e+06 258836 198343 615261
threshold=1091834.8400000001 93972.827000000005 0 121858.00000000001 19161.105000000003 2.501110429875553e-11 1321881.0250000001 204502.29500000001 7167.3950000000013 51.500000000000007 42917.55000000001 129384.09000000001 1288.5550000000001 165905.12000000002 517971.72000000009 87477.99000000002 107905.28000000001 3.5000000000000004 827104.89500000014 152370.96000000005 282869.57000000012 621196.5947222223 2608234.7350000008 808880.16500000015 7.7307049650698916e-12 78786.345000000016 716132.99500000023 218940.62400000001 50075.000000000007 6.5000000000000009
decision_type=2 2 9 2 2 2 2 2 2 2 2 2 2 2 2 2 2 2 2 2 2 2 2 2 2 2 2 2 2 2
left_child=2 -2 14 5 -5 6 7 10 -9 -6 28 12 -12 -13 -1 -16 17 -17 23 -18 21 -21 -23 -19 27 -7 -27 -15 29 -4
right_child=1 -3 3 4 9 25 -8 8 -10 -11 11 13 -14 24 15 16 19 18 -20 20 -22 22 -24 -25 -26 26 -28 -29 -30 -31
leaf_value=0.036277970037731283 -123.81374392314004 -7.5626818842026129 -46.200969215284651 -2.0785423626147885 -164.85702915788329 -0.10174364047833039 -0.18813289833982325 -374.85695404513712 -1.0694525676762252 -0.25769671608596995 -99.913757472095824 -4.8937620653136076 -2.957646818506209 -54.013050634266882 -0.84205376225256223 -2.8338108988232356 -1.8585338418274848 -0.289006091358332 -0.21032998264466893 -6.1446089498040521 -6.2592059846970782 -3.9935385613035841 117.52175512791314 180.28150673212568 -10.944050267805947 57.076488255396931 -3.0589956052910132 -4.2100391180270469 -0.76300038040841034 -2.6259708559980481
leaf_weight=8282.7079005394462 0.37313802874759794 4.9989306899538857 0.02258550524540659 1.1069759841000097 0.089075961888675587 404.07423315512767 25.690191941239028 0.0027688100489849923 1.0111072380487918 0.11818672716618886 0.010322896941136306 11.58945532722109 2.2308052356423715 0.14236004867136254 42.224161522477026 0.26171263372336717 12.993964212028073 0.025096974102780223 0.22287338436581194 0.11505124481646872 1.373171722211018 0.013051527346165326 0.0097749970449235168 0.011096498097685981 4.5436627252221928 0.040877438870777438 2.5178110213579448 0.57958801221037104 30.135844155446538 4.5925480129358558
leaf_count=1224724 55822 348934 841744 166691 166186 239358 18484 45462 89073 145 74228 24739 20834 12782 10118 1166 24280 214 418 366 956 262 250 779 9160 5556 11966 1546 154296 20522
internal_value=-0.0739086 -33.8016 -0.0495589 -1.89537 -79.6026 -1.56194 -9.44121 -13.6932 -187.723 -148.961 -7.05342 -14.9858 -34.0948 -10.6775 0.0609694 3.58167 15.29 117.136 144.328 4.31415 36.9981 94.7055 112.062 175.624 -20.5938 0.0182148 13.669 -39.6978 -2.39705 -11.0301
internal_weight=8833.83 5.37207 8828.46 488.498 1.31424 487.184 80.5512 54.861 1.01388 0.207263 53.8472 19.0962 2.24113 16.8551 8339.96 57.25 15.0258 0.520779 0.259067 14.505 1.51105 0.137878 0.0228265 0.0361935 5.26561 406.633 2.55869 0.721948 34.751 4.61513
internal_count=3571061 404756 3166305 1902772 333022 1569750 1312870 1294386 134535 166331 1159851 143289 95062 48227 1263533 38809 28691 2577 1411 26114 1834 878 512 993 23488 256880 17522 14328 1016562 862266
cat_boundaries=0 1
cat_threshold=2
is_linear=0
shrinkage=0.05


Tree=56
num_leaves=31
num_cat=1
split_feature=3 2 1 4 3 3 0 0 3 10 2 4 7 3 2 2 0 3 4 8 9 13 7 7 0 3 15 2 3 7
split_gain=6.09856e+06 8.33478e+07 597120 6.04977e+07 1.0333e+08 1.44571e+06 1.13815e+06 495334 415780 244586 246932 506983 197074 151419 116331 128310 741054 227038 348138 477979 2.30709e+06 1.57138e+06 300136 235782 156058 186316 393795 169388 599915 484403
threshold=892689.65000000014 621990.27500000014 0 14514.900000000001 142.50000000000003 365977.51000000007 14.500000000000002 1.5000000000000002 2836.5000000000005 6.5000000000000009 174945.67500000002 129976.25000000001 16710825.715000002 80678.000000000015 171.64000000000001 5580.1750000000002 9.5000000000000018 18013.500000000004 95654.60000000002 6778.9650000000011 1131805.0250000001 6.5000000000000009 68596.555000000008 61193.245000000003 12.500000000000002 41418.500000000007 65636.730000000025 5775.4400000000014 10994.105000000001 477888.12000000005
decision_type=2 2 9 2 2 2 2 2 2 2 2 2 2 2 2 2 2 2 2 2 2 2 2 2 2 2 2 2 2 2
left_child=2 -2 7 4 6 9 -4 8 -1 -5 -11 -12 -7 -13 -9 16 -16 18 -18 -20 21 -21 23 -19 25 -17 -27 28 29 -26
right_child=1 -3 3 5 -6 12 -8 14 -10 10 11 13 -14 -15 15 24 17 22 19 20 -22 -23 -24 -25 27 26 -28 -29 -30 -31
leaf_value=-3.8400076802188536 -3.79191657866975 471.1517402305509 57.309391494070695 -0.10361937881791045 -603.89195529807614 -61.9066125662562 -7.2367373615386672 1.6520772808869624 37.75982193386826 -2.2742893817292118 -2.624067882847223 -40.113669374788493 -0.62653576019489121 -2.2750644923134149 10.408855987944897 -1.0484373201761015 -2.6577125295649879 -32.798979805275117 -3.3163734904802418 -109.62841812674918 -2.870368103303381 -2.5001244523296142 -0.63386734975724046 -0.26152303739229926 -1.9873486926402941 -33.59961176451079 -4.2357026543453058 -0.016090801864876287 -0.88207668503534886 51.997724228104907
leaf_weight=0.70017366574461937 11.094213701908298 0.0061404793814298078 0.013042643500383089 444.72883091448779 0.12561915532239654 0.087848308414321674 1.5430419760013623 99.41836186537148 0.57730724849192794 21.49323557264254 4.0902464965841663 0.72905847994740858 0.17288120463490486 0.46230118876036774 10.199433771728819 100.49862949648521 22.818346600404453 0.32455008932201346 6.3442339101205691 0.073128445622725025 4.0464419569175876 0.57328834827058006 59.651059063579751 0.98910163557120478 0.53873568830631413 0.29303588958987425 14.552928644305819 7637.1377969998503 4.7002366064234362 0.15484689670604446
leaf_count=225 420402 3019 24645 255854 891544 48415 422856 703 68 98072 15640 110645 187 17677 259 35913 3982 1982 667 7896 1495 581 5045 35 208 4521 5581 1192557 302 292
internal_value=-0.0853077 35.3857 -0.136165 -1.84045 -238.691 -0.531967 15.5114 -0.0322722 23.2824 -0.388156 -4.94023 -13.6992 -54.0043 -33.1715 -0.0389772 -0.0605669 -1.78824 -3.19522 -6.41916 -13.3284 -23.9026 -73.8475 -1.33009 -19.0042 -0.036951 -1.85439 -6.89943 -0.00928176 8.12556 33.6484
internal_weight=8448.14 11.1004 8437.04 473.446 1.6817 471.764 1.55608 7963.59 1.27748 471.504 26.7748 5.28161 0.26073 1.19136 7962.31 7862.9 105.02 94.8202 33.8554 11.0371 4.69286 0.646417 60.9647 1.31365 7757.88 115.345 14.846 7642.53 5.39382 0.693583
internal_count=3571268 423421 3147847 1885535 1339045 546490 447501 1262312 293 497888 242034 143962 48602 128322 1262019 1261316 21942 21683 14621 10639 9972 8477 7062 2017 1239374 46015 10102 1193359 802 500
cat_boundaries=0 1
cat_threshold=2
is_linear=0
shrinkage=0.05


Tree=57
num_leaves=31
num_cat=1
split_feature=1 4 3 3 2 0 0 6 2 2 10 14 6 0 2 2 8 2 3 2 2 4 3 2 10 14 8 3 2 2
split_gain=754290 1.42782e+08 5.18398e+07 896406 1.02106e+06 469995 250705 314802 219277 417837 251274 336463 206168 154578 200066 143599 135911 137078 91481.3 95365.7 1.26818e+07 6.85539e+06 3.32375e+06 354015 3.34758e+06 1.59204e+06 298701 208912 2.91915e+06 323725
threshold=0 14514.900000000001 53.045000000000009 321264.32500000007 189306.45500000005 16.500000000000004 322.50000000000006 36.500000000000007 201885.82500000004 163638.23000000001 4.5000000000000009 259476.0550000002 10.500000000000002 10.500000000000002 125469.93000000001 441427.84500000003 272271.52050000004 199425.23500000002 1161.5000000000002 334744.60000000003 428973.84500000003 82743.080000000016 85349.000000000015 323286.61500000005 7.5000000000000009 14054.400000000001 40967.956000000013 321264.32500000007 45644.885000000002 318131.34000000003
decision_type=9 2 2 2 2 2 2 2 2 2 2 2 2 2 2 2 2 2 2 2 2 2 2 2 2 2 2 2 2 2
left_child=13 2 5 8 -5 -2 7 -6 9 -3 -10 -12 -4 14 -1 -16 17 -11 -15 23 21 -21 -23 27 25 -25 -22 -20 -29 -30
right_child=1 3 12 4 6 -7 -8 -9 10 16 11 -13 -14 18 15 -17 -18 -19 19 20 26 22 -24 24 -26 -27 -28 28 29 -31
leaf_value=-1.738607467857191 58.633857467669536 -1.5980179672050285 -696.90047842483341 -3.6128446536123984 -67.184909800764771 -6.0986459495291392 -0.73875549973525478 -1.3356431253988312 -0.0002856933216112004 -26.18967135809412 -1.2294638440936358 24.182747224171028 -0.094939388778627634 -0.2953721277512571 -21.215535662620301 -2.4694609264308429 -4.3300371678590679 -0.58144097300119968 0.15341213541996537 -27.3798898235314 -14.849323492329603 -7.105805041753273 -233.75558111505239 110.96180906022276 -0.54381189484994252 -5.9805436037683819 0.060623794670903897 -0.55563759409058011 -55.931392956671232 -2.191283649874328
leaf_weight=45.705258558715329 0.0072193311233342541 123.40987150750321 0.0018576749160175675 3.3740761846175493 0.39226264168790681 0.15368570979131957 0.24820505082607269 0.2564364468344138 334.62199416572304 1.9120238450474067 2.5071915841678987 1.5195458803605237 0.0013498664480038084 2217.82395957883 1.4236158246242974 2.2933270376048482 2.6554003764584659 0.69368868840712195 6177.8237515571027 2.1389332598277924 2.3752735744506017 0.27024104389435089 0.0046595185967628341 0.073036490173173152 10.77334324042093 0.26672720852171761 700.61932010733005 86.852500246344064 1.729363713248407 0.40620731330754312
leaf_count=10672 31656 189462 910281 302590 160011 403885 1142 2481 121439 25290 142991 3459 1500 648025 14445 1962 7917 1658 474154 17326 9013 19066 8496 2135 3227 2427 23429 5446 26143 263
internal_value=-0.131515 -2.05824 -555.164 -0.734986 -21.2403 44.8066 -50.6875 -57.756 -0.502617 -2.2511 0.166383 11.2623 -696.063 -0.0307869 -2.79169 -12.626 -14.8676 -21.4256 -0.0156884 0.0731647 -0.477642 -96.6141 -191.29 0.135122 8.67472 83.2127 -0.0107681 0.118596 -2.27322 -49.6699
internal_weight=9722.33 471.755 0.164113 471.591 4.27098 0.160905 0.896904 0.648699 467.32 128.671 338.649 4.02674 0.00320754 9250.58 49.4222 3.71694 5.26111 2.60571 9201.16 6983.33 705.408 2.41383 0.274901 6277.92 11.1131 0.339764 702.995 6266.81 88.9881 2.13557
internal_count=3571991 2305762 1347322 958440 466224 435541 163634 162492 492216 224327 267889 146450 911781 1266229 27079 16407 34865 26948 1239150 591125 77330 44888 27562 513795 7789 4562 32442 506006 31852 26406
cat_boundaries=0 1
cat_threshold=2
is_linear=0
shrinkage=0.05


Tree=58
num_leaves=31
num_cat=1
split_feature=3 9 1 4 3 3 0 7 4 0 4 4 3 14 2 3 13 0 0 14 2 2 3 7 0 3 3 2 2 13
split_gain=9.14132e+07 3.3584e+08 689453 1.55127e+08 3.96072e+07 1.07148e+06 378415 311366 307519 271993 186415 695730 495048 101753 524761 360526 324416 96477.5 162744 768788 220045 188534 592416 151670 660584 554046 268964 1.66575e+06 190969 185387
threshold=892689.65000000014 87417.665000000023 0 14514.900000000001 1.0000000180025095e-35 222732.50000000003 1.5000000000000002 16710825.715000002 699517.17500000016 322.50000000000006 534056.62500000012 541602.44000000006 51317.500000000007 1951024.6100000001 42917.55000000001 163.50000000000003 28.500000000000004 297.50000000000006 288.50000000000006 2.0725110516650605e-10 41537.310000000005 41537.310000000005 40211.500000000007 8819061.0100000035 310.50000000000006 267587.45500000002 174408.02000000005 168190.30000000002 485261.38500000007 2.5000000000000004
decision_type=2 2 9 2 2 2 2 2 2 2 2 2 2 2 2 2 2 2 2 2 2 2 2 2 2 2 2 2 2 2
left_child=2 -2 6 4 -4 10 8 9 -1 -7 -5 12 -12 17 -15 -16 -17 18 -8 21 -21 22 -20 26 -25 -26 -19 -28 29 -29
right_child=1 -3 3 5 -6 7 13 -9 -10 -11 11 -13 -14 14 15 16 -18 23 19 20 -22 -23 -24 24 25 -27 27 28 -30 -31
leaf_value=30.995847753420197 1031.8802217914761 -12.091580588478498 53.284237784024882 -3.1878059854876217 -696.38827614570471 -64.486213925993567 0.022358174111334478 -0.68368380517138327 -0.74737838933592116 -0.78246823905678431 -0.90304362241102398 -0.25418907626504833 48.936416958925392 -0.32675031976797336 -3.0033174009075161 -46.399088606458236 -3.3302399015590916 -0.54242683413131643 -0.92166269586580052 -0.046481851754510306 46.266144848524824 -0.86118034094475238 33.184825100990189 -0.74558837045913007 -0.78500677699672017 55.026791669371008 -1.4448549960706183 -67.163785475597535 -2.0054600297335097 -2.3362748705313932
leaf_weight=0.78131923504984047 0.0024493799494659232 3.2303498420921826 0.053870036541255009 54.985489048613942 0.0012303271639516463 0.012542848745457025 7667.7458447342142 0.39775303778878879 1.2539209591901908 0.2308164239411174 0.77604898412386791 398.92921666161192 0.23362237189126389 31.322879666559086 2.3465387525375028 0.49932788429353403 0.85481225640464165 569.85556073254588 4.0891840102066359 0.31574166295110134 0.31713461893462264 17.808969402626733 0.81560737750898926 7.4329484221144044 0.69915637119987728 0.10131443651334848 14.632777158630693 0.30208175210123878 0.23564676381647587 0.20214104466729799
leaf_count=200 45390 377672 431119 184218 908988 72116 1087711 270 89 483 1162 287623 313 3635 17938 10262 391 123358 517 20 181 4969 116 3338 862 27 4323 3664 316 126
internal_value=-0.0102037 232.293 -0.122218 -1.99238 -607.606 -0.632104 -0.0171815 -40.9623 17.6342 -53.2936 -0.485537 -0.10698 29.2387 -0.0236397 -2.67524 -18.2538 -32.1771 -0.0121077 0.0353212 4.11678 37.2794 1.65947 9.40848 -0.625807 5.73682 32.9153 -0.724963 -7.04476 -53.3082 -60.0086
internal_weight=8780.47 3.2328 8777.23 455.621 0.0551004 455.565 8321.61 0.641112 2.03524 0.243359 454.924 399.939 1.00967 8319.58 35.0236 3.70068 1.35414 8284.55 7691.09 23.3466 0.632876 22.7138 4.90479 593.462 8.23342 0.800471 585.228 15.3726 0.73987 0.504223
internal_count=3571397 423062 3148335 1886292 1340107 546185 1262043 72869 289 72599 473316 289098 1475 1261754 32226 28591 10653 1229528 1093514 5803 201 5602 633 136014 4227 889 131787 8429 4106 3790
cat_boundaries=0 1
cat_threshold=2
is_linear=0
shrinkage=0.05


Tree=59
num_leaves=31
num_cat=1
split_feature=3 4 2 7 8 7 1 4 3 3 7 7 2 12 4 4 8 2 10 3 14 0 3 2 3 0 4 2 4 14
split_gain=1.16652e+07 6.22872e+07 4.94016e+06 7.2313e+07 3.29564e+06 2.17381e+06 767833 1.47675e+08 2.86238e+07 754697 408162 376835 292114 230701 214611 599090 689684 136957 197515 187898 146773 125493 108243 146086 3.16418e+06 161108 124691 429696 481679 274643
threshold=981591.0900000002 74208.785000000018 62826.405000000006 344555.95000000001 726671.25833333342 30928.460000000003 0 14514.900000000001 1.0000000180025095e-35 188459.50000000003 7167.3950000000013 16710825.715000002 184203.81000000003 8.5000000000000018 534056.62500000012 541602.44000000006 267575.08742424246 42917.55000000001 6.5000000000000009 20346.500000000004 1.1596057447604836e-10 8.5000000000000018 972.50000000000011 1341.9300000000003 4545.0000000000009 10.500000000000002 1.0000000180025095e-35 171.64000000000001 2443603.1950000008 1.4779288903810087e-11
decision_type=2 2 2 2 2 2 9 2 2 2 2 2 2 2 2 2 2 2 2 2 2 2 2 2 2 2 2 2 2 2
left_child=6 4 3 -3 -2 -4 21 8 -8 14 -11 -12 13 -7 17 16 -16 20 -19 -20 -9 -1 26 24 -24 -25 -23 28 -28 -29
right_child=1 2 5 -5 -6 12 7 9 -10 10 11 -13 -14 -15 15 -17 -18 18 19 -21 -22 22 23 25 -26 -27 27 29 -30 -31
leaf_value=-6.6393308391722847 -420.98342630251074 -429.01161070831387 -0.90909086223218305 -0.75903226552934111 -0.040443079125006005 -82.329719551010896 55.755797943890151 -0.64281778325138406 -632.52796111731516 -4.3398557541378757 -57.837635174105564 -0.59688030432803463 -15.505643427314471 -0.22142793070971517 -1.0847188413139779 -0.25796746287696032 53.086520066085633 -4.0463399892114671 -34.891586296142599 -6.6400596277394461 -13.446568940129794 0.34879895355658896 69.610724685141449 -5.9815902345747212 -1.8693932423158921 0.1063475391562982 -2.8253458162763856 -1.701320562625422 36.748350561306012 -0.15711384266242123
leaf_weight=6.0925991372878334 0.033762186858978249 0.10102077321703795 26.046902982065397 9.4476908438855567 0.04891393706202507 0.020837663637102127 0.0018259965254600044 28.26980850339082 0.098450310530076468 1.6202840017587989 0.16369325304773008 0.41014145845070971 1.1245742564334666 0.099411278403051778 1.1372173401293404 370.43408359852538 0.13497189715410018 12.020712787726833 0.223978728814067 2.446413553985499 1.4433288108528817 516.49986056880198 0.69841346228187262 9.885020599568632 17.003726427800565 6712.9250979212893 1.2090441945690926 401.64347634060266 0.62783729648955411 1011.5949635317498
leaf_count=6420 15622 21704 16753 65783 2 151461 430705 21447 911063 6536 82204 335 138930 3042 1159 282231 242 74941 39937 33244 10078 20815 187 9074 2370 593248 314 275374 56 355361
internal_value=-0.20881 -27.8821 -16.4408 -45.5303 -402.008 -5.01329 -0.0934311 -2.15725 -580.707 -0.685396 -24.8985 -43.3031 -52.2275 -75.2455 -0.498324 -0.101647 25.4945 -3.74341 -7.53849 -17.8716 -1.68249 0.00878454 0.0142309 0.108799 4.52177 0.096507 -0.31566 -0.558264 18.8848 -0.596875
internal_weight=9133.51 36.9231 36.8404 9.54871 0.0826761 27.2917 9096.58 418.405 0.100276 418.305 2.19412 0.573835 1.24482 0.120249 416.111 371.706 1.27219 44.4042 14.6911 2.67039 29.7131 8678.18 8672.09 6740.51 17.7021 6722.81 1931.58 1415.08 1.83688 1413.24
internal_count=3570638 413297 397673 87487 15624 310186 3157341 1894122 1341768 552354 89075 82539 293433 154503 463279 283632 1401 179647 148122 73181 31525 1263219 1256799 604879 2557 602322 651920 631105 370 630735
cat_boundaries=0 1
cat_threshold=2
is_linear=0
shrinkage=0.05


Tree=60
num_leaves=31
num_cat=1
split_feature=2 3 4 1 4 3 7 7 2 0 0 4 4 2 4 14 2 3 0 3 2 2 8 3 8 7 3 2 3 2
split_gain=5.20476e+07 1.12209e+09 5.37302e+07 1.56e+06 1.77369e+08 996250 2.75491e+06 9.43633e+06 667162 489613 363356 684074 344534 283534 250889 220251 771462 259270 103890 85195.8 144306 7.76923e+06 9.40223e+06 5.86861e+06 252329 510893 151298 1.78975e+06 449166 4.98347e+06
threshold=675815.54500000004 73433.195000000022 226541.50000000003 0 8363.3750000000018 121858.00000000001 30928.460000000003 171555.40000000005 59366.585000000014 8.5000000000000018 1.5000000000000002 393216.74000000005 1.0000000180025095e-35 196805.11000000002 74208.785000000018 1.473381416872144e-10 159029.94000000003 41418.500000000007 304.50000000000006 1877.0800000000002 334744.60000000003 441427.84500000003 1.0000000180025095e-35 85349.000000000015 49185.886250000003 30928.460000000003 335347.20000000007 94753.440000000017 321264.32500000007 323286.61500000005
decision_type=2 2 2 9 2 2 2 2 2 2 2 2 2 2 2 2 2 2 2 2 2 2 2 2 2 2 2 2 2 2
left_child=3 -2 -3 4 -1 15 14 9 -9 -8 11 12 -5 -11 -7 16 -6 -18 -10 -12 26 22 -22 -24 25 -23 28 -28 -21 -30
right_child=1 2 -4 10 5 6 7 8 18 13 19 -13 -14 -15 -16 -17 17 -19 -20 20 21 24 23 -25 -26 -27 27 -29 29 -31
leaf_value=-651.37373686501223 -0.83154088410127314 1739.8933149507857 -31.074660121368481 56.566303190551665 -1.7644553301830816 -24.088733900124854 -3.3829249805134083 -1.5702561401400623 -43.327381776690345 -146.63768909249225 -0.27751644865551833 -1.1295052465135682 -4.34998960420178 -4.9467412973552962 -1.3636158121422015 -0.22227076517840771 -39.737042686661752 -5.9922308979551691 -3.932649492378967 0.17155467348758119 -9.6085771910086759 -42.694558714826307 -6.1401772027341108 -190.85218626650041 0.003951617996868554 -0.39211224982999854 -0.60992292737835885 -41.182002012108143 -5.2345307788962749 110.54420247124285
leaf_weight=0.052609547750192998 21.561118539562461 0.013659117504586728 0.0087123961502017823 0.080210387709898967 26.145751283665227 0.25997568347888389 0.12000308048361441 7.8924789547433027 0.33352937668821103 0.62191963929927818 2011.9624170765264 1.8738945358850048 0.12682853691246276 0.1096457535113603 40.423355017796602 337.01488902382869 0.94134284410715285 1.4083843099143225 0.44376083949113687 6722.8439591452579 4.4264128054108642 0.048069528741291001 0.68657809181634188 0.57268589650945401 646.31901325829165 2.2974414581114955 88.035413392865692 1.8060172935385441 5.5197394270376154 0.099334031178391125
leaf_count=120377 94464 6950 10986 1088 85039 6597 347 87804 332244 21658 1186181 176 232 3956 29168 150957 89457 20140 22195 1121197 12250 7306 25647 11159 18921 605 77104 20399 6438 43
internal_value=0.0565305 75.8759 1694.4 -0.11637 -3.07351 -1.50229 -8.0345 -30.8475 -8.00739 -133.467 0.0167619 17.185 46.5576 -140.525 -2.08337 -0.585572 -4.72894 -27.3395 -35.7067 0.011201 0.0889636 -0.619735 -54.2438 -137.439 -0.0669297 -13.7632 0.157059 -1.86993 0.184399 13.2031
internal_weight=9924.05 21.5835 0.0223715 9902.47 415.768 415.715 50.2047 9.52134 8.66977 0.851568 9486.7 2.08093 0.207039 0.731565 40.6833 365.51 28.4955 2.34973 0.77729 9484.62 7472.65 654.35 5.68568 1.25926 648.665 2.34551 6818.3 89.8414 6728.46 5.61907
internal_count=3571085 112400 17936 3458685 969939 849562 503969 468204 442243 25961 2488746 1496 1320 25614 35765 345593 194636 109597 354439 2487250 1301069 75888 49056 36806 26832 7911 1225181 97503 1127678 6481
cat_boundaries=0 1
cat_threshold=17
is_linear=0
shrinkage=0.05


Tree=61
num_leaves=31
num_cat=1
split_feature=1 9 5 5 14 5 5 10 14 3 0 5 10 14 5 0 3 5 8 5 0 5 3 5 14 3 3 5 5 0
split_gain=1.13142e+06 3.44095e+06 8.29592e+06 5.60579e+07 1.44537e+07 1.06992e+07 1.7646e+06 3.37362e+06 1.63178e+06 1.15916e+06 1.04739e+06 789402 3.51635e+06 399009 1.74414e+06 413806 396322 392427 294297 189713 176795 142227 337327 7.25715e+06 9.03238e+06 842992 574689 1.48974e+07 8.51462e+06 2.39202e+06
threshold=0 87417.665000000023 11.976854053425933 13.760755135118915 1319.7350000000004 12.032857301041735 10.6343714129176 3.5000000000000004 61577.530000000006 892689.65000000014 9.5000000000000018 11.862233116904319 -1.0000000180025095e-35 2.0725110516650605e-10 11.770548430223339 304.50000000000006 5830863.6000000006 10.667059412371819 435831.80444444454 11.847761327616171 15.500000000000002 11.35861627245645 70207.810000000012 10.667059412371819 81140.895000000019 75854.530000000013 55428.500000000007 10.878156619369959 11.175810681935761 68.500000000000014
decision_type=9 2 2 2 2 2 2 2 2 2 2 2 2 2 2 2 2 2 2 2 2 2 2 2 2 2 2 2 2 2
left_child=1 2 6 4 5 -4 7 20 -9 11 -5 12 17 14 -3 18 -7 -8 -16 -19 -1 22 26 -24 25 -25 -2 -28 29 -29
right_child=21 13 3 10 -6 16 9 8 -10 -11 -12 -13 -14 -15 15 -17 -18 19 -20 -21 -22 -23 23 24 -26 -27 27 28 -30 -31
leaf_value=-3.8114500695964537 -0.19584172068198774 -1.1683053398122967 -10.568651829326029 53.080656437160485 -4.7566501941619261 -473.22685252642941 -1.4928592533793346 -123.32139402098201 -2.906804790639951 -0.60494132905663145 -0.80779803281834273 -5.5426561997804713 -0.83907423769572564 -0.19168064728482748 -58.882253245662824 -5.2562708751619738 -4.1506791972363564 -123.69481816084181 -4.1518650706342184 -2.0572906207966724 -18.195640320355107 0.12841153050585141 -0.8272494288926806 -25.190343425891015 -15.036495090582784 -197.29674760956834 -3.0502118668122176 -8.4449057401609533 -44.733700113561852 237.11099929079856
leaf_weight=4.4741892639726037 3620.4044360399416 19.748338768322416 0.19988747095755521 0.063558259819972096 0.3072151922306855 0.038818911953965397 0.10550617333568382 0.18030452538731867 0.43460187879770307 50.786005550025124 5.7373492687852021 4.0218162943880111 2.0929483677309659 321.17917484809874 1.0634750695383373 0.95212730450913041 0.022474728291854672 0.017381847535756847 0.4624277691850901 0.068718845561168598 4.7244122351171614 4547.3827700071306 285.22693573522378 0.4437539727661145 3.9270658579438811 0.070708048223872 17.053273060787536 0.035755399206705174 0.021513514182348814 0.13132890686622706
leaf_count=3261 1208134 172863 3730 837 6480 73804 457 6254 169 16933 11698 6783 9686 420784 243477 26963 3010 33024 16640 664 19878 894168 311121 1386 7951 27010 39042 394 1498 1748
internal_value=-0.188789 -2.69792 -12.5209 -62.929 -328.205 -403.219 -6.86607 -25.4095 -92.7186 -3.29606 7.50002 -21.9183 -40.2807 -0.649962 -6.97871 -39.633 -467.209 -108.848 -50.5082 -117.897 -12.2594 -0.0618598 -0.282308 -1.92143 -59.1216 -163.504 -0.15129 8.70121 179.874 222.348
internal_weight=8891.38 416.681 73.2752 6.3693 0.568396 0.261181 66.9059 9.81351 0.614906 57.0924 5.80091 6.30637 2.28456 343.406 22.2264 2.47803 0.0612936 0.191607 1.5259 0.0861007 9.1986 8474.7 3927.31 289.668 4.44153 0.514462 3637.65 17.2419 0.188598 0.167084
internal_count=3569847 1077395 196668 99559 87024 80544 97109 29562 6423 67547 12535 50614 43831 880727 459943 287080 76814 34145 260117 33688 23139 2492452 1598284 347468 36347 28396 1250816 42682 3640 2142
cat_boundaries=0 1
cat_threshold=17
is_linear=0
shrinkage=0.05


Tree=62
num_leaves=31
num_cat=1
split_feature=1 4 3 14 10 4 3 5 3 3 4 3 5 15 5 3 5 14 3 3 15 10 14 14 9 7 11 11 6 0
split_gain=1.14126e+06 1.40857e+08 5.35563e+07 3.10874e+06 936156 631807 281897 236282 217509 176965 153026 197543 250296 147456 279089 536197 292284 156583 1.11849e+06 3.26028e+06 1.18375e+06 853280 378862 609370 405774 305647 275653 198341 145997 600118
threshold=0 28773.645000000004 1.0000000180025095e-35 622574.39500000014 6.5000000000000009 78540.190000000017 100.26000000000001 12.997772119551803 78786.345000000016 73433.195000000022 155603.57000000004 1091834.8400000001 10.667059412371819 1979595.2450000003 10.936356416624355 200540.16500000001 11.724388948763094 968047.44000000006 53994.500000000007 47431.245000000003 1372145.7050000003 3.5000000000000004 1147933.3700000003 1118649.1450000003 538293.08000000019 1566352.1100000001 1.5000000000000002 1.0000000180025095e-35 30.500000000000004 310.50000000000006
decision_type=9 2 2 2 2 2 2 2 2 2 2 2 2 2 2 2 2 2 2 2 2 2 2 2 2 2 2 2 2 2
left_child=1 2 -1 -4 10 8 -7 -8 -6 -9 11 -3 -13 17 -15 -16 -17 28 19 21 26 22 23 -19 -25 -23 27 -21 -2 -30
right_child=13 4 3 -5 5 6 7 9 -10 -11 -12 12 -14 14 15 16 -18 18 -20 20 -22 25 -24 24 -26 -27 -28 -29 29 -31
leaf_value=48.905008903108637 -0.019979092936081189 -2.6536330317192811 -701.55012477816774 -0.3400581972061319 -2.1262634678581356 -33.394987744605388 -5.1432072496908665 -0.06499776168029732 -54.826706392889747 -36.453427818308491 -0.26853016702265625 -34.112567130319853 -1.5956622104965446 -0.51298826279715237 -4.4031930391395475 -0.27611937733810715 -47.998203934753008 5.4081649830130019 -0.099822830320838329 -0.62804134053791172 -2.7463301672840839 58.707169094492578 -2.0664635089358061 -0.47873061013563389 57.998419456816741 -1.1061584209275446 -1.0569227269168082 118.90965245662281 1.526517016873183 29.247617027746994
leaf_weight=0.16077133103622379 8408.807727415935 14.639971955088471 0.0028433238161563101 0.01705979845326059 0.34311053119236512 0.12115093036216862 23.657179099272575 0.48030250058196233 0.070523546723258113 0.12753270997300714 351.0756427852105 0.24688696885062555 1.327038981245996 85.019398493697281 21.147941688235356 0.45942453997851518 0.16333678989294609 8.3134308372903405 133.17191679418013 0.025012818093680091 0.23140928858077436 0.025571366039427362 11.023231309115129 0.39151037069861977 0.044085088255653992 0.22379033774325394 0.034361266660754966 0.024486020455152364 47.863731541573507 1.0436656510601441
leaf_count=1003 2356881 34704 151527 1497 11569 79752 315561 19018 7965 15350 423920 6928 8024 13477 61916 1043 3256 7310 5764 132 348 582 17804 517 644 1431 77 94 22368 622
internal_value=-0.118586 -2.71895 -548.096 -690.159 -1.14311 -10.3501 -8.09384 -6.65053 -43.5432 -25.6268 -0.495014 -5.09823 -17.9697 0.00183234 -1.83602 -6.75309 -34.6607 0.0248373 1.60221 12.2302 88.7175 6.86255 4.1116 11.3096 41.7138 47.1038 110.784 115.458 -0.00397775 2.69236
internal_weight=9110.28 392.27 0.180674 0.0199031 392.089 24.7998 24.3862 24.265 0.413634 0.607835 367.29 16.2139 1.57393 8718.01 106.79 21.7707 0.622761 8611.22 153.509 20.3369 0.315269 20.0216 19.7723 8.74903 0.435595 0.249362 0.0838601 0.0494988 8457.72 48.9074
internal_count=3571084 1076818 154027 153024 922791 449215 429681 349929 19534 34368 473576 49656 14952 2494266 79692 66215 4299 2414574 34703 28939 651 28288 26275 8471 1161 2013 303 226 2379871 22990
cat_boundaries=0 1
cat_threshold=17
is_linear=0
shrinkage=0.05


Tree=63
num_leaves=31
num_cat=1
split_feature=1 2 14 3 8 14 2 9 0 2 0 0 3 13 6 3 2 10 9 9 3 15 2 10 2 0 10 14 12 2
split_gain=1.1168e+06 4.076e+06 1.98836e+07 5.23241e+07 1.79918e+07 1.05131e+06 1.38659e+06 2.88723e+06 3.71602e+06 1.48343e+06 988512 819927 561474 412006 811278 325481 575508 642646 309400 233705 212825 184395 269874 162896 143252 125059 786290 417776 122266 205468
threshold=0 204502.29500000001 11223.760000000075 1.0000000180025095e-35 827104.89500000014 88393.430000000008 62826.405000000006 87417.665000000023 17.500000000000004 144041.90000000005 298.50000000000006 11.500000000000002 80678.000000000015 23.500000000000004 24.500000000000004 892689.65000000014 111694.895 1.5000000000000002 1484985.5450000002 1338260.6950000003 75854.530000000013 76730.275000000009 146082.49500000002 52.500000000000007 1664289.3950000003 13.500000000000002 1.5000000000000002 431985.2950000001 5.5000000000000009 42917.55000000001
decision_type=9 2 2 2 2 2 2 2 2 2 2 2 2 2 2 2 2 2 2 2 2 2 2 2 2 2 2 2 2 2
left_child=1 5 3 11 -5 6 7 8 -1 15 18 24 -4 28 19 16 17 -8 21 -15 -16 22 -11 -24 -3 26 -7 -28 -2 -30
right_child=13 2 12 4 -6 25 9 -9 -10 10 -12 -13 -14 14 20 -17 -18 -19 -20 -21 -22 -23 23 -25 -26 -27 27 -29 29 -31
leaf_value=-8.3433866388613058 -0.0098980210419170721 58.479300358420872 -1.5446612730896763 -484.79460788008146 -0.78525549225730806 -1.6519469799264688 -62.098581872859235 -2.1816302733976864 -118.54776767327469 -2.5146876652076791 -3.8290543263323515 -0.63497402808765013 -35.59321805988445 57.75047736319739 -3.2103238207439042 -0.29939557023480756 -4.1902982377744475 -3.3006649611296002 -2.5980418637154941 -1.0379556931789071 11.733849458128317 -17.693013968201065 -83.584713592130527 -2.092822751792955 -2.9880365603859365 -0.12042650899481873 -0.69129823077347841 55.014783792574974 -0.33849142952616135 -6.7109895655618743
leaf_weight=1.8318534056101856 8901.6472281296974 0.0013364161562819934 17.643714783702666 0.0066020331696447212 0.24129999603731364 5.8015086462434287 0.0088062691367841728 5.4094322493008109 0.55822517105246894 0.20523929395886698 2.6597141315231014 1.8124043845511635 0.30978315311826321 0.043372923454474771 4.2370876187712101 55.253990006437824 11.781713742452231 1.0881088427022105 0.46754591990728522 0.16019208755564526 3.6174152899069236 1.2721658379075655 0.24549091711715382 0.11997395063193955 0.0023701225291006267 237.57525287139353 0.45113002132141627 0.090843512901691625 41.918851213668752 17.188906627469912
leaf_count=5701 2448880 704 101480 228111 1682 14051 18133 95051 37822 1918 12868 64886 81219 247 3038 76368 36386 39249 5617 295 498 34305 40774 7690 76 171594 795 1075 5471 35630
internal_value=-0.123435 -2.87052 -24.2955 -142.037 -391.838 -1.56775 -6.46917 -25.2678 -61.4606 -4.14951 -28.0616 19.0925 -3.97935 -0.014288 10.6439 -2.02443 -8.87024 -33.1642 -46.3727 49.0593 4.21958 -52.6564 -69.7068 -77.9609 55.3522 0.0776904 6.50422 38.2655 -0.0250756 -2.27256
internal_weight=9313.65 344.839 20.0175 2.06401 0.247902 324.821 80.9023 7.79951 2.39008 73.1027 4.97013 1.81611 17.9535 8968.81 8.05807 68.1326 12.8786 1.09692 2.31042 0.203565 7.8545 1.84287 0.570704 0.365465 0.00370654 243.919 6.34348 0.541974 8960.75 59.1078
internal_count=3571614 1077555 478158 295459 229793 599397 411882 138574 43523 273308 103172 65666 182699 2494059 4078 170136 93768 57382 90304 542 3536 84687 50382 48464 780 187515 15921 1870 2489981 41101
cat_boundaries=0 1
cat_threshold=17
is_linear=0
shrinkage=0.05


Tree=64
num_leaves=31
num_cat=2
split_feature=2 4 8 1 4 13 10 2 12 2 8 10 14 6 0 14 15 15 0 7 7 14 2 14 1 2 0 0 11 2
split_gain=7.51947e+07 7.74672e+08 7.41365e+07 832714 1.87932e+08 5.24007e+06 228512 516726 161199 332463 393867 120937 117851 98331.2 570485 569314 350063 839774 881812 84182.6 124695 1.05685e+06 83758.7 385770 80338.6 157454 144179 768859 356796 79064.9
threshold=675815.54500000004 74208.785000000018 117626.48300000002 0 40471.905000000006 2.5000000000000004 4.5000000000000009 123547.48500000002 5.5000000000000009 42917.55000000001 313389.22585585597 99.500000000000014 140492.58000000016 30.500000000000004 310.50000000000006 150382.71000000008 13289.910000000002 3689.9849999999874 129.50000000000003 5342983.4350000015 5230821.2000000002 1355952.8450000002 252539.39000000004 2103345.9350000005 1 71381.690000000017 13.500000000000002 12.500000000000002 1.0000000180025095e-35 11908.645000000002
decision_type=2 2 2 9 2 2 2 2 2 2 2 2 2 2 2 2 2 2 2 2 2 2 2 2 9 2 2 2 2 2
left_child=3 2 -2 8 5 11 24 -8 13 -10 22 -5 -9 19 16 -16 17 18 -15 20 29 -22 23 -11 26 -26 27 -6 -29 -1
right_child=1 -3 -4 4 6 -7 7 12 9 10 -12 -13 -14 14 15 -17 -18 -19 -20 -21 21 -23 -24 -25 25 -27 -28 28 -30 -31
leaf_value=0.49378915679315549 1517.960779807516 -5.5540253258135515 -4.3949949786460358 -696.19175912720391 -0.65937744035412171 -0.96618855257453995 -1.7365313258075727 -21.247986802453475 -0.35123245698627859 -51.855916410441559 -3.3533401453358529 -0.34451991200933219 -0.83470038460788931 39.523750915272203 -2.0117381055212959 49.380620302117933 -1.0399935581990145 46.317125167363329 -0.93545772916049053 -1.2322710657495666 -1.2643434477861963 48.140120991271026 -8.6079729577542032 -5.9629498356631121 -0.61068557023128944 -6.2430829591219714 0.2032483923594306 52.912990387020095 -0.96191351223466048 -0.049977988996863121
leaf_weight=727.69563134228247 0.00230378979873573 10.180224814721949 0.080643650175058326 0.0013693133179905489 6.0006315924960028 0.030799786259352605 29.837646214175084 3.8690324163988787 41.445380049143282 0.094194958041660448 10.610161758116941 0.0016305225435654359 0.92617140927107477 0.51920190282592926 0.82208309920299238 0.23787453770724021 44.305661765939121 0.31106788134962116 11.497177712792586 139.64052217738936 7.0495384936415197 0.268957699042076 2.1845033166611283 1.325571905705931 161.03136367951154 12.47797666833125 180.35110716996806 0.14558048955985081 0.37189718251622073 8090.6215724050044
leaf_count=44530 15755 91692 4792 1344053 5113 5555 191924 259015 5097 12087 12044 5579 11277 212 674 43 19728 166 4956 67725 3280 160 8420 5400 84703 222140 67795 325 938 1076600
internal_value=0.0323103 129.147 1400.53 -0.12118 -2.33642 -675.659 -0.631775 -4.45166 -0.0219416 -2.68058 -9.00248 -695.409 -18.1305 -0.00526986 2.03461 27.8921 1.07501 8.18453 3.71447 -0.0186229 0.000716516 6.11954 -21.2911 -29.1816 -0.253362 -0.992358 0.462602 7.27183 39.0724 -0.00505436
internal_weight=9483.94 10.2632 0.0829474 9473.67 395.045 0.0337996 395.011 34.6329 9078.63 55.6598 14.2144 0.00299984 4.7952 9022.97 57.6931 1.05996 56.6331 12.3274 12.0164 8965.28 8825.64 7.3185 3.60427 1.41977 360.379 173.509 186.869 6.51811 0.517478 8818.32
internal_count=3571778 112239 20547 3459539 2198417 1355187 843230 462216 1261122 43048 37951 1349632 270292 1218074 25779 717 25062 5334 5168 1192295 1124570 3440 25907 17487 381014 306843 74171 6376 1263 1121130
cat_boundaries=0 1 2
cat_threshold=2 16
is_linear=0
shrinkage=0.05


Tree=65
num_leaves=31
num_cat=1
split_feature=1 4 3 13 10 2 3 2 4 15 8 8 3 10 2 0 9 3 2 14 2 2 3 9 7 14 2 3 2 8
split_gain=951485 1.57955e+08 3.94019e+07 2.66616e+06 688188 644640 427853 406712 160144 165250 141861 610528 1.69112e+06 4.0706e+06 4.66684e+06 275121 169842 413400 2.33752e+06 784565 1.25238e+06 607116 401516 345631 887471 205421 128221 103740 363112 83690.4
threshold=0 49069.340000000004 53.045000000000009 3.5000000000000004 6.5000000000000009 139770.095 10362718.740000002 675815.54500000004 138568.51000000004 10446370.240000004 262954.27500000008 258694.62833333336 37028.000000000007 15.500000000000002 26764.265000000003 310.50000000000006 989708.77500000014 44568.545000000006 174945.67500000002 5.8093974075745798e-11 30273.515000000003 35414.430000000008 55428.500000000007 1006567.0650000001 1566352.1100000001 991290.78000000014 675815.54500000004 125479.34000000001 42917.55000000001 269184.81450000009
decision_type=9 2 2 2 2 2 2 2 2 2 2 2 2 2 2 2 2 2 2 2 2 2 2 2 2 2 2 2 2 2
left_child=1 2 7 -4 -3 -6 8 -1 -7 -10 11 26 -13 15 -15 -14 17 -12 19 20 -19 -22 -20 24 25 -18 -2 28 -21 -30
right_child=10 4 3 -5 5 6 -8 -9 9 -11 16 12 13 14 -16 -17 23 18 22 27 21 -23 -24 -25 -26 -27 -28 -29 29 -31
leaf_value=-8.4116326078748589 0.026773667624430245 -0.44923044065286044 -705.31494654728044 -2.3479317374107285 -3.9006976451479782 -9.8520317593843689 -1.0871667543456358 57.136839064282142 -53.723481691955492 -0.11720355829684587 -0.75363940025080522 -0.64329736284403738 -2.6914087675114113 -0.21989418337741917 157.69837542294829 15.773114325142428 -0.79292274139507224 -0.8509766863508571 -1.5385022879696453 -1.2023776987565931 -0.069798377947214038 -83.594879640627369 -71.109212667502987 -0.27834079674153078 -1.5387952772451639 58.603399098832426 -11.864102586473658 -0.55972492703258148 -2.7047909163711483 -36.83011568740649
leaf_weight=0.015760055720397015 7701.5159292842709 349.2311789682924 0.0048634067532521376 0.020480055229797626 8.0613841341234522 1.0234900351330374 1.0815290434731135 0.053792308666743338 0.75760050862329764 0.16154535114765167 212.32922834991871 19.536233549208156 3.7046706542161889 0.81044524269036955 0.097588560095589472 2.8682131758214382 0.13852950685533974 1.8477451675680039 0.29124833631266334 5.7327346198497873 0.27960697982162658 0.0095662430080079575 0.56534779723749118 832.2428103394351 2.3896754233773763 0.036763913978477197 1.2677786816348078 34.922099052708617 0.4233844953874652 0.08195388081332261
leaf_count=2163 2178338 464846 165121 3577 178338 13314 16540 204 233489 454 116687 9800 1544 93 862 16 321 1376 1824 1232 184 5294 10200 154175 1998 158 3172 3963 298 3000
internal_value=-0.129815 -2.60883 -602.322 -693.569 -0.85649 -12.5873 -29.0182 48.3017 -38.9127 -49.2748 -0.0252573 0.0500776 7.41762 26.0628 90.5041 6.38417 -0.55866 -1.68137 -6.02708 -3.58573 -27.7078 -65.5373 -61.0269 -0.21212 15.3239 50.9236 0.0232762 -1.70576 -7.15712 -29.0323
internal_weight=9181.5 360.412 0.0948958 0.0253435 360.317 11.0855 3.02416 0.0695524 1.94264 0.919146 8821.09 7729.8 27.0172 7.48092 0.908034 6.57288 1091.29 256.483 44.1537 43.2971 2.13692 0.289173 0.856596 834.808 2.56497 0.175293 7702.78 41.1602 6.23807 0.505338
internal_count=3572581 1078046 171065 168698 906981 442135 263797 2367 247257 233943 2494535 2193825 12315 2515 955 1560 300710 144058 27371 15347 6854 5478 12024 156652 2477 479 2181510 8493 4530 3298
cat_boundaries=0 1
cat_threshold=17
is_linear=0
shrinkage=0.05


Tree=66
num_leaves=31
num_cat=2
split_feature=1 14 2 2 1 10 3 0 3 2 7 14 9 2 3 0 0 11 2 9 3 7 2 8 2 3 7 15 8 2
split_gain=790759 3.53767e+06 4.29557e+07 2.61162e+07 2.2618e+06 4.98628e+06 1.06201e+06 254902 486381 165024 124900 894809 374566 189690 370957 137459 121576 101578 679885 3.34581e+06 202061 736821 5.98481e+06 3.05581e+06 1.44096e+06 390123 441173 424315 570250 194959
threshold=0 1.4779288903810087e-11 199425.23500000002 742945.80000000016 1 50.500000000000007 1.0000000180025095e-35 10.500000000000002 42089.000000000007 675815.54500000004 541798.83500000008 534277.50000000012 435070.04000000004 441427.84500000003 30067.500000000004 8.5000000000000018 17.500000000000004 1.0000000180025095e-35 2211.1900000000005 166122.90000000002 188459.50000000003 450780.09500000003 170396.03000000003 148093.16600000003 209716.81500000003 196097.88500000004 1303897.4750000003 5696855.370000002 306394.15906250005 5775.4400000000014
decision_type=9 2 2 2 9 2 2 2 2 2 2 2 2 2 2 2 2 2 2 2 2 2 2 2 2 2 2 2 2 2
left_child=7 2 4 -4 5 -2 -5 8 -1 17 11 -3 16 -12 -15 -16 -13 -9 19 -19 29 22 -22 -24 -25 26 -23 -27 -29 -20
right_child=1 10 3 6 -6 -7 -8 9 -10 -11 13 12 -14 14 15 -17 -18 18 20 -21 21 25 23 24 -26 27 -28 28 -30 -31
leaf_value=-2.7940555838263168 -286.88097979538048 -0.25622612191976663 -388.1522469848577 55.674189527958383 -1.1372181208688805 -2.4825697882035942 -15.811098539793676 -0.086720997025137317 -27.706553776043361 -14.864455037424097 -1.8254451710773687 57.039008219731343 -0.64194062626174264 -1.2846498017222929 -0.68491109355075441 -43.595262864438943 -0.60253236514927622 83.701788977890729 10.829722329661767 -3.196888923500123 -0.88788159547917411 36.501384352846721 -17.513369197671839 -2.3505150965434711 157.12698342983208 0.29696766848536316 -1.5689745958756556 42.054136683628336 -2.6958606146364334 0.011872130506786762
leaf_weight=24.43018961201448 0.033513430583315823 318.9087697206686 0.19761874020795323 0.0023926553868298664 57.781850971583886 0.20188619879800859 0.40394033777370575 7598.6748217270015 1.1672108245853774 0.87354580292594519 52.693249070250872 0.06257587364127655 0.43143356695304813 2.3449941463556709 0.26818956554059215 0.025228105117696464 0.077274826507945635 0.43993831110658899 3.1847099738329225 4.509536749316152 8.136268978213911 0.63117053857932215 0.14787195071398435 0.12850670824129146 0.13967973517216281 128.13484878928318 1.2791482589740211 0.42739333854115025 1.1978738527317314 878.88676141806479
leaf_count=20883 31744 101632 188786 16598 1485294 4170 28440 1049329 6238 4511 361187 157 159 62634 161 24132 129 157 1805 992 1614 96 749 126 340 8766 224 81 439 169469
internal_value=-0.147743 -2.2046 -13.5684 -268.866 -6.39998 -26.6554 23.8952 -0.041867 -4.92922 -0.0268436 -0.454559 -0.0715605 37.5682 -2.62534 -13.7068 -35.2312 52.5983 -0.0236175 0.442794 17.2968 0.344366 2.10032 15.5137 110.383 139.11 1.11868 19.2278 0.707031 20.6065 0.063155
internal_weight=9085.82 433.433 58.6212 0.603952 58.0173 0.2354 0.406333 8652.39 25.5974 8626.79 374.812 319.48 0.571284 55.3317 2.63841 0.293418 0.139851 8625.92 1027.24 4.94948 1022.29 140.223 8.55233 0.416058 0.268186 131.67 1.91032 129.76 1.62527 882.071
internal_count=3571042 2305223 1755032 233824 1521208 35914 45038 1265819 27121 1238698 550191 102077 445 448114 86927 24293 286 1234187 184858 1149 183709 12435 2829 1215 466 9606 320 9286 520 171274
cat_boundaries=0 1 2
cat_threshold=2 16
is_linear=0
shrinkage=0.05


Tree=67
num_leaves=31
num_cat=1
split_feature=3 4 2 1 4 2 14 2 2 3 15 14 7 3 3 3 9 2 4 14 2 15 9 2 2 6 15 2 3 10
split_gain=4.59825e+06 4.30755e+08 3.34284e+07 610357 1.18058e+08 2.59297e+07 570318 1.01443e+06 451065 166375 103220 184493 717365 98292.4 605704 265903 1.34409e+07 1.78376e+07 2.18644e+06 447506 359726 213431 807083 188640 3.97579e+06 799970 720102 1.40831e+06 593890 9.97086e+06
threshold=638511.03500000015 57372.020000000011 30273.515000000003 0 18188.925000000003 1321881.0250000001 1.4779288903810087e-11 441427.84500000003 189306.45500000005 121858.00000000001 685319.04000000015 534277.50000000012 541798.83500000008 99704.085000000006 94470.000000000015 104316.00000000001 211445.05000000002 98470.200000000012 473170.95000000001 299625.80000000005 38976.185000000005 6488823.5850000009 938534.26500000001 105954.84000000001 42917.55000000001 10.500000000000002 1507913.1350000002 174945.67500000002 125479.34000000001 9.5000000000000018
decision_type=2 2 2 9 2 2 2 2 2 2 2 2 2 2 2 2 2 2 2 2 2 2 2 2 2 2 2 2 2 2
left_child=3 2 -2 13 5 -5 7 -6 -3 10 11 -8 -13 14 -1 16 17 -15 -19 20 -18 23 -23 24 -17 -26 28 -28 29 -25
right_child=1 8 -4 4 6 -7 9 -9 -10 -11 -12 12 -14 15 -16 21 19 18 -20 -21 -22 22 -24 26 25 -27 27 -29 -30 -31
leaf_value=-0.13099571972623553 -3.6936024039749777 -0.88047632103303464 1081.47663205661 -578.52301302348121 -5.5019260762755549 -0.38866817786345731 -0.005008264394931022 -52.727094381506134 -26.817419942645486 -18.499033307402193 -3.8702757269804611 38.199043900703238 -2.2615307037749495 -10.757206627495435 -27.556032693556116 -0.61618508306210495 -0.54755646090729904 284.24020540567403 -0.6950201109221541 0.50010819337805157 -40.131451192355136 41.18681619536968 -3.9800288851036267 123.66631221783365 -93.217123748689559 -13.430822670869578 -4.3619238852619482 -67.39489905000876 0.17167199628450966 -1.0481154812255775
leaf_weight=5810.9996079415796 0.069067793151977905 79.379910082019947 0.0017971793911411701 0.080213011518479815 10.554522364690374 0.23804905007267518 357.24553954867872 0.32588620096506637 0.7151589502014265 0.22596598924377431 15.888560238206422 0.53354115175711969 3.48624445198304 1.063961899142964 1.0140129568035252 240.71715623606528 1.1231711786495857 0.041758917078697277 0.066738255321979523 94.644400305492653 0.23785880038862028 0.47701769100978042 2.5396478026135689 0.73025359089567032 0.36658094637778227 0.93422382417807337 4.7621538842499094 0.13795454042754496 3625.6739621829356 21.51620867182422
leaf_count=1103719 21047 279911 7674 1323836 179480 5720 143169 56373 151407 46278 92044 180 5591 2111 6183 17881 666 4022 175 1885 4810 24 859 8691 22555 5246 1943 4747 63685 5924
internal_value=0.00692967 11.8607 1008.03 -0.0874277 -2.00292 -474.423 -0.449327 -11.2359 -1.43996 -0.109448 -0.0495263 0.128717 9.64763 -0.00928278 -0.140521 0.181607 2.75157 125.736 266.454 -0.0309991 -21.5349 0.116844 11.6367 0.104936 -1.24402 -66.6601 0.194628 -17.2592 0.222798 8.18918
internal_weight=10275.8 80.1659 0.070865 10195.6 388.579 0.318262 388.26 10.8804 80.0951 377.38 377.154 361.265 4.01979 9807.05 5812.01 3995.03 97.1779 1.17246 0.108497 96.0054 1.36103 3897.86 3.01667 3894.84 242.018 1.3008 3652.82 4.90011 3647.92 22.2465
internal_count=3567836 460039 28721 3107797 1852671 1329556 523115 235853 431318 287262 240984 148940 5771 1255126 1109902 145224 13669 6308 4197 7361 5476 131555 883 130672 45682 27801 84990 6690 78300 14615
cat_boundaries=0 1
cat_threshold=2
is_linear=0
shrinkage=0.05


Tree=68
num_leaves=31
num_cat=1
split_feature=1 4 2 4 2 4 14 2 11 3 0 14 15 2 3 3 15 9 14 9 3 2 2 2 8 0 2 15 2 3
split_gain=761188 1.26841e+08 1.58933e+07 887665 525399 408340 334695 538538 242438 1.0271e+06 243192 483187 156167 398819 1.23302e+06 312280 167343 123834 119846 93938.3 925306 3.53325e+06 1.88172e+06 1.65245e+06 730054 362015 283821 187176 175228 430124
threshold=0 18188.925000000003 1664289.3950000003 61625.245000000003 8412.3350000000009 21354.565000000006 1.473381416872144e-10 196805.11000000002 4.5000000000000009 309164.30000000005 8.5000000000000018 3354.1400000000008 1979595.2450000003 42917.55000000001 40810.500000000007 813873.76500000013 10446370.240000004 21917.420000000002 438302.81000000006 123028.41500000001 203917.35500000001 161280.05000000002 328696.21000000008 352924.50500000006 49185.886250000003 130.50000000000003 340599.59000000003 9837.1000000002114 1690.1800000000003 142.50000000000003
decision_type=9 2 2 2 2 2 2 2 2 2 2 2 2 2 2 2 2 2 2 2 2 2 2 2 2 2 2 2 2 2
left_child=8 2 -2 4 -3 -6 7 -5 10 -10 11 -1 19 -14 -15 16 -16 -13 -8 20 -12 27 -23 26 25 -21 -24 -22 29 -26
right_child=1 3 -4 6 5 -7 18 -9 9 -11 12 17 13 14 15 -17 -18 -19 -20 24 21 22 23 -25 28 -27 -28 -29 -30 -31
leaf_value=-12.187037089808971 -560.12520044999781 -0.54581603801662082 -0.64276578211522994 -4.7450234017572113 -0.5149038622462524 -67.197550099338713 -0.081751203905331707 -41.460212650918798 -3.3893077681133477 53.575209629629732 -0.29887545308288538 13.827200436236414 -0.58412537927667774 -2.6414055999547741 -55.330461075709763 -0.48024652369088239 -4.062577629021404 -3.2477417135974251 -3.4318580653404775 44.853358540851936 -21.428370602892102 -116.15479849832104 56.84057294593736 -33.867693620099345 -31.194399010455854 -0.38810786496157568 -5.9940000278996353 -0.90837630864068286 0.017175976663357666 -2.1236294338695472
leaf_weight=1.7577200598855132 0.14371533692491228 0.8226229404146771 0.14538899973558711 18.012622426553801 0.31563353794335969 0.030474150839815084 374.05463195622406 0.093814305849469259 2.5183423131114941 0.088242265665579356 2152.6262743548618 7.7758340757731785 55.857498049037076 11.208808451836017 0.82215567090223618 0.42019019183449957 0.36031650030276419 0.82443305091627905 27.752859172021033 0.3575275698199738 0.26694631519236089 0.17300253281747691 0.0038133766502141892 0.37374797445029878 0.50531226429384446 0.63024595773226066 0.008580144950187947 9.9266907313653583 5292.86695939315 9.4447185330519421
leaf_count=3738 1347013 4181 4033 276336 3102 31502 273314 210641 5423 391 273163 155 8715 53776 11196 387 340 2061 154774 67 9341 7094 283 2707 2373 233 265 2142 880051 2072
internal_value=-0.219796 -2.26014 -497.528 -0.795696 -32.7047 -51.9481 -0.629385 -7.09552 -0.102491 12.8579 -0.108807 7.20211 -0.119811 -2.47613 -10.0853 -41.1268 -48.7301 12.0221 -0.321101 -0.0978126 -0.375407 -14.367 -84.5135 3.22927 0.0154645 30.3113 50.3825 -3.31252 0.00410635 -6.31441
internal_weight=7970.19 421.372 0.289104 421.083 1.16873 0.346108 419.914 18.1064 7548.82 2.60658 7546.21 10.358 7535.85 68.669 12.8115 1.60266 1.18247 8.60027 401.807 7467.18 2163.38 10.7528 0.559144 0.386141 5303.8 0.987774 0.0123935 10.1936 5302.82 9.95003
internal_count=3570869 2304896 1351046 953850 38785 34604 915065 486977 1265973 5814 1260159 5954 1254205 74414 65699 11923 11536 2216 428088 1179791 294995 21832 10349 3255 884796 300 548 11483 884496 4445
cat_boundaries=0 1
cat_threshold=2
is_linear=0
shrinkage=0.05


Tree=69
num_leaves=31
num_cat=0
split_feature=9 2 2 3 3 14 0 0 2 3 3 0 0 0 2 2 3 0 3 13 0 3 15 3 15 2 14 2 3 3
split_gain=324157 4.49205e+06 1.30891e+07 8.63524e+06 6.19794e+06 3.15343e+06 2.09363e+06 1.69489e+06 1.19405e+06 1.01172e+06 960569 919701 1.30437e+06 856654 728515 844230 544373 509001 400440 255566 670153 210202 354851 207255 295453 203648 176085 197004 152675 145082
threshold=66915.450000000012 235821.26500000004 212354.70000000004 31471.275000000005 207731.44500000004 63815.27000000007 44.500000000000007 16.500000000000004 441427.84500000003 6145.4750000000013 1.0000000180025095e-35 277.50000000000006 9.5000000000000018 321.50000000000006 184203.81000000003 179600.97000000003 181798.76000000004 37.500000000000007 1.0000000180025095e-35 34.500000000000007 24.500000000000004 174408.02000000005 29588.280000000177 3161798.8050000002 13289.910000000002 5775.4400000000014 28045.490000000016 239130.98500000002 3151.4250000000006 118610.99500000001
decision_type=2 2 2 2 2 2 2 2 2 2 2 2 2 2 2 2 2 2 2 2 2 2 2 2 2 2 2 2 2 2
left_child=1 2 14 8 9 7 -6 -5 11 18 17 12 -3 -9 15 21 -17 -10 -4 -2 -21 29 25 24 -16 -23 27 -14 -12 -1
right_child=19 3 4 5 6 -7 -8 13 10 -11 28 -13 26 -15 23 16 -18 -19 -20 20 -22 22 -24 -25 -26 -27 -28 -29 -30 -31
leaf_value=-0.83766200799139856 -0.07771826889956536 -2.7762360597627502 60.171582386276071 -24.731801983420809 -6.3962844998644393 -1.2465338463622073 228.30693584123549 -158.68354396174919 -6.2462634986925254 -13.505537992661912 -22.957958859777619 -7.3782011855616254 -1.3014550752833103 -3.5741872986757737 -45.434406051524768 -8.3014952108951032 57.570418245143109 52.13628779726205 -5.2990229728068527 -1.7312024367214747 37.501298487498694 -1.6051752884853123 -1.1851745989419964 -1.4586404838162126 -3.0470721181393863 -19.856969675563569 -0.23544162308685831 -104.74157066685635 -5.8189493719913781 0.44222882981088657
leaf_weight=1077.1828981004933 7561.5357727396404 0.68092346249764024 0.0030926731858640357 0.87936588856297992 0.046343154201134863 0.74891150404136375 0.010024050747188283 0.75936622882418225 0.27787445050257925 0.81636381748614839 0.58087117019481027 1.9055648745564222 0.075015537795616594 0.1432954526850313 0.52978356840797236 0.13862096504567167 0.004982599057259395 0.10408905039144717 0.11126589918939478 3.0255770279709391 0.63130187988281239 2.4386289560323062 17.326812391219494 0.82878186924230579 0.77443253088079289 4.1697077506634024 0.052348458790509783 0.016270338079743124 20.639587170465376 277.94985509674484
leaf_count=1198320 1929604 2338 1824 8471 974 288 1601 45364 1179 11746 5535 7525 1152 884 23800 4104 715 2182 3460 1707 9 52491 4392 1138 2133 141309 1455 39231 14242 61481
internal_value=-0.20026 -0.896234 -0.495218 -20.773 127.74 -94.0101 211.951 -118.532 -9.74474 15.501 -4.98341 -35.9819 -61.8091 -148.883 -0.679199 -0.62403 42.3224 35.8737 48.8748 -0.0705164 11.6391 -0.659169 -5.20971 -24.7652 -32.5128 -14.2185 -94.5255 -98.8282 -7.3004 -0.575009
internal_weight=8974.39 1409.2 1382.33 26.8635 0.98709 2.53094 0.0563672 1.78203 24.3325 0.930722 21.6024 2.73012 0.824558 0.902662 1381.34 1379.21 0.143604 0.381964 0.114359 7565.19 3.65688 1379.07 23.9351 2.133 1.30422 6.60834 0.143634 0.0912859 21.2205 1355.13
internal_count=3570654 1639334 1509488 129846 19605 55007 2575 54719 74839 17030 23138 51701 44176 46248 1489883 1462812 4819 3361 5284 1931320 1716 1457993 198192 27071 25933 193800 41838 40383 19777 1259801
is_linear=0
shrinkage=0.05


Tree=70
num_leaves=31
num_cat=1
split_feature=1 3 6 0 2 2 3 14 0 8 2 0 3 2 12 6 9 3 3 2 2 8 2 3 0 0 8 8 3 2
split_gain=550888 2.90668e+06 5.91373e+07 3.54997e+07 899266 760806 1.57947e+06 188072 172704 898801 329672 167167 603856 1.07377e+06 168115 721271 484700 154253 152453 134233 114660 77866.1 112210 192589 76446.5 471937 2.25086e+06 2.07243e+06 443708 793363
threshold=0 1.0000000180025095e-35 1.0000000180025095e-35 15.500000000000002 33214.085000000006 441427.84500000003 80678.000000000015 5.8093974075745798e-11 8.5000000000000018 52577.587500000009 1104257.6900000002 12.500000000000002 44568.545000000006 42917.55000000001 11.500000000000002 23.500000000000004 953773.64000000013 813873.76500000013 2411864.2350000003 199425.23500000002 1341.9300000000003 536915.17125000001 42917.55000000001 52787.680000000008 297.50000000000006 288.50000000000006 230259.7604261364 235913.73937500003 423012.74500000005 441427.84500000003
decision_type=9 2 2 2 2 2 2 2 2 2 2 2 2 2 2 2 2 2 2 2 2 2 2 2 2 2 2 2 2 2
left_child=11 8 3 18 -5 7 -7 -4 9 10 -2 12 -1 -14 21 -16 -17 -15 20 -10 -3 24 -23 -24 25 -13 -27 -28 -26 -30
right_child=1 2 5 4 -6 6 -8 -9 19 -11 -12 14 13 17 15 16 -18 -19 -20 -21 -22 22 23 -25 28 26 27 -29 29 -31
leaf_value=-1.1212005955637687 58.294571620009407 -0.13184607069283577 -9.0099967851302676 -36.425115309442432 -384.86621258326653 -4.9667570040196578 -74.687545860776197 -1.1989860283854865 -10.436863018112748 -0.5543127893164248 -2.9735435654276632 0.00088313364762317213 -1.6578941213800413 -53.06902783403531 -1.9177544103859239 56.345656057852821 -2.1887847151342541 -2.0133157842392366 -2.8068869870015951 0.081074588089011856 -37.187180788055201 -0.98305060790164167 -2.7226879444371153 -24.477864425096261 -0.62947104519183217 2.1498834320988025 97.277106140949215 -3.2632636974434535 -1.9033384425500171 52.667833925862936
leaf_weight=87.424458022374907 0.029358682435336819 0.25698322962366155 7.3490798705547737 0.2496448630601098 0.6480580184031367 3.6792573893683351 0.10785620710286536 108.47040534289782 2.0534620115807902 5.2283580512428562 0.16189236845821139 5923.0907327131872 3.735662417128669 0.73518134541513891 3.9831332438684615 0.073042496934958623 0.4205942201612814 0.25110119071838621 0.98987986921005533 462.27207216092233 0.31464692993459259 19.995336276149114 4.112189825359323 0.50744398377815159 639.74597201906352 20.005301634329484 0.25510995466783648 0.76074669137944861 1.5448449046499479 0.089136578142642864
leaf_count=36999 3648 4591 327763 687913 157083 47290 33275 377569 474658 627 90 1042811 1133 8785 3768 125 587 1031 5432 119792 65863 3890 24005 4137 130855 4129 113 1416 2211 176
internal_value=-0.191454 -1.63925 -8.50717 -212.32 -358.225 -2.59088 -22.1404 -1.76754 0.124865 8.26976 47.4678 -0.0609375 -2.16445 -17.9073 -0.0314025 8.72512 38.3941 -47.6308 -21.3347 0.0122195 -31.2152 -0.0386526 -2.79006 -9.04381 -0.0279457 0.0280471 7.33416 57.7138 -0.546113 19.937
internal_weight=7298.54 591.811 122.066 2.45921 0.897703 119.607 3.78711 115.819 469.745 5.41961 0.191251 6706.73 92.1464 4.72194 6614.58 4.47677 0.493637 0.986283 1.56151 464.326 0.57163 6610.11 24.615 4.61963 6585.49 5944.11 21.0212 1.01586 641.38 1.63398
internal_count=3571765 2305594 1706779 920882 844996 785897 80565 705332 598815 4365 3738 1266171 47948 10949 1218223 4480 712 9816 75886 594450 70454 1213743 32032 28142 1181711 1048469 5658 1529 133242 2387
cat_boundaries=0 1
cat_threshold=2
is_linear=0
shrinkage=0.05


Tree=71
num_leaves=31
num_cat=1
split_feature=3 2 4 1 4 0 14 3 10 14 7 7 14 9 4 0 12 2 7 10 4 14 14 3 0 0 8 7 3 14
split_gain=7.04244e+06 2.78117e+08 6.56919e+07 375860 1.22577e+08 4.17771e+07 5.39271e+06 478116 237596 245515 173640 172665 739532 351530 169139 165749 175150 816067 501324 161957 138628 133381 669653 565902 113082 567012 3.37707e+06 1.71557e+06 466683 977431
threshold=638511.03500000015 196805.11000000002 240623.53500000003 0 18188.925000000003 12.500000000000002 123247.76500000001 139520.00000000003 6.5000000000000009 2.501110429875553e-11 5342983.4350000015 5230821.2000000002 1355952.8450000002 2223024.1850000005 86992.605000000025 8.5000000000000018 10.500000000000002 161280.05000000002 1851781.1400000001 -1.0000000180025095e-35 4184626.8900000006 543222.74500000023 534277.50000000012 78786.345000000016 297.50000000000006 288.50000000000006 230259.7604261364 783575.08500000008 174408.02000000005 1.1596057447604836e-10
decision_type=2 2 2 9 2 2 2 2 2 2 2 2 2 2 2 2 2 2 2 2 2 2 2 2 2 2 2 2 2 2
left_child=3 14 -3 10 5 -5 -7 8 21 -10 11 15 -13 20 19 -1 24 -18 -19 -2 -14 22 -6 -24 25 -17 -27 -28 -26 -30
right_child=1 2 -4 4 7 6 -8 -9 9 -11 -12 12 13 -15 -16 16 17 18 -20 -21 -22 -23 23 -25 28 26 27 -29 29 -31
leaf_value=-10.519277838472739 -4.0435992142409196 913.11205545841699 -29.456361069130423 27.206698359685539 -0.073390978771270349 -646.52062420278901 -0.1385678478391584 -32.788935245992626 -22.519724104539122 -1.1360794237948351 -1.7631165734323657 -1.8809064450231501 -0.83187332692506333 -0.1908840993335344 -1.4622872539666696 0.021330145763571829 -1.111571422596733 60.336927028551401 -7.0260985822308903 -24.993395887698401 57.568180995299635 -5.6699658906677683 -2.396205787122434 50.462180238605299 -0.49834175624695476 2.4526338088724371 116.28753552334777 -2.6513530324761021 -43.070711832986177 -2.2768266601520835
leaf_weight=2.7497870586030322 3.508118144436752 0.050301144393829766 0.15095571307474082 0.21562889219423087 524.48194239822453 0.015583675354271471 0.033785525709255797 0.12683196465138635 1.4008627999017469 3.3045761312125106 141.5896697190401 4.1627818959015634 0.081218395820891104 0.42571382770496191 32.956666695270059 7738.9625258884189 3.9948022025317647 0.0078002315375122746 0.12465752679991829 0.57498424660844172 0.051923130356762853 9.4500209732057083 0.72385218029250065 0.20827678919455128 622.9250395178907 16.591007540796276 0.038530393349923586 0.36672569925683463 0.98832244753162779 6.0976149104488409
leaf_count=5984 22209 5196 140990 57023 167646 1264505 9426 78024 160178 56802 101892 3409 234 88 281233 1008717 2801 174 3191 10543 174 59869 792 72 116309 4064 296 966 6175 1249
internal_value=-0.024556 21.3873 770.139 -0.11473 -1.38044 -493.017 -625.846 -0.253192 -0.184893 -10.3344 -0.0328867 -0.0035458 8.67934 38.0893 -2.81962 -0.00946463 -0.00476631 9.23369 46.7131 -11.3313 52.6438 -0.0764752 0.0346988 29.4166 -0.0104141 0.0419479 8.90678 83.3581 -0.654088 -12.5902
internal_weight=9116.36 37.241 0.201257 9079.12 539.961 0.264998 0.0493692 539.696 539.57 4.70544 8539.16 8397.57 4.72164 0.558855 37.0398 8392.85 8390.1 4.12726 0.132458 4.0831 0.133142 534.864 525.414 0.932129 8385.97 7755.96 16.9963 0.405256 630.011 7.08594
internal_count=3570231 460171 146186 3110060 1854337 1330954 1273931 523383 445359 216980 1255723 1153831 3905 496 313985 1149926 1143942 6166 3365 32752 408 228379 168510 864 1137776 1014043 5326 1262 123733 7424
cat_boundaries=0 1
cat_threshold=2
is_linear=0
shrinkage=0.05


end of trees

feature_importances:
oldbalanceOrg=450
amount=437
oldbalanceDest=234
step=189
destination_amount_sum_prev_5=112
destination_amount_mean_before=103
destination_amount_max_before=97
destination_time_since_last=97
destination_amount_sum_before=95
type=87
log_amount=81
destination_amount_sum_prev_24=70
destination_txn_count_before=49
destination_txn_count_prev_24=28
destination_txn_count_prev_5=18
destination_txn_count_prev_1=13

parameters:
[boosting: gbdt]
[objective: binary]
[metric: auc,binary_logloss]
[tree_learner: serial]
[device_type: cpu]
[data_sample_strategy: bagging]
[data: ]
[valid: ]
[num_iterations: 1500]
[learning_rate: 0.05]
[num_leaves: 31]
[num_threads: 12]
[seed: 42]
[deterministic: 0]
[force_col_wise: 0]
[force_row_wise: 0]
[histogram_pool_size: -1]
[max_depth: -1]
[min_data_in_leaf: 100]
[min_sum_hessian_in_leaf: 0.001]
[bagging_fraction: 0.8]
[pos_bagging_fraction: 1]
[neg_bagging_fraction: 1]
[bagging_freq: 1]
[bagging_seed: 400]
[bagging_by_query: 0]
[feature_fraction: 0.9]
[feature_fraction_bynode: 1]
[feature_fraction_seed: 30056]
[extra_trees: 0]
[extra_seed: 12879]
[early_stopping_round: 0]
[early_stopping_min_delta: 0]
[first_metric_only: 0]
[max_delta_step: 0]
[lambda_l1: 0.1]
[lambda_l2: 1]
[linear_lambda: 0]
[min_gain_to_split: 0]
[drop_rate: 0.1]
[max_drop: 50]
[skip_drop: 0.5]
[xgboost_dart_mode: 0]
[uniform_drop: 0]
[drop_seed: 17869]
[top_rate: 0.2]
[other_rate: 0.1]
[min_data_per_group: 100]
[max_cat_threshold: 32]
[cat_l2: 10]
[cat_smooth: 10]
[max_cat_to_onehot: 4]
[top_k: 20]
[monotone_constraints: ]
[monotone_constraints_method: basic]
[monotone_penalty: 0]
[feature_contri: ]
[forcedsplits_filename: ]
[refit_decay_rate: 0.9]
[cegb_tradeoff: 1]
[cegb_penalty_split: 0]
[cegb_penalty_feature_lazy: ]
[cegb_penalty_feature_coupled: ]
[path_smooth: 0]
[interaction_constraints: ]
[verbosity: -1]
[saved_feature_importance_type: 0]
[use_quantized_grad: 0]
[num_grad_quant_bins: 4]
[quant_train_renew_leaf: 0]
[stochastic_rounding: 1]
[linear_tree: 0]
[max_bin: 255]
[max_bin_by_feature: ]
[min_data_in_bin: 3]
[bin_construct_sample_cnt: 200000]
[data_random_seed: 175]
[is_enable_sparse: 1]
[enable_bundle: 1]
[use_missing: 1]
[zero_as_missing: 0]
[feature_pre_filter: 1]
[pre_partition: 0]
[two_round: 0]
[header: 0]
[label_column: ]
[weight_column: ]
[group_column: ]
[ignore_column: ]
[categorical_feature: 1]
[forcedbins_filename: ]
[precise_float_parser: 0]
[parser_config_file: ]
[objective_seed: 16083]
[num_class: 1]
[is_unbalance: 0]
[scale_pos_weight: 1224.25]
[sigmoid: 1]
[boost_from_average: 1]
[reg_sqrt: 0]
[alpha: 0.9]
[fair_c: 1]
[poisson_max_delta_step: 0.7]
[tweedie_variance_power: 1.5]
[lambdarank_truncation_level: 30]
[lambdarank_norm: 1]
[label_gain: ]
[lambdarank_position_bias_regularization: 0]
[eval_at: ]
[multi_error_top_k: 1]
[auc_mu_weights: ]
[num_machines: 1]
[local_listen_port: 12400]
[time_out: 120]
[machine_list_filename: ]
[machines: ]
[gpu_platform_id: -1]
[gpu_device_id: -1]
[gpu_device_id_list: ]
[gpu_use_dp: 0]
[num_gpu: 1]

end of parameters

pandas_categorical:[["CASH_IN", "CASH_OUT", "DEBIT", "PAYMENT", "TRANSFER"]]
